region_id,ts,estimated_supply,estimated_demand,estimated_gap,congestion_score,price_factor,dispatch_priority,feature_schema_version,source_mode
R1,2026-01-01T00:00:00,6.0,0.465,5.535,0.7,1.5786,0.0,step11.v1,fallback_raw
R1,2026-01-01T00:15:00,9.0,0.465,8.535,0.55,1.4586,0.0,step11.v1,fallback_raw
R1,2026-01-01T00:30:00,7.0,0.465,6.535,0.65,1.5386,0.0,step11.v1,fallback_raw
R1,2026-01-01T00:45:00,11.0,0.465,10.535,0.45,1.3786,0.0,step11.v1,fallback_raw
R1,2026-01-01T01:00:00,9.0,0.43,8.57,0.55,1.4572,0.0,step11.v1,fallback_raw
R1,2026-01-01T01:15:00,9.0,0.43,8.57,0.55,1.4572,0.0,step11.v1,fallback_raw
R1,2026-01-01T01:30:00,9.0,0.43,8.57,0.55,1.4572,0.0,step11.v1,fallback_raw
R1,2026-01-01T01:45:00,11.0,0.43,10.57,0.45,1.3772,0.0,step11.v1,fallback_raw
R1,2026-01-01T02:00:00,8.0,0.445,7.555,0.6,1.4978,0.0,step11.v1,fallback_raw
R1,2026-01-01T02:15:00,4.0,0.445,3.555,0.8,1.6578,0.0,step11.v1,fallback_raw
R1,2026-01-01T02:30:00,9.0,0.445,8.555,0.55,1.4578,0.0,step11.v1,fallback_raw
R1,2026-01-01T02:45:00,2.0,0.445,1.555,0.9,1.7378,0.0,step11.v1,fallback_raw
R1,2026-01-01T03:00:00,10.0,0.465,9.535,0.5,1.4186,0.0,step11.v1,fallback_raw
R1,2026-01-01T03:15:00,10.0,0.465,9.535,0.5,1.4186,0.0,step11.v1,fallback_raw
R1,2026-01-01T03:30:00,7.0,0.465,6.535,0.65,1.5386,0.0,step11.v1,fallback_raw
R1,2026-01-01T03:45:00,11.0,0.465,10.535,0.45,1.3786,0.0,step11.v1,fallback_raw
R1,2026-01-01T04:00:00,8.0,0.525,7.475,0.6,1.501,0.0,step11.v1,fallback_raw
R1,2026-01-01T04:15:00,9.0,0.525,8.475,0.55,1.461,0.0,step11.v1,fallback_raw
R1,2026-01-01T04:30:00,7.0,0.525,6.475,0.65,1.541,0.0,step11.v1,fallback_raw
R1,2026-01-01T04:45:00,8.0,0.525,7.475,0.6,1.501,0.0,step11.v1,fallback_raw
R1,2026-01-01T05:00:00,9.0,0.455,8.545,0.55,1.4582,0.0,step11.v1,fallback_raw
R1,2026-01-01T05:15:00,9.0,0.455,8.545,0.55,1.4582,0.0,step11.v1,fallback_raw
R1,2026-01-01T05:30:00,1.0,0.455,0.545,0.95,1.7782,0.0,step11.v1,fallback_raw
R1,2026-01-01T05:45:00,11.0,0.455,10.545,0.45,1.3782,0.0,step11.v1,fallback_raw
R1,2026-01-01T06:00:00,10.0,0.46,9.54,0.5,1.4184,0.0,step11.v1,fallback_raw
R1,2026-01-01T06:15:00,9.0,0.46,8.54,0.55,1.4584,0.0,step11.v1,fallback_raw
R1,2026-01-01T06:30:00,10.0,0.46,9.54,0.5,1.4184,0.0,step11.v1,fallback_raw
R1,2026-01-01T06:45:00,6.0,0.46,5.54,0.7,1.5784,0.0,step11.v1,fallback_raw
R1,2026-01-01T07:00:00,7.0,3.435,3.565,0.65,1.6574,0.0,step11.v1,fallback_raw
R1,2026-01-01T07:15:00,10.0,3.435,6.565,0.5,1.5374,0.0,step11.v1,fallback_raw
R1,2026-01-01T07:30:00,9.0,3.435,5.565,0.55,1.5774,0.0,step11.v1,fallback_raw
R1,2026-01-01T07:45:00,4.0,3.435,0.565,0.8,1.7774,0.0,step11.v1,fallback_raw
R1,2026-01-01T08:00:00,8.0,3.455,4.545,0.6,1.6182,0.0,step11.v1,fallback_raw
R1,2026-01-01T08:15:00,12.0,3.455,8.545,0.4,1.4582,0.0,step11.v1,fallback_raw
R1,2026-01-01T08:30:00,4.0,3.455,0.545,0.8,1.7782,0.0,step11.v1,fallback_raw
R1,2026-01-01T08:45:00,5.0,3.455,1.545,0.75,1.7382,0.0,step11.v1,fallback_raw
R1,2026-01-01T09:00:00,7.0,3.47,3.53,0.65,1.6588,0.0,step11.v1,fallback_raw
R1,2026-01-01T09:15:00,10.0,3.47,6.53,0.5,1.5388,0.0,step11.v1,fallback_raw
R1,2026-01-01T09:30:00,5.0,3.47,1.53,0.75,1.7388,0.0,step11.v1,fallback_raw
R1,2026-01-01T09:45:00,11.0,3.47,7.53,0.45,1.4988,0.0,step11.v1,fallback_raw
R1,2026-01-01T10:00:00,8.0,1.545,6.455,0.6,1.5418,0.0,step11.v1,fallback_raw
R1,2026-01-01T10:15:00,10.0,1.545,8.455,0.5,1.4618,0.0,step11.v1,fallback_raw
R1,2026-01-01T10:30:00,8.0,1.545,6.455,0.6,1.5418,0.0,step11.v1,fallback_raw
R1,2026-01-01T10:45:00,9.0,1.545,7.455,0.55,1.5018,0.0,step11.v1,fallback_raw
R1,2026-01-01T11:00:00,8.0,1.6,6.4,0.6,1.544,0.0,step11.v1,fallback_raw
R1,2026-01-01T11:15:00,11.0,1.6,9.4,0.45,1.424,0.0,step11.v1,fallback_raw
R1,2026-01-01T11:30:00,7.0,1.6,5.4,0.65,1.584,0.0,step11.v1,fallback_raw
R1,2026-01-01T11:45:00,9.0,1.6,7.4,0.55,1.504,0.0,step11.v1,fallback_raw
R1,2026-01-01T12:00:00,14.0,1.555,12.445,0.3,1.3022,0.0,step11.v1,fallback_raw
R1,2026-01-01T12:15:00,9.0,1.555,7.445,0.55,1.5022,0.0,step11.v1,fallback_raw
R1,2026-01-01T12:30:00,7.0,1.555,5.445,0.65,1.5822,0.0,step11.v1,fallback_raw
R1,2026-01-01T12:45:00,6.0,1.555,4.445,0.7,1.6222,0.0,step11.v1,fallback_raw
R1,2026-01-01T13:00:00,10.0,1.52,8.48,0.5,1.4608,0.0,step11.v1,fallback_raw
R1,2026-01-01T13:15:00,10.0,1.52,8.48,0.5,1.4608,0.0,step11.v1,fallback_raw
R1,2026-01-01T13:30:00,6.0,1.52,4.48,0.7,1.6208,0.0,step11.v1,fallback_raw
R1,2026-01-01T13:45:00,11.0,1.52,9.48,0.45,1.4208,0.0,step11.v1,fallback_raw
R1,2026-01-01T14:00:00,7.0,1.495,5.505,0.65,1.5798,0.0,step11.v1,fallback_raw
R1,2026-01-01T14:15:00,8.0,1.495,6.505,0.6,1.5398,0.0,step11.v1,fallback_raw
R1,2026-01-01T14:30:00,10.0,1.495,8.505,0.5,1.4598,0.0,step11.v1,fallback_raw
R1,2026-01-01T14:45:00,9.0,1.495,7.505,0.55,1.4998,0.0,step11.v1,fallback_raw
R1,2026-01-01T15:00:00,8.0,1.615,6.385,0.6,1.5446,0.0,step11.v1,fallback_raw
R1,2026-01-01T15:15:00,8.0,1.615,6.385,0.6,1.5446,0.0,step11.v1,fallback_raw
R1,2026-01-01T15:30:00,9.0,1.615,7.385,0.55,1.5046,0.0,step11.v1,fallback_raw
R1,2026-01-01T15:45:00,6.0,1.615,4.385,0.7,1.6246,0.0,step11.v1,fallback_raw
R1,2026-01-01T16:00:00,7.0,1.5,5.5,0.65,1.58,0.0,step11.v1,fallback_raw
R1,2026-01-01T16:15:00,8.0,1.5,6.5,0.6,1.54,0.0,step11.v1,fallback_raw
R1,2026-01-01T16:30:00,12.0,1.5,10.5,0.4,1.38,0.0,step11.v1,fallback_raw
R1,2026-01-01T16:45:00,14.0,1.5,12.5,0.3,1.3,0.0,step11.v1,fallback_raw
R1,2026-01-01T17:00:00,10.0,3.46,6.54,0.5,1.5384,0.0,step11.v1,fallback_raw
R1,2026-01-01T17:15:00,10.0,3.46,6.54,0.5,1.5384,0.0,step11.v1,fallback_raw
R1,2026-01-01T17:30:00,8.0,3.46,4.54,0.6,1.6184,0.0,step11.v1,fallback_raw
R1,2026-01-01T17:45:00,7.0,3.46,3.54,0.65,1.6584,0.0,step11.v1,fallback_raw
R1,2026-01-01T18:00:00,12.0,3.515,8.485,0.4,1.4606,0.0,step11.v1,fallback_raw
R1,2026-01-01T18:15:00,9.0,3.515,5.485,0.55,1.5806,0.0,step11.v1,fallback_raw
R1,2026-01-01T18:30:00,8.0,3.515,4.485,0.6,1.6206,0.0,step11.v1,fallback_raw
R1,2026-01-01T18:45:00,14.0,3.515,10.485,0.3,1.3806,0.0,step11.v1,fallback_raw
R1,2026-01-01T19:00:00,8.0,3.51,4.49,0.6,1.6204,0.0,step11.v1,fallback_raw
R1,2026-01-01T19:15:00,9.0,3.51,5.49,0.55,1.5804,0.0,step11.v1,fallback_raw
R1,2026-01-01T19:30:00,9.0,3.51,5.49,0.55,1.5804,0.0,step11.v1,fallback_raw
R1,2026-01-01T19:45:00,8.0,3.51,4.49,0.6,1.6204,0.0,step11.v1,fallback_raw
R1,2026-01-01T20:00:00,11.0,0.48,10.52,0.45,1.3792,0.0,step11.v1,fallback_raw
R1,2026-01-01T20:15:00,8.0,0.48,7.52,0.6,1.4992,0.0,step11.v1,fallback_raw
R1,2026-01-01T20:30:00,8.0,0.48,7.52,0.6,1.4992,0.0,step11.v1,fallback_raw
R1,2026-01-01T20:45:00,8.0,0.48,7.52,0.6,1.4992,0.0,step11.v1,fallback_raw
R1,2026-01-01T21:00:00,10.0,0.46,9.54,0.5,1.4184,0.0,step11.v1,fallback_raw
R1,2026-01-01T21:15:00,5.0,0.46,4.54,0.75,1.6184,0.0,step11.v1,fallback_raw
R1,2026-01-01T21:30:00,14.0,0.46,13.54,0.3,1.2584,0.0,step11.v1,fallback_raw
R1,2026-01-01T21:45:00,8.0,0.46,7.54,0.6,1.4984,0.0,step11.v1,fallback_raw
R1,2026-01-01T22:00:00,10.0,0.49,9.51,0.5,1.4196,0.0,step11.v1,fallback_raw
R1,2026-01-01T22:15:00,10.0,0.49,9.51,0.5,1.4196,0.0,step11.v1,fallback_raw
R1,2026-01-01T22:30:00,9.0,0.49,8.51,0.55,1.4596,0.0,step11.v1,fallback_raw
R1,2026-01-01T22:45:00,8.0,0.49,7.51,0.6,1.4996,0.0,step11.v1,fallback_raw
R1,2026-01-01T23:00:00,10.0,0.475,9.525,0.5,1.419,0.0,step11.v1,fallback_raw
R1,2026-01-01T23:15:00,14.0,0.475,13.525,0.3,1.259,0.0,step11.v1,fallback_raw
R1,2026-01-01T23:30:00,8.0,0.475,7.525,0.6,1.499,0.0,step11.v1,fallback_raw
R1,2026-01-01T23:45:00,8.0,0.475,7.525,0.6,1.499,0.0,step11.v1,fallback_raw
R1,2026-01-02T00:00:00,8.0,0.48,7.52,0.6,1.4992,0.0,step11.v1,fallback_raw
R1,2026-01-02T00:15:00,9.0,0.48,8.52,0.55,1.4592,0.0,step11.v1,fallback_raw
R1,2026-01-02T00:30:00,8.0,0.48,7.52,0.6,1.4992,0.0,step11.v1,fallback_raw
R1,2026-01-02T00:45:00,7.0,0.48,6.52,0.65,1.5392,0.0,step11.v1,fallback_raw
R1,2026-01-02T01:00:00,10.0,0.385,9.615,0.5,1.4154,0.0,step11.v1,fallback_raw
R1,2026-01-02T01:15:00,9.0,0.385,8.615,0.55,1.4554,0.0,step11.v1,fallback_raw
R1,2026-01-02T01:30:00,6.0,0.385,5.615,0.7,1.5754,0.0,step11.v1,fallback_raw
R1,2026-01-02T01:45:00,8.0,0.385,7.615,0.6,1.4954,0.0,step11.v1,fallback_raw
R1,2026-01-02T02:00:00,11.0,0.48,10.52,0.45,1.3792,0.0,step11.v1,fallback_raw
R1,2026-01-02T02:15:00,11.0,0.48,10.52,0.45,1.3792,0.0,step11.v1,fallback_raw
R1,2026-01-02T02:30:00,7.0,0.48,6.52,0.65,1.5392,0.0,step11.v1,fallback_raw
R1,2026-01-02T02:45:00,8.0,0.48,7.52,0.6,1.4992,0.0,step11.v1,fallback_raw
R1,2026-01-02T03:00:00,9.0,0.54,8.46,0.55,1.4616,0.0,step11.v1,fallback_raw
R1,2026-01-02T03:15:00,8.0,0.54,7.46,0.6,1.5016,0.0,step11.v1,fallback_raw
R1,2026-01-02T03:30:00,4.0,0.54,3.46,0.8,1.6616,0.0,step11.v1,fallback_raw
R1,2026-01-02T03:45:00,7.0,0.54,6.46,0.65,1.5416,0.0,step11.v1,fallback_raw
R1,2026-01-02T04:00:00,11.0,0.435,10.565,0.45,1.3774,0.0,step11.v1,fallback_raw
R1,2026-01-02T04:15:00,8.0,0.435,7.565,0.6,1.4974,0.0,step11.v1,fallback_raw
R1,2026-01-02T04:30:00,4.0,0.435,3.565,0.8,1.6574,0.0,step11.v1,fallback_raw
R1,2026-01-02T04:45:00,8.0,0.435,7.565,0.6,1.4974,0.0,step11.v1,fallback_raw
R1,2026-01-02T05:00:00,9.0,0.415,8.585,0.55,1.4566,0.0,step11.v1,fallback_raw
R1,2026-01-02T05:15:00,7.0,0.415,6.585,0.65,1.5366,0.0,step11.v1,fallback_raw
R1,2026-01-02T05:30:00,8.0,0.415,7.585,0.6,1.4966,0.0,step11.v1,fallback_raw
R1,2026-01-02T05:45:00,7.0,0.415,6.585,0.65,1.5366,0.0,step11.v1,fallback_raw
R1,2026-01-02T06:00:00,8.0,0.525,7.475,0.6,1.501,0.0,step11.v1,fallback_raw
R1,2026-01-02T06:15:00,10.0,0.525,9.475,0.5,1.421,0.0,step11.v1,fallback_raw
R1,2026-01-02T06:30:00,9.0,0.525,8.475,0.55,1.461,0.0,step11.v1,fallback_raw
R1,2026-01-02T06:45:00,11.0,0.525,10.475,0.45,1.381,0.0,step11.v1,fallback_raw
R1,2026-01-02T07:00:00,9.0,3.525,5.475,0.55,1.581,0.0,step11.v1,fallback_raw
R1,2026-01-02T07:15:00,11.0,3.525,7.475,0.45,1.501,0.0,step11.v1,fallback_raw
R1,2026-01-02T07:30:00,8.0,3.525,4.475,0.6,1.621,0.0,step11.v1,fallback_raw
R1,2026-01-02T07:45:00,11.0,3.525,7.475,0.45,1.501,0.0,step11.v1,fallback_raw
R1,2026-01-02T08:00:00,7.0,3.465,3.535,0.65,1.6586,0.0,step11.v1,fallback_raw
R1,2026-01-02T08:15:00,7.0,3.465,3.535,0.65,1.6586,0.0,step11.v1,fallback_raw
R1,2026-01-02T08:30:00,9.0,3.465,5.535,0.55,1.5786,0.0,step11.v1,fallback_raw
R1,2026-01-02T08:45:00,9.0,3.465,5.535,0.55,1.5786,0.0,step11.v1,fallback_raw
R1,2026-01-02T09:00:00,7.0,3.455,3.545,0.65,1.6582,0.0,step11.v1,fallback_raw
R1,2026-01-02T09:15:00,8.0,3.455,4.545,0.6,1.6182,0.0,step11.v1,fallback_raw
R1,2026-01-02T09:30:00,8.0,3.455,4.545,0.6,1.6182,0.0,step11.v1,fallback_raw
R1,2026-01-02T09:45:00,7.0,3.455,3.545,0.65,1.6582,0.0,step11.v1,fallback_raw
R1,2026-01-02T10:00:00,7.0,1.585,5.415,0.65,1.5834,0.0,step11.v1,fallback_raw
R1,2026-01-02T10:15:00,8.0,1.585,6.415,0.6,1.5434,0.0,step11.v1,fallback_raw
R1,2026-01-02T10:30:00,6.0,1.585,4.415,0.7,1.6234,0.0,step11.v1,fallback_raw
R1,2026-01-02T10:45:00,12.0,1.585,10.415,0.4,1.3834,0.0,step11.v1,fallback_raw
R1,2026-01-02T11:00:00,11.0,1.645,9.355,0.45,1.4258,0.0,step11.v1,fallback_raw
R1,2026-01-02T11:15:00,7.0,1.645,5.355,0.65,1.5858,0.0,step11.v1,fallback_raw
R1,2026-01-02T11:30:00,10.0,1.645,8.355,0.5,1.4658,0.0,step11.v1,fallback_raw
R1,2026-01-02T11:45:00,5.0,1.645,3.355,0.75,1.6658,0.0,step11.v1,fallback_raw
R1,2026-01-02T12:00:00,9.0,1.565,7.435,0.55,1.5026,0.0,step11.v1,fallback_raw
R1,2026-01-02T12:15:00,7.0,1.565,5.435,0.65,1.5826,0.0,step11.v1,fallback_raw
R1,2026-01-02T12:30:00,10.0,1.565,8.435,0.5,1.4626,0.0,step11.v1,fallback_raw
R1,2026-01-02T12:45:00,10.0,1.565,8.435,0.5,1.4626,0.0,step11.v1,fallback_raw
R1,2026-01-02T13:00:00,6.0,1.54,4.46,0.7,1.6216,0.0,step11.v1,fallback_raw
R1,2026-01-02T13:15:00,10.0,1.54,8.46,0.5,1.4616,0.0,step11.v1,fallback_raw
R1,2026-01-02T13:30:00,5.0,1.54,3.46,0.75,1.6616,0.0,step11.v1,fallback_raw
R1,2026-01-02T13:45:00,12.0,1.54,10.46,0.4,1.3816,0.0,step11.v1,fallback_raw
R1,2026-01-02T14:00:00,7.0,1.615,5.385,0.65,1.5846,0.0,step11.v1,fallback_raw
R1,2026-01-02T14:15:00,6.0,1.615,4.385,0.7,1.6246,0.0,step11.v1,fallback_raw
R1,2026-01-02T14:30:00,7.0,1.615,5.385,0.65,1.5846,0.0,step11.v1,fallback_raw
R1,2026-01-02T14:45:00,6.0,1.615,4.385,0.7,1.6246,0.0,step11.v1,fallback_raw
R1,2026-01-02T15:00:00,8.0,1.615,6.385,0.6,1.5446,0.0,step11.v1,fallback_raw
R1,2026-01-02T15:15:00,9.0,1.615,7.385,0.55,1.5046,0.0,step11.v1,fallback_raw
R1,2026-01-02T15:30:00,9.0,1.615,7.385,0.55,1.5046,0.0,step11.v1,fallback_raw
R1,2026-01-02T15:45:00,8.0,1.615,6.385,0.6,1.5446,0.0,step11.v1,fallback_raw
R1,2026-01-02T16:00:00,12.0,1.59,10.41,0.4,1.3836,0.0,step11.v1,fallback_raw
R1,2026-01-02T16:15:00,4.0,1.59,2.41,0.8,1.7036,0.0,step11.v1,fallback_raw
R1,2026-01-02T16:30:00,6.0,1.59,4.41,0.7,1.6236,0.0,step11.v1,fallback_raw
R1,2026-01-02T16:45:00,11.0,1.59,9.41,0.45,1.4236,0.0,step11.v1,fallback_raw
R1,2026-01-02T17:00:00,8.0,3.46,4.54,0.6,1.6184,0.0,step11.v1,fallback_raw
R1,2026-01-02T17:15:00,8.0,3.46,4.54,0.6,1.6184,0.0,step11.v1,fallback_raw
R1,2026-01-02T17:30:00,8.0,3.46,4.54,0.6,1.6184,0.0,step11.v1,fallback_raw
R1,2026-01-02T17:45:00,11.0,3.46,7.54,0.45,1.4984,0.0,step11.v1,fallback_raw
R1,2026-01-02T18:00:00,7.0,3.425,3.575,0.65,1.657,0.0,step11.v1,fallback_raw
R1,2026-01-02T18:15:00,10.0,3.425,6.575,0.5,1.537,0.0,step11.v1,fallback_raw
R1,2026-01-02T18:30:00,6.0,3.425,2.575,0.7,1.697,0.0,step11.v1,fallback_raw
R1,2026-01-02T18:45:00,13.0,3.425,9.575,0.35,1.417,0.0,step11.v1,fallback_raw
R1,2026-01-02T19:00:00,6.0,3.53,2.47,0.7,1.7012,0.0,step11.v1,fallback_raw
R1,2026-01-02T19:15:00,11.0,3.53,7.47,0.45,1.5012,0.0,step11.v1,fallback_raw
R1,2026-01-02T19:30:00,5.0,3.53,1.47,0.75,1.7412,0.0,step11.v1,fallback_raw
R1,2026-01-02T19:45:00,10.0,3.53,6.47,0.5,1.5412,0.0,step11.v1,fallback_raw
R1,2026-01-02T20:00:00,9.0,0.505,8.495,0.55,1.4602,0.0,step11.v1,fallback_raw
R1,2026-01-02T20:15:00,11.0,0.505,10.495,0.45,1.3802,0.0,step11.v1,fallback_raw
R1,2026-01-02T20:30:00,8.0,0.505,7.495,0.6,1.5002,0.0,step11.v1,fallback_raw
R1,2026-01-02T20:45:00,5.0,0.505,4.495,0.75,1.6202,0.0,step11.v1,fallback_raw
R1,2026-01-02T21:00:00,9.0,0.435,8.565,0.55,1.4574,0.0,step11.v1,fallback_raw
R1,2026-01-02T21:15:00,10.0,0.435,9.565,0.5,1.4174,0.0,step11.v1,fallback_raw
R1,2026-01-02T21:30:00,5.0,0.435,4.565,0.75,1.6174,0.0,step11.v1,fallback_raw
R1,2026-01-02T21:45:00,9.0,0.435,8.565,0.55,1.4574,0.0,step11.v1,fallback_raw
R1,2026-01-02T22:00:00,6.0,0.43,5.57,0.7,1.5772,0.0,step11.v1,fallback_raw
R1,2026-01-02T22:15:00,9.0,0.43,8.57,0.55,1.4572,0.0,step11.v1,fallback_raw
R1,2026-01-02T22:30:00,7.0,0.43,6.57,0.65,1.5372,0.0,step11.v1,fallback_raw
R1,2026-01-02T22:45:00,11.0,0.43,10.57,0.45,1.3772,0.0,step11.v1,fallback_raw
R1,2026-01-02T23:00:00,8.0,0.49,7.51,0.6,1.4996,0.0,step11.v1,fallback_raw
R1,2026-01-02T23:15:00,10.0,0.49,9.51,0.5,1.4196,0.0,step11.v1,fallback_raw
R1,2026-01-02T23:30:00,10.0,0.49,9.51,0.5,1.4196,0.0,step11.v1,fallback_raw
R1,2026-01-02T23:45:00,9.0,0.49,8.51,0.55,1.4596,0.0,step11.v1,fallback_raw
R1,2026-01-03T00:00:00,10.0,1.065,8.935,0.5,1.4426,0.0,step11.v1,fallback_raw
R1,2026-01-03T00:15:00,7.0,1.065,5.935,0.65,1.5626,0.0,step11.v1,fallback_raw
R1,2026-01-03T00:30:00,9.0,1.065,7.935,0.55,1.4826,0.0,step11.v1,fallback_raw
R1,2026-01-03T00:45:00,9.0,1.065,7.935,0.55,1.4826,0.0,step11.v1,fallback_raw
R1,2026-01-03T01:00:00,8.0,0.98,7.02,0.6,1.5192,0.0,step11.v1,fallback_raw
R1,2026-01-03T01:15:00,6.0,0.98,5.02,0.7,1.5992,0.0,step11.v1,fallback_raw
R1,2026-01-03T01:30:00,7.0,0.98,6.02,0.65,1.5592,0.0,step11.v1,fallback_raw
R1,2026-01-03T01:45:00,8.0,0.98,7.02,0.6,1.5192,0.0,step11.v1,fallback_raw
R1,2026-01-03T02:00:00,5.0,1.01,3.99,0.75,1.6404,0.0,step11.v1,fallback_raw
R1,2026-01-03T02:15:00,10.0,1.01,8.99,0.5,1.4404,0.0,step11.v1,fallback_raw
R1,2026-01-03T02:30:00,7.0,1.01,5.99,0.65,1.5604,0.0,step11.v1,fallback_raw
R1,2026-01-03T02:45:00,10.0,1.01,8.99,0.5,1.4404,0.0,step11.v1,fallback_raw
R1,2026-01-03T03:00:00,10.0,0.995,9.005,0.5,1.4398,0.0,step11.v1,fallback_raw
R1,2026-01-03T03:15:00,9.0,0.995,8.005,0.55,1.4798,0.0,step11.v1,fallback_raw
R1,2026-01-03T03:30:00,8.0,0.995,7.005,0.6,1.5198,0.0,step11.v1,fallback_raw
R1,2026-01-03T03:45:00,7.0,0.995,6.005,0.65,1.5598,0.0,step11.v1,fallback_raw
R1,2026-01-03T04:00:00,12.0,1.04,10.96,0.4,1.3616,0.0,step11.v1,fallback_raw
R1,2026-01-03T04:15:00,7.0,1.04,5.96,0.65,1.5616,0.0,step11.v1,fallback_raw
R1,2026-01-03T04:30:00,7.0,1.04,5.96,0.65,1.5616,0.0,step11.v1,fallback_raw
R1,2026-01-03T04:45:00,7.0,1.04,5.96,0.65,1.5616,0.0,step11.v1,fallback_raw
R1,2026-01-03T05:00:00,6.0,1.015,4.985,0.7,1.6006,0.0,step11.v1,fallback_raw
R1,2026-01-03T05:15:00,8.0,1.015,6.985,0.6,1.5206,0.0,step11.v1,fallback_raw
R1,2026-01-03T05:30:00,7.0,1.015,5.985,0.65,1.5606,0.0,step11.v1,fallback_raw
R1,2026-01-03T05:45:00,8.0,1.015,6.985,0.6,1.5206,0.0,step11.v1,fallback_raw
R1,2026-01-03T06:00:00,7.0,1.01,5.99,0.65,1.5604,0.0,step11.v1,fallback_raw
R1,2026-01-03T06:15:00,12.0,1.01,10.99,0.4,1.3604,0.0,step11.v1,fallback_raw
R1,2026-01-03T06:30:00,10.0,1.01,8.99,0.5,1.4404,0.0,step11.v1,fallback_raw
R1,2026-01-03T06:45:00,6.0,1.01,4.99,0.7,1.6004,0.0,step11.v1,fallback_raw
R1,2026-01-03T07:00:00,12.0,4.06,7.94,0.4,1.4824,0.0,step11.v1,fallback_raw
R1,2026-01-03T07:15:00,7.0,4.06,2.94,0.65,1.6824,0.0,step11.v1,fallback_raw
R1,2026-01-03T07:30:00,9.0,4.06,4.94,0.55,1.6024,0.0,step11.v1,fallback_raw
R1,2026-01-03T07:45:00,8.0,4.06,3.94,0.6,1.6424,0.0,step11.v1,fallback_raw
R1,2026-01-03T08:00:00,8.0,4.025,3.975,0.6,1.641,0.0,step11.v1,fallback_raw
R1,2026-01-03T08:15:00,7.0,4.025,2.975,0.65,1.681,0.0,step11.v1,fallback_raw
R1,2026-01-03T08:30:00,7.0,4.025,2.975,0.65,1.681,0.0,step11.v1,fallback_raw
R1,2026-01-03T08:45:00,9.0,4.025,4.975,0.55,1.601,0.0,step11.v1,fallback_raw
R1,2026-01-03T09:00:00,8.0,4.04,3.96,0.6,1.6416,0.0,step11.v1,fallback_raw
R1,2026-01-03T09:15:00,7.0,4.04,2.96,0.65,1.6816,0.0,step11.v1,fallback_raw
R1,2026-01-03T09:30:00,11.0,4.04,6.96,0.45,1.5216,0.0,step11.v1,fallback_raw
R1,2026-01-03T09:45:00,8.0,4.04,3.96,0.6,1.6416,0.0,step11.v1,fallback_raw
R1,2026-01-03T10:00:00,7.0,2.05,4.95,0.65,1.602,0.0,step11.v1,fallback_raw
R1,2026-01-03T10:15:00,9.0,2.05,6.95,0.55,1.522,0.0,step11.v1,fallback_raw
R1,2026-01-03T10:30:00,3.0,2.05,0.95,0.85,1.762,0.0,step11.v1,fallback_raw
R1,2026-01-03T10:45:00,7.0,2.05,4.95,0.65,1.602,0.0,step11.v1,fallback_raw
R1,2026-01-03T11:00:00,7.0,2.135,4.865,0.65,1.6054,0.0,step11.v1,fallback_raw
R1,2026-01-03T11:15:00,4.0,2.135,1.865,0.8,1.7254,0.0,step11.v1,fallback_raw
R1,2026-01-03T11:30:00,10.0,2.135,7.865,0.5,1.4854,0.0,step11.v1,fallback_raw
R1,2026-01-03T11:45:00,9.0,2.135,6.865,0.55,1.5254,0.0,step11.v1,fallback_raw
R1,2026-01-03T12:00:00,11.0,2.14,8.86,0.45,1.4456,0.0,step11.v1,fallback_raw
R1,2026-01-03T12:15:00,11.0,2.14,8.86,0.45,1.4456,0.0,step11.v1,fallback_raw
R1,2026-01-03T12:30:00,7.0,2.14,4.86,0.65,1.6056,0.0,step11.v1,fallback_raw
R1,2026-01-03T12:45:00,6.0,2.14,3.86,0.7,1.6456,0.0,step11.v1,fallback_raw
R1,2026-01-03T13:00:00,10.0,2.085,7.915,0.5,1.4834,0.0,step11.v1,fallback_raw
R1,2026-01-03T13:15:00,9.0,2.085,6.915,0.55,1.5234,0.0,step11.v1,fallback_raw
R1,2026-01-03T13:30:00,9.0,2.085,6.915,0.55,1.5234,0.0,step11.v1,fallback_raw
R1,2026-01-03T13:45:00,8.0,2.085,5.915,0.6,1.5634,0.0,step11.v1,fallback_raw
R1,2026-01-03T14:00:00,10.0,2.165,7.835,0.5,1.4866,0.0,step11.v1,fallback_raw
R1,2026-01-03T14:15:00,13.0,2.165,10.835,0.35,1.3666,0.0,step11.v1,fallback_raw
R1,2026-01-03T14:30:00,9.0,2.165,6.835,0.55,1.5266,0.0,step11.v1,fallback_raw
R1,2026-01-03T14:45:00,5.0,2.165,2.835,0.75,1.6866,0.0,step11.v1,fallback_raw
R1,2026-01-03T15:00:00,8.0,2.07,5.93,0.6,1.5628,0.0,step11.v1,fallback_raw
R1,2026-01-03T15:15:00,6.0,2.07,3.93,0.7,1.6428,0.0,step11.v1,fallback_raw
R1,2026-01-03T15:30:00,6.0,2.07,3.93,0.7,1.6428,0.0,step11.v1,fallback_raw
R1,2026-01-03T15:45:00,6.0,2.07,3.93,0.7,1.6428,0.0,step11.v1,fallback_raw
R1,2026-01-03T16:00:00,6.0,2.15,3.85,0.7,1.646,0.0,step11.v1,fallback_raw
R1,2026-01-03T16:15:00,9.0,2.15,6.85,0.55,1.526,0.0,step11.v1,fallback_raw
R1,2026-01-03T16:30:00,6.0,2.15,3.85,0.7,1.646,0.0,step11.v1,fallback_raw
R1,2026-01-03T16:45:00,8.0,2.15,5.85,0.6,1.566,0.0,step11.v1,fallback_raw
R1,2026-01-03T17:00:00,11.0,3.985,7.015,0.45,1.5194,0.0,step11.v1,fallback_raw
R1,2026-01-03T17:15:00,9.0,3.985,5.015,0.55,1.5994,0.0,step11.v1,fallback_raw
R1,2026-01-03T17:30:00,11.0,3.985,7.015,0.45,1.5194,0.0,step11.v1,fallback_raw
R1,2026-01-03T17:45:00,7.0,3.985,3.015,0.65,1.6794,0.0,step11.v1,fallback_raw
R1,2026-01-03T18:00:00,9.0,4.025,4.975,0.55,1.601,0.0,step11.v1,fallback_raw
R1,2026-01-03T18:15:00,4.0,4.025,-0.025,0.8,1.801,0.025,step11.v1,fallback_raw
R1,2026-01-03T18:30:00,10.0,4.025,5.975,0.5,1.561,0.0,step11.v1,fallback_raw
R1,2026-01-03T18:45:00,12.0,4.025,7.975,0.4,1.481,0.0,step11.v1,fallback_raw
R1,2026-01-03T19:00:00,8.0,3.915,4.085,0.6,1.6366,0.0,step11.v1,fallback_raw
R1,2026-01-03T19:15:00,3.0,3.915,-0.915,0.85,1.8366,0.915,step11.v1,fallback_raw
R1,2026-01-03T19:30:00,7.0,3.915,3.085,0.65,1.6766,0.0,step11.v1,fallback_raw
R1,2026-01-03T19:45:00,10.0,3.915,6.085,0.5,1.5566,0.0,step11.v1,fallback_raw
R1,2026-01-03T20:00:00,9.0,1.06,7.94,0.55,1.4824,0.0,step11.v1,fallback_raw
R1,2026-01-03T20:15:00,8.0,1.06,6.94,0.6,1.5224,0.0,step11.v1,fallback_raw
R1,2026-01-03T20:30:00,5.0,1.06,3.94,0.75,1.6424,0.0,step11.v1,fallback_raw
R1,2026-01-03T20:45:00,8.0,1.06,6.94,0.6,1.5224,0.0,step11.v1,fallback_raw
R1,2026-01-03T21:00:00,7.0,0.96,6.04,0.65,1.5584,0.0,step11.v1,fallback_raw
R1,2026-01-03T21:15:00,5.0,0.96,4.04,0.75,1.6384,0.0,step11.v1,fallback_raw
R1,2026-01-03T21:30:00,5.0,0.96,4.04,0.75,1.6384,0.0,step11.v1,fallback_raw
R1,2026-01-03T21:45:00,8.0,0.96,7.04,0.6,1.5184,0.0,step11.v1,fallback_raw
R1,2026-01-03T22:00:00,6.0,1.065,4.935,0.7,1.6026,0.0,step11.v1,fallback_raw
R1,2026-01-03T22:15:00,8.0,1.065,6.935,0.6,1.5226,0.0,step11.v1,fallback_raw
R1,2026-01-03T22:30:00,7.0,1.065,5.935,0.65,1.5626,0.0,step11.v1,fallback_raw
R1,2026-01-03T22:45:00,6.0,1.065,4.935,0.7,1.6026,0.0,step11.v1,fallback_raw
R1,2026-01-03T23:00:00,8.0,0.995,7.005,0.6,1.5198,0.0,step11.v1,fallback_raw
R1,2026-01-03T23:15:00,6.0,0.995,5.005,0.7,1.5998,0.0,step11.v1,fallback_raw
R1,2026-01-03T23:30:00,8.0,0.995,7.005,0.6,1.5198,0.0,step11.v1,fallback_raw
R1,2026-01-03T23:45:00,8.0,0.995,7.005,0.6,1.5198,0.0,step11.v1,fallback_raw
R2,2026-01-01T00:00:00,6.0,0.4773,5.5227,0.7,1.579091,0.0,step11.v1,fallback_raw
R2,2026-01-01T00:15:00,10.0,0.4773,9.5227,0.5,1.419091,0.0,step11.v1,fallback_raw
R2,2026-01-01T00:30:00,10.0,0.4773,9.5227,0.5,1.419091,0.0,step11.v1,fallback_raw
R2,2026-01-01T00:45:00,10.0,0.4773,9.5227,0.5,1.419091,0.0,step11.v1,fallback_raw
R2,2026-01-01T01:00:00,9.0,0.4955,8.5045,0.55,1.459818,0.0,step11.v1,fallback_raw
R2,2026-01-01T01:15:00,10.0,0.4955,9.5045,0.5,1.419818,0.0,step11.v1,fallback_raw
R2,2026-01-01T01:30:00,10.0,0.4955,9.5045,0.5,1.419818,0.0,step11.v1,fallback_raw
R2,2026-01-01T01:45:00,9.0,0.4955,8.5045,0.55,1.459818,0.0,step11.v1,fallback_raw
R2,2026-01-01T02:00:00,10.0,0.4818,9.5182,0.5,1.419273,0.0,step11.v1,fallback_raw
R2,2026-01-01T02:15:00,9.0,0.4818,8.5182,0.55,1.459273,0.0,step11.v1,fallback_raw
R2,2026-01-01T02:30:00,4.0,0.4818,3.5182,0.8,1.659273,0.0,step11.v1,fallback_raw
R2,2026-01-01T02:45:00,6.0,0.4818,5.5182,0.7,1.579273,0.0,step11.v1,fallback_raw
R2,2026-01-01T03:00:00,7.0,0.3955,6.6045,0.65,1.535818,0.0,step11.v1,fallback_raw
R2,2026-01-01T03:15:00,6.0,0.3955,5.6045,0.7,1.575818,0.0,step11.v1,fallback_raw
R2,2026-01-01T03:30:00,11.0,0.3955,10.6045,0.45,1.375818,0.0,step11.v1,fallback_raw
R2,2026-01-01T03:45:00,12.0,0.3955,11.6045,0.4,1.335818,0.0,step11.v1,fallback_raw
R2,2026-01-01T04:00:00,5.0,0.4545,4.5455,0.75,1.618182,0.0,step11.v1,fallback_raw
R2,2026-01-01T04:15:00,7.0,0.4545,6.5455,0.65,1.538182,0.0,step11.v1,fallback_raw
R2,2026-01-01T04:30:00,9.0,0.4545,8.5455,0.55,1.458182,0.0,step11.v1,fallback_raw
R2,2026-01-01T04:45:00,10.0,0.4545,9.5455,0.5,1.418182,0.0,step11.v1,fallback_raw
R2,2026-01-01T05:00:00,7.0,0.4955,6.5045,0.65,1.539818,0.0,step11.v1,fallback_raw
R2,2026-01-01T05:15:00,5.0,0.4955,4.5045,0.75,1.619818,0.0,step11.v1,fallback_raw
R2,2026-01-01T05:30:00,6.0,0.4955,5.5045,0.7,1.579818,0.0,step11.v1,fallback_raw
R2,2026-01-01T05:45:00,9.0,0.4955,8.5045,0.55,1.459818,0.0,step11.v1,fallback_raw
R2,2026-01-01T06:00:00,7.0,0.5182,6.4818,0.65,1.540727,0.0,step11.v1,fallback_raw
R2,2026-01-01T06:15:00,6.0,0.5182,5.4818,0.7,1.580727,0.0,step11.v1,fallback_raw
R2,2026-01-01T06:30:00,4.0,0.5182,3.4818,0.8,1.660727,0.0,step11.v1,fallback_raw
R2,2026-01-01T06:45:00,6.0,0.5182,5.4818,0.7,1.580727,0.0,step11.v1,fallback_raw
R2,2026-01-01T07:00:00,13.0,3.45,9.55,0.35,1.418,0.0,step11.v1,fallback_raw
R2,2026-01-01T07:15:00,11.0,3.45,7.55,0.45,1.498,0.0,step11.v1,fallback_raw
R2,2026-01-01T07:30:00,9.0,3.45,5.55,0.55,1.578,0.0,step11.v1,fallback_raw
R2,2026-01-01T07:45:00,5.0,3.45,1.55,0.75,1.738,0.0,step11.v1,fallback_raw
R2,2026-01-01T08:00:00,10.0,3.3955,6.6045,0.5,1.535818,0.0,step11.v1,fallback_raw
R2,2026-01-01T08:15:00,9.0,3.3955,5.6045,0.55,1.575818,0.0,step11.v1,fallback_raw
R2,2026-01-01T08:30:00,6.0,3.3955,2.6045,0.7,1.695818,0.0,step11.v1,fallback_raw
R2,2026-01-01T08:45:00,9.0,3.3955,5.6045,0.55,1.575818,0.0,step11.v1,fallback_raw
R2,2026-01-01T09:00:00,9.0,3.5182,5.4818,0.55,1.580727,0.0,step11.v1,fallback_raw
R2,2026-01-01T09:15:00,6.0,3.5182,2.4818,0.7,1.700727,0.0,step11.v1,fallback_raw
R2,2026-01-01T09:30:00,9.0,3.5182,5.4818,0.55,1.580727,0.0,step11.v1,fallback_raw
R2,2026-01-01T09:45:00,11.0,3.5182,7.4818,0.45,1.500727,0.0,step11.v1,fallback_raw
R2,2026-01-01T10:00:00,12.0,1.5864,10.4136,0.4,1.383455,0.0,step11.v1,fallback_raw
R2,2026-01-01T10:15:00,12.0,1.5864,10.4136,0.4,1.383455,0.0,step11.v1,fallback_raw
R2,2026-01-01T10:30:00,10.0,1.5864,8.4136,0.5,1.463455,0.0,step11.v1,fallback_raw
R2,2026-01-01T10:45:00,10.0,1.5864,8.4136,0.5,1.463455,0.0,step11.v1,fallback_raw
R2,2026-01-01T11:00:00,10.0,1.6682,8.3318,0.5,1.466727,0.0,step11.v1,fallback_raw
R2,2026-01-01T11:15:00,8.0,1.6682,6.3318,0.6,1.546727,0.0,step11.v1,fallback_raw
R2,2026-01-01T11:30:00,10.0,1.6682,8.3318,0.5,1.466727,0.0,step11.v1,fallback_raw
R2,2026-01-01T11:45:00,11.0,1.6682,9.3318,0.45,1.426727,0.0,step11.v1,fallback_raw
R2,2026-01-01T12:00:00,12.0,1.4591,10.5409,0.4,1.378364,0.0,step11.v1,fallback_raw
R2,2026-01-01T12:15:00,10.0,1.4591,8.5409,0.5,1.458364,0.0,step11.v1,fallback_raw
R2,2026-01-01T12:30:00,10.0,1.4591,8.5409,0.5,1.458364,0.0,step11.v1,fallback_raw
R2,2026-01-01T12:45:00,10.0,1.4591,8.5409,0.5,1.458364,0.0,step11.v1,fallback_raw
R2,2026-01-01T13:00:00,10.0,1.5773,8.4227,0.5,1.463091,0.0,step11.v1,fallback_raw
R2,2026-01-01T13:15:00,11.0,1.5773,9.4227,0.45,1.423091,0.0,step11.v1,fallback_raw
R2,2026-01-01T13:30:00,6.0,1.5773,4.4227,0.7,1.623091,0.0,step11.v1,fallback_raw
R2,2026-01-01T13:45:00,8.0,1.5773,6.4227,0.6,1.543091,0.0,step11.v1,fallback_raw
R2,2026-01-01T14:00:00,11.0,1.5364,9.4636,0.45,1.421455,0.0,step11.v1,fallback_raw
R2,2026-01-01T14:15:00,15.0,1.5364,13.4636,0.25,1.261455,0.0,step11.v1,fallback_raw
R2,2026-01-01T14:30:00,8.0,1.5364,6.4636,0.6,1.541455,0.0,step11.v1,fallback_raw
R2,2026-01-01T14:45:00,9.0,1.5364,7.4636,0.55,1.501455,0.0,step11.v1,fallback_raw
R2,2026-01-01T15:00:00,8.0,1.6045,6.3955,0.6,1.544182,0.0,step11.v1,fallback_raw
R2,2026-01-01T15:15:00,7.0,1.6045,5.3955,0.65,1.584182,0.0,step11.v1,fallback_raw
R2,2026-01-01T15:30:00,11.0,1.6045,9.3955,0.45,1.424182,0.0,step11.v1,fallback_raw
R2,2026-01-01T15:45:00,7.0,1.6045,5.3955,0.65,1.584182,0.0,step11.v1,fallback_raw
R2,2026-01-01T16:00:00,6.0,1.4955,4.5045,0.7,1.619818,0.0,step11.v1,fallback_raw
R2,2026-01-01T16:15:00,7.0,1.4955,5.5045,0.65,1.579818,0.0,step11.v1,fallback_raw
R2,2026-01-01T16:30:00,7.0,1.4955,5.5045,0.65,1.579818,0.0,step11.v1,fallback_raw
R2,2026-01-01T16:45:00,6.0,1.4955,4.5045,0.7,1.619818,0.0,step11.v1,fallback_raw
R2,2026-01-01T17:00:00,11.0,3.4636,7.5364,0.45,1.498545,0.0,step11.v1,fallback_raw
R2,2026-01-01T17:15:00,7.0,3.4636,3.5364,0.65,1.658545,0.0,step11.v1,fallback_raw
R2,2026-01-01T17:30:00,5.0,3.4636,1.5364,0.75,1.738545,0.0,step11.v1,fallback_raw
R2,2026-01-01T17:45:00,7.0,3.4636,3.5364,0.65,1.658545,0.0,step11.v1,fallback_raw
R2,2026-01-01T18:00:00,10.0,3.4,6.6,0.5,1.536,0.0,step11.v1,fallback_raw
R2,2026-01-01T18:15:00,6.0,3.4,2.6,0.7,1.696,0.0,step11.v1,fallback_raw
R2,2026-01-01T18:30:00,6.0,3.4,2.6,0.7,1.696,0.0,step11.v1,fallback_raw
R2,2026-01-01T18:45:00,7.0,3.4,3.6,0.65,1.656,0.0,step11.v1,fallback_raw
R2,2026-01-01T19:00:00,9.0,3.4318,5.5682,0.55,1.577273,0.0,step11.v1,fallback_raw
R2,2026-01-01T19:15:00,6.0,3.4318,2.5682,0.7,1.697273,0.0,step11.v1,fallback_raw
R2,2026-01-01T19:30:00,6.0,3.4318,2.5682,0.7,1.697273,0.0,step11.v1,fallback_raw
R2,2026-01-01T19:45:00,7.0,3.4318,3.5682,0.65,1.657273,0.0,step11.v1,fallback_raw
R2,2026-01-01T20:00:00,7.0,0.45,6.55,0.65,1.538,0.0,step11.v1,fallback_raw
R2,2026-01-01T20:15:00,7.0,0.45,6.55,0.65,1.538,0.0,step11.v1,fallback_raw
R2,2026-01-01T20:30:00,9.0,0.45,8.55,0.55,1.458,0.0,step11.v1,fallback_raw
R2,2026-01-01T20:45:00,5.0,0.45,4.55,0.75,1.618,0.0,step11.v1,fallback_raw
R2,2026-01-01T21:00:00,12.0,0.4182,11.5818,0.4,1.336727,0.0,step11.v1,fallback_raw
R2,2026-01-01T21:15:00,4.0,0.4182,3.5818,0.8,1.656727,0.0,step11.v1,fallback_raw
R2,2026-01-01T21:30:00,7.0,0.4182,6.5818,0.65,1.536727,0.0,step11.v1,fallback_raw
R2,2026-01-01T21:45:00,11.0,0.4182,10.5818,0.45,1.376727,0.0,step11.v1,fallback_raw
R2,2026-01-01T22:00:00,8.0,0.4227,7.5773,0.6,1.496909,0.0,step11.v1,fallback_raw
R2,2026-01-01T22:15:00,7.0,0.4227,6.5773,0.65,1.536909,0.0,step11.v1,fallback_raw
R2,2026-01-01T22:30:00,9.0,0.4227,8.5773,0.55,1.456909,0.0,step11.v1,fallback_raw
R2,2026-01-01T22:45:00,9.0,0.4227,8.5773,0.55,1.456909,0.0,step11.v1,fallback_raw
R2,2026-01-01T23:00:00,7.0,0.3591,6.6409,0.65,1.534364,0.0,step11.v1,fallback_raw
R2,2026-01-01T23:15:00,10.0,0.3591,9.6409,0.5,1.414364,0.0,step11.v1,fallback_raw
R2,2026-01-01T23:30:00,9.0,0.3591,8.6409,0.55,1.454364,0.0,step11.v1,fallback_raw
R2,2026-01-01T23:45:00,8.0,0.3591,7.6409,0.6,1.494364,0.0,step11.v1,fallback_raw
R2,2026-01-02T00:00:00,8.0,0.4909,7.5091,0.6,1.499636,0.0,step11.v1,fallback_raw
R2,2026-01-02T00:15:00,5.0,0.4909,4.5091,0.75,1.619636,0.0,step11.v1,fallback_raw
R2,2026-01-02T00:30:00,11.0,0.4909,10.5091,0.45,1.379636,0.0,step11.v1,fallback_raw
R2,2026-01-02T00:45:00,8.0,0.4909,7.5091,0.6,1.499636,0.0,step11.v1,fallback_raw
R2,2026-01-02T01:00:00,9.0,0.4227,8.5773,0.55,1.456909,0.0,step11.v1,fallback_raw
R2,2026-01-02T01:15:00,10.0,0.4227,9.5773,0.5,1.416909,0.0,step11.v1,fallback_raw
R2,2026-01-02T01:30:00,11.0,0.4227,10.5773,0.45,1.376909,0.0,step11.v1,fallback_raw
R2,2026-01-02T01:45:00,7.0,0.4227,6.5773,0.65,1.536909,0.0,step11.v1,fallback_raw
R2,2026-01-02T02:00:00,9.0,0.4091,8.5909,0.55,1.456364,0.0,step11.v1,fallback_raw
R2,2026-01-02T02:15:00,5.0,0.4091,4.5909,0.75,1.616364,0.0,step11.v1,fallback_raw
R2,2026-01-02T02:30:00,10.0,0.4091,9.5909,0.5,1.416364,0.0,step11.v1,fallback_raw
R2,2026-01-02T02:45:00,11.0,0.4091,10.5909,0.45,1.376364,0.0,step11.v1,fallback_raw
R2,2026-01-02T03:00:00,8.0,0.4864,7.5136,0.6,1.499455,0.0,step11.v1,fallback_raw
R2,2026-01-02T03:15:00,12.0,0.4864,11.5136,0.4,1.339455,0.0,step11.v1,fallback_raw
R2,2026-01-02T03:30:00,2.0,0.4864,1.5136,0.9,1.739455,0.0,step11.v1,fallback_raw
R2,2026-01-02T03:45:00,6.0,0.4864,5.5136,0.7,1.579455,0.0,step11.v1,fallback_raw
R2,2026-01-02T04:00:00,10.0,0.4773,9.5227,0.5,1.419091,0.0,step11.v1,fallback_raw
R2,2026-01-02T04:15:00,8.0,0.4773,7.5227,0.6,1.499091,0.0,step11.v1,fallback_raw
R2,2026-01-02T04:30:00,7.0,0.4773,6.5227,0.65,1.539091,0.0,step11.v1,fallback_raw
R2,2026-01-02T04:45:00,6.0,0.4773,5.5227,0.7,1.579091,0.0,step11.v1,fallback_raw
R2,2026-01-02T05:00:00,14.0,0.4136,13.5864,0.3,1.256545,0.0,step11.v1,fallback_raw
R2,2026-01-02T05:15:00,5.0,0.4136,4.5864,0.75,1.616545,0.0,step11.v1,fallback_raw
R2,2026-01-02T05:30:00,7.0,0.4136,6.5864,0.65,1.536545,0.0,step11.v1,fallback_raw
R2,2026-01-02T05:45:00,9.0,0.4136,8.5864,0.55,1.456545,0.0,step11.v1,fallback_raw
R2,2026-01-02T06:00:00,7.0,0.4364,6.5636,0.65,1.537455,0.0,step11.v1,fallback_raw
R2,2026-01-02T06:15:00,6.0,0.4364,5.5636,0.7,1.577455,0.0,step11.v1,fallback_raw
R2,2026-01-02T06:30:00,10.0,0.4364,9.5636,0.5,1.417455,0.0,step11.v1,fallback_raw
R2,2026-01-02T06:45:00,12.0,0.4364,11.5636,0.4,1.337455,0.0,step11.v1,fallback_raw
R2,2026-01-02T07:00:00,7.0,3.4636,3.5364,0.65,1.658545,0.0,step11.v1,fallback_raw
R2,2026-01-02T07:15:00,8.0,3.4636,4.5364,0.6,1.618545,0.0,step11.v1,fallback_raw
R2,2026-01-02T07:30:00,8.0,3.4636,4.5364,0.6,1.618545,0.0,step11.v1,fallback_raw
R2,2026-01-02T07:45:00,9.0,3.4636,5.5364,0.55,1.578545,0.0,step11.v1,fallback_raw
R2,2026-01-02T08:00:00,8.0,3.5136,4.4864,0.6,1.620545,0.0,step11.v1,fallback_raw
R2,2026-01-02T08:15:00,6.0,3.5136,2.4864,0.7,1.700545,0.0,step11.v1,fallback_raw
R2,2026-01-02T08:30:00,8.0,3.5136,4.4864,0.6,1.620545,0.0,step11.v1,fallback_raw
R2,2026-01-02T08:45:00,7.0,3.5136,3.4864,0.65,1.660545,0.0,step11.v1,fallback_raw
R2,2026-01-02T09:00:00,7.0,3.3409,3.6591,0.65,1.653636,0.0,step11.v1,fallback_raw
R2,2026-01-02T09:15:00,12.0,3.3409,8.6591,0.4,1.453636,0.0,step11.v1,fallback_raw
R2,2026-01-02T09:30:00,6.0,3.3409,2.6591,0.7,1.693636,0.0,step11.v1,fallback_raw
R2,2026-01-02T09:45:00,8.0,3.3409,4.6591,0.6,1.613636,0.0,step11.v1,fallback_raw
R2,2026-01-02T10:00:00,9.0,1.5091,7.4909,0.55,1.500364,0.0,step11.v1,fallback_raw
R2,2026-01-02T10:15:00,4.0,1.5091,2.4909,0.8,1.700364,0.0,step11.v1,fallback_raw
R2,2026-01-02T10:30:00,7.0,1.5091,5.4909,0.65,1.580364,0.0,step11.v1,fallback_raw
R2,2026-01-02T10:45:00,6.0,1.5091,4.4909,0.7,1.620364,0.0,step11.v1,fallback_raw
R2,2026-01-02T11:00:00,3.0,1.5273,1.4727,0.85,1.741091,0.0,step11.v1,fallback_raw
R2,2026-01-02T11:15:00,7.0,1.5273,5.4727,0.65,1.581091,0.0,step11.v1,fallback_raw
R2,2026-01-02T11:30:00,7.0,1.5273,5.4727,0.65,1.581091,0.0,step11.v1,fallback_raw
R2,2026-01-02T11:45:00,8.0,1.5273,6.4727,0.6,1.541091,0.0,step11.v1,fallback_raw
R2,2026-01-02T12:00:00,10.0,1.5409,8.4591,0.5,1.461636,0.0,step11.v1,fallback_raw
R2,2026-01-02T12:15:00,9.0,1.5409,7.4591,0.55,1.501636,0.0,step11.v1,fallback_raw
R2,2026-01-02T12:30:00,12.0,1.5409,10.4591,0.4,1.381636,0.0,step11.v1,fallback_raw
R2,2026-01-02T12:45:00,12.0,1.5409,10.4591,0.4,1.381636,0.0,step11.v1,fallback_raw
R2,2026-01-02T13:00:00,10.0,1.5045,8.4955,0.5,1.460182,0.0,step11.v1,fallback_raw
R2,2026-01-02T13:15:00,7.0,1.5045,5.4955,0.65,1.580182,0.0,step11.v1,fallback_raw
R2,2026-01-02T13:30:00,5.0,1.5045,3.4955,0.75,1.660182,0.0,step11.v1,fallback_raw
R2,2026-01-02T13:45:00,10.0,1.5045,8.4955,0.5,1.460182,0.0,step11.v1,fallback_raw
R2,2026-01-02T14:00:00,11.0,1.55,9.45,0.45,1.422,0.0,step11.v1,fallback_raw
R2,2026-01-02T14:15:00,8.0,1.55,6.45,0.6,1.542,0.0,step11.v1,fallback_raw
R2,2026-01-02T14:30:00,11.0,1.55,9.45,0.45,1.422,0.0,step11.v1,fallback_raw
R2,2026-01-02T14:45:00,5.0,1.55,3.45,0.75,1.662,0.0,step11.v1,fallback_raw
R2,2026-01-02T15:00:00,10.0,1.55,8.45,0.5,1.462,0.0,step11.v1,fallback_raw
R2,2026-01-02T15:15:00,9.0,1.55,7.45,0.55,1.502,0.0,step11.v1,fallback_raw
R2,2026-01-02T15:30:00,8.0,1.55,6.45,0.6,1.542,0.0,step11.v1,fallback_raw
R2,2026-01-02T15:45:00,8.0,1.55,6.45,0.6,1.542,0.0,step11.v1,fallback_raw
R2,2026-01-02T16:00:00,8.0,1.5318,6.4682,0.6,1.541273,0.0,step11.v1,fallback_raw
R2,2026-01-02T16:15:00,6.0,1.5318,4.4682,0.7,1.621273,0.0,step11.v1,fallback_raw
R2,2026-01-02T16:30:00,8.0,1.5318,6.4682,0.6,1.541273,0.0,step11.v1,fallback_raw
R2,2026-01-02T16:45:00,7.0,1.5318,5.4682,0.65,1.581273,0.0,step11.v1,fallback_raw
R2,2026-01-02T17:00:00,6.0,3.45,2.55,0.7,1.698,0.0,step11.v1,fallback_raw
R2,2026-01-02T17:15:00,10.0,3.45,6.55,0.5,1.538,0.0,step11.v1,fallback_raw
R2,2026-01-02T17:30:00,10.0,3.45,6.55,0.5,1.538,0.0,step11.v1,fallback_raw
R2,2026-01-02T17:45:00,6.0,3.45,2.55,0.7,1.698,0.0,step11.v1,fallback_raw
R2,2026-01-02T18:00:00,6.0,3.4636,2.5364,0.7,1.698545,0.0,step11.v1,fallback_raw
R2,2026-01-02T18:15:00,8.0,3.4636,4.5364,0.6,1.618545,0.0,step11.v1,fallback_raw
R2,2026-01-02T18:30:00,5.0,3.4636,1.5364,0.75,1.738545,0.0,step11.v1,fallback_raw
R2,2026-01-02T18:45:00,6.0,3.4636,2.5364,0.7,1.698545,0.0,step11.v1,fallback_raw
R2,2026-01-02T19:00:00,12.0,3.4591,8.5409,0.4,1.458364,0.0,step11.v1,fallback_raw
R2,2026-01-02T19:15:00,8.0,3.4591,4.5409,0.6,1.618364,0.0,step11.v1,fallback_raw
R2,2026-01-02T19:30:00,11.0,3.4591,7.5409,0.45,1.498364,0.0,step11.v1,fallback_raw
R2,2026-01-02T19:45:00,8.0,3.4591,4.5409,0.6,1.618364,0.0,step11.v1,fallback_raw
R2,2026-01-02T20:00:00,5.0,0.4591,4.5409,0.75,1.618364,0.0,step11.v1,fallback_raw
R2,2026-01-02T20:15:00,8.0,0.4591,7.5409,0.6,1.498364,0.0,step11.v1,fallback_raw
R2,2026-01-02T20:30:00,9.0,0.4591,8.5409,0.55,1.458364,0.0,step11.v1,fallback_raw
R2,2026-01-02T20:45:00,8.0,0.4591,7.5409,0.6,1.498364,0.0,step11.v1,fallback_raw
R2,2026-01-02T21:00:00,9.0,0.5,8.5,0.55,1.46,0.0,step11.v1,fallback_raw
R2,2026-01-02T21:15:00,9.0,0.5,8.5,0.55,1.46,0.0,step11.v1,fallback_raw
R2,2026-01-02T21:30:00,10.0,0.5,9.5,0.5,1.42,0.0,step11.v1,fallback_raw
R2,2026-01-02T21:45:00,8.0,0.5,7.5,0.6,1.5,0.0,step11.v1,fallback_raw
R2,2026-01-02T22:00:00,9.0,0.4455,8.5545,0.55,1.457818,0.0,step11.v1,fallback_raw
R2,2026-01-02T22:15:00,9.0,0.4455,8.5545,0.55,1.457818,0.0,step11.v1,fallback_raw
R2,2026-01-02T22:30:00,11.0,0.4455,10.5545,0.45,1.377818,0.0,step11.v1,fallback_raw
R2,2026-01-02T22:45:00,8.0,0.4455,7.5545,0.6,1.497818,0.0,step11.v1,fallback_raw
R2,2026-01-02T23:00:00,6.0,0.45,5.55,0.7,1.578,0.0,step11.v1,fallback_raw
R2,2026-01-02T23:15:00,6.0,0.45,5.55,0.7,1.578,0.0,step11.v1,fallback_raw
R2,2026-01-02T23:30:00,6.0,0.45,5.55,0.7,1.578,0.0,step11.v1,fallback_raw
R2,2026-01-02T23:45:00,10.0,0.45,9.55,0.5,1.418,0.0,step11.v1,fallback_raw
R2,2026-01-03T00:00:00,9.0,0.9818,8.0182,0.55,1.479273,0.0,step11.v1,fallback_raw
R2,2026-01-03T00:15:00,6.0,0.9818,5.0182,0.7,1.599273,0.0,step11.v1,fallback_raw
R2,2026-01-03T00:30:00,10.0,0.9818,9.0182,0.5,1.439273,0.0,step11.v1,fallback_raw
R2,2026-01-03T00:45:00,9.0,0.9818,8.0182,0.55,1.479273,0.0,step11.v1,fallback_raw
R2,2026-01-03T01:00:00,7.0,0.9773,6.0227,0.65,1.559091,0.0,step11.v1,fallback_raw
R2,2026-01-03T01:15:00,6.0,0.9773,5.0227,0.7,1.599091,0.0,step11.v1,fallback_raw
R2,2026-01-03T01:30:00,4.0,0.9773,3.0227,0.8,1.679091,0.0,step11.v1,fallback_raw
R2,2026-01-03T01:45:00,11.0,0.9773,10.0227,0.45,1.399091,0.0,step11.v1,fallback_raw
R2,2026-01-03T02:00:00,7.0,0.9909,6.0091,0.65,1.559636,0.0,step11.v1,fallback_raw
R2,2026-01-03T02:15:00,9.0,0.9909,8.0091,0.55,1.479636,0.0,step11.v1,fallback_raw
R2,2026-01-03T02:30:00,11.0,0.9909,10.0091,0.45,1.399636,0.0,step11.v1,fallback_raw
R2,2026-01-03T02:45:00,8.0,0.9909,7.0091,0.6,1.519636,0.0,step11.v1,fallback_raw
R2,2026-01-03T03:00:00,10.0,0.9955,9.0045,0.5,1.439818,0.0,step11.v1,fallback_raw
R2,2026-01-03T03:15:00,9.0,0.9955,8.0045,0.55,1.479818,0.0,step11.v1,fallback_raw
R2,2026-01-03T03:30:00,7.0,0.9955,6.0045,0.65,1.559818,0.0,step11.v1,fallback_raw
R2,2026-01-03T03:45:00,9.0,0.9955,8.0045,0.55,1.479818,0.0,step11.v1,fallback_raw
R2,2026-01-03T04:00:00,9.0,0.9182,8.0818,0.55,1.476727,0.0,step11.v1,fallback_raw
R2,2026-01-03T04:15:00,9.0,0.9182,8.0818,0.55,1.476727,0.0,step11.v1,fallback_raw
R2,2026-01-03T04:30:00,10.0,0.9182,9.0818,0.5,1.436727,0.0,step11.v1,fallback_raw
R2,2026-01-03T04:45:00,7.0,0.9182,6.0818,0.65,1.556727,0.0,step11.v1,fallback_raw
R2,2026-01-03T05:00:00,3.0,0.9636,2.0364,0.85,1.718545,0.0,step11.v1,fallback_raw
R2,2026-01-03T05:15:00,11.0,0.9636,10.0364,0.45,1.398545,0.0,step11.v1,fallback_raw
R2,2026-01-03T05:30:00,6.0,0.9636,5.0364,0.7,1.598545,0.0,step11.v1,fallback_raw
R2,2026-01-03T05:45:00,8.0,0.9636,7.0364,0.6,1.518545,0.0,step11.v1,fallback_raw
R2,2026-01-03T06:00:00,10.0,1.0409,8.9591,0.5,1.441636,0.0,step11.v1,fallback_raw
R2,2026-01-03T06:15:00,7.0,1.0409,5.9591,0.65,1.561636,0.0,step11.v1,fallback_raw
R2,2026-01-03T06:30:00,8.0,1.0409,6.9591,0.6,1.521636,0.0,step11.v1,fallback_raw
R2,2026-01-03T06:45:00,7.0,1.0409,5.9591,0.65,1.561636,0.0,step11.v1,fallback_raw
R2,2026-01-03T07:00:00,8.0,4.0182,3.9818,0.6,1.640727,0.0,step11.v1,fallback_raw
R2,2026-01-03T07:15:00,12.0,4.0182,7.9818,0.4,1.480727,0.0,step11.v1,fallback_raw
R2,2026-01-03T07:30:00,9.0,4.0182,4.9818,0.55,1.600727,0.0,step11.v1,fallback_raw
R2,2026-01-03T07:45:00,6.0,4.0182,1.9818,0.7,1.720727,0.0,step11.v1,fallback_raw
R2,2026-01-03T08:00:00,13.0,3.9591,9.0409,0.35,1.438364,0.0,step11.v1,fallback_raw
R2,2026-01-03T08:15:00,9.0,3.9591,5.0409,0.55,1.598364,0.0,step11.v1,fallback_raw
R2,2026-01-03T08:30:00,5.0,3.9591,1.0409,0.75,1.758364,0.0,step11.v1,fallback_raw
R2,2026-01-03T08:45:00,4.0,3.9591,0.0409,0.8,1.798364,0.0,step11.v1,fallback_raw
R2,2026-01-03T09:00:00,6.0,3.9773,2.0227,0.7,1.719091,0.0,step11.v1,fallback_raw
R2,2026-01-03T09:15:00,10.0,3.9773,6.0227,0.5,1.559091,0.0,step11.v1,fallback_raw
R2,2026-01-03T09:30:00,9.0,3.9773,5.0227,0.55,1.599091,0.0,step11.v1,fallback_raw
R2,2026-01-03T09:45:00,8.0,3.9773,4.0227,0.6,1.639091,0.0,step11.v1,fallback_raw
R2,2026-01-03T10:00:00,11.0,2.0955,8.9045,0.45,1.443818,0.0,step11.v1,fallback_raw
R2,2026-01-03T10:15:00,9.0,2.0955,6.9045,0.55,1.523818,0.0,step11.v1,fallback_raw
R2,2026-01-03T10:30:00,9.0,2.0955,6.9045,0.55,1.523818,0.0,step11.v1,fallback_raw
R2,2026-01-03T10:45:00,7.0,2.0955,4.9045,0.65,1.603818,0.0,step11.v1,fallback_raw
R2,2026-01-03T11:00:00,10.0,2.1091,7.8909,0.5,1.484364,0.0,step11.v1,fallback_raw
R2,2026-01-03T11:15:00,7.0,2.1091,4.8909,0.65,1.604364,0.0,step11.v1,fallback_raw
R2,2026-01-03T11:30:00,11.0,2.1091,8.8909,0.45,1.444364,0.0,step11.v1,fallback_raw
R2,2026-01-03T11:45:00,8.0,2.1091,5.8909,0.6,1.564364,0.0,step11.v1,fallback_raw
R2,2026-01-03T12:00:00,7.0,2.0455,4.9545,0.65,1.601818,0.0,step11.v1,fallback_raw
R2,2026-01-03T12:15:00,7.0,2.0455,4.9545,0.65,1.601818,0.0,step11.v1,fallback_raw
R2,2026-01-03T12:30:00,10.0,2.0455,7.9545,0.5,1.481818,0.0,step11.v1,fallback_raw
R2,2026-01-03T12:45:00,12.0,2.0455,9.9545,0.4,1.401818,0.0,step11.v1,fallback_raw
R2,2026-01-03T13:00:00,6.0,2.1182,3.8818,0.7,1.644727,0.0,step11.v1,fallback_raw
R2,2026-01-03T13:15:00,8.0,2.1182,5.8818,0.6,1.564727,0.0,step11.v1,fallback_raw
R2,2026-01-03T13:30:00,9.0,2.1182,6.8818,0.55,1.524727,0.0,step11.v1,fallback_raw
R2,2026-01-03T13:45:00,9.0,2.1182,6.8818,0.55,1.524727,0.0,step11.v1,fallback_raw
R2,2026-01-03T14:00:00,5.0,2.1591,2.8409,0.75,1.686364,0.0,step11.v1,fallback_raw
R2,2026-01-03T14:15:00,8.0,2.1591,5.8409,0.6,1.566364,0.0,step11.v1,fallback_raw
R2,2026-01-03T14:30:00,8.0,2.1591,5.8409,0.6,1.566364,0.0,step11.v1,fallback_raw
R2,2026-01-03T14:45:00,12.0,2.1591,9.8409,0.4,1.406364,0.0,step11.v1,fallback_raw
R2,2026-01-03T15:00:00,5.0,2.15,2.85,0.75,1.686,0.0,step11.v1,fallback_raw
R2,2026-01-03T15:15:00,13.0,2.15,10.85,0.35,1.366,0.0,step11.v1,fallback_raw
R2,2026-01-03T15:30:00,13.0,2.15,10.85,0.35,1.366,0.0,step11.v1,fallback_raw
R2,2026-01-03T15:45:00,11.0,2.15,8.85,0.45,1.446,0.0,step11.v1,fallback_raw
R2,2026-01-03T16:00:00,10.0,2.0591,7.9409,0.5,1.482364,0.0,step11.v1,fallback_raw
R2,2026-01-03T16:15:00,11.0,2.0591,8.9409,0.45,1.442364,0.0,step11.v1,fallback_raw
R2,2026-01-03T16:30:00,8.0,2.0591,5.9409,0.6,1.562364,0.0,step11.v1,fallback_raw
R2,2026-01-03T16:45:00,8.0,2.0591,5.9409,0.6,1.562364,0.0,step11.v1,fallback_raw
R2,2026-01-03T17:00:00,4.0,4.0136,-0.0136,0.8,1.800545,0.0136,step11.v1,fallback_raw
R2,2026-01-03T17:15:00,8.0,4.0136,3.9864,0.6,1.640545,0.0,step11.v1,fallback_raw
R2,2026-01-03T17:30:00,8.0,4.0136,3.9864,0.6,1.640545,0.0,step11.v1,fallback_raw
R2,2026-01-03T17:45:00,9.0,4.0136,4.9864,0.55,1.600545,0.0,step11.v1,fallback_raw
R2,2026-01-03T18:00:00,7.0,4.0318,2.9682,0.65,1.681273,0.0,step11.v1,fallback_raw
R2,2026-01-03T18:15:00,7.0,4.0318,2.9682,0.65,1.681273,0.0,step11.v1,fallback_raw
R2,2026-01-03T18:30:00,10.0,4.0318,5.9682,0.5,1.561273,0.0,step11.v1,fallback_raw
R2,2026-01-03T18:45:00,6.0,4.0318,1.9682,0.7,1.721273,0.0,step11.v1,fallback_raw
R2,2026-01-03T19:00:00,8.0,4.0136,3.9864,0.6,1.640545,0.0,step11.v1,fallback_raw
R2,2026-01-03T19:15:00,7.0,4.0136,2.9864,0.65,1.680545,0.0,step11.v1,fallback_raw
R2,2026-01-03T19:30:00,10.0,4.0136,5.9864,0.5,1.560545,0.0,step11.v1,fallback_raw
R2,2026-01-03T19:45:00,9.0,4.0136,4.9864,0.55,1.600545,0.0,step11.v1,fallback_raw
R2,2026-01-03T20:00:00,9.0,0.9227,8.0773,0.55,1.476909,0.0,step11.v1,fallback_raw
R2,2026-01-03T20:15:00,11.0,0.9227,10.0773,0.45,1.396909,0.0,step11.v1,fallback_raw
R2,2026-01-03T20:30:00,5.0,0.9227,4.0773,0.75,1.636909,0.0,step11.v1,fallback_raw
R2,2026-01-03T20:45:00,10.0,0.9227,9.0773,0.5,1.436909,0.0,step11.v1,fallback_raw
R2,2026-01-03T21:00:00,11.0,0.9909,10.0091,0.45,1.399636,0.0,step11.v1,fallback_raw
R2,2026-01-03T21:15:00,13.0,0.9909,12.0091,0.35,1.319636,0.0,step11.v1,fallback_raw
R2,2026-01-03T21:30:00,7.0,0.9909,6.0091,0.65,1.559636,0.0,step11.v1,fallback_raw
R2,2026-01-03T21:45:00,8.0,0.9909,7.0091,0.6,1.519636,0.0,step11.v1,fallback_raw
R2,2026-01-03T22:00:00,6.0,1.0318,4.9682,0.7,1.601273,0.0,step11.v1,fallback_raw
R2,2026-01-03T22:15:00,11.0,1.0318,9.9682,0.45,1.401273,0.0,step11.v1,fallback_raw
R2,2026-01-03T22:30:00,14.0,1.0318,12.9682,0.3,1.281273,0.0,step11.v1,fallback_raw
R2,2026-01-03T22:45:00,5.0,1.0318,3.9682,0.75,1.641273,0.0,step11.v1,fallback_raw
R2,2026-01-03T23:00:00,9.0,1.0091,7.9909,0.55,1.480364,0.0,step11.v1,fallback_raw
R2,2026-01-03T23:15:00,12.0,1.0091,10.9909,0.4,1.360364,0.0,step11.v1,fallback_raw
R2,2026-01-03T23:30:00,9.0,1.0091,7.9909,0.55,1.480364,0.0,step11.v1,fallback_raw
R2,2026-01-03T23:45:00,9.0,1.0091,7.9909,0.55,1.480364,0.0,step11.v1,fallback_raw
R3,2026-01-01T00:00:00,10.0,0.4278,9.5722,0.5,1.417111,0.0,step11.v1,fallback_raw
R3,2026-01-01T00:15:00,6.0,0.4278,5.5722,0.7,1.577111,0.0,step11.v1,fallback_raw
R3,2026-01-01T00:30:00,5.0,0.4278,4.5722,0.75,1.617111,0.0,step11.v1,fallback_raw
R3,2026-01-01T00:45:00,4.0,0.4278,3.5722,0.8,1.657111,0.0,step11.v1,fallback_raw
R3,2026-01-01T01:00:00,9.0,0.3833,8.6167,0.55,1.455333,0.0,step11.v1,fallback_raw
R3,2026-01-01T01:15:00,8.0,0.3833,7.6167,0.6,1.495333,0.0,step11.v1,fallback_raw
R3,2026-01-01T01:30:00,9.0,0.3833,8.6167,0.55,1.455333,0.0,step11.v1,fallback_raw
R3,2026-01-01T01:45:00,10.0,0.3833,9.6167,0.5,1.415333,0.0,step11.v1,fallback_raw
R3,2026-01-01T02:00:00,8.0,0.45,7.55,0.6,1.498,0.0,step11.v1,fallback_raw
R3,2026-01-01T02:15:00,10.0,0.45,9.55,0.5,1.418,0.0,step11.v1,fallback_raw
R3,2026-01-01T02:30:00,9.0,0.45,8.55,0.55,1.458,0.0,step11.v1,fallback_raw
R3,2026-01-01T02:45:00,5.0,0.45,4.55,0.75,1.618,0.0,step11.v1,fallback_raw
R3,2026-01-01T03:00:00,4.0,0.4222,3.5778,0.8,1.656889,0.0,step11.v1,fallback_raw
R3,2026-01-01T03:15:00,14.0,0.4222,13.5778,0.3,1.256889,0.0,step11.v1,fallback_raw
R3,2026-01-01T03:30:00,12.0,0.4222,11.5778,0.4,1.336889,0.0,step11.v1,fallback_raw
R3,2026-01-01T03:45:00,10.0,0.4222,9.5778,0.5,1.416889,0.0,step11.v1,fallback_raw
R3,2026-01-01T04:00:00,12.0,0.4611,11.5389,0.4,1.338444,0.0,step11.v1,fallback_raw
R3,2026-01-01T04:15:00,7.0,0.4611,6.5389,0.65,1.538444,0.0,step11.v1,fallback_raw
R3,2026-01-01T04:30:00,7.0,0.4611,6.5389,0.65,1.538444,0.0,step11.v1,fallback_raw
R3,2026-01-01T04:45:00,8.0,0.4611,7.5389,0.6,1.498444,0.0,step11.v1,fallback_raw
R3,2026-01-01T05:00:00,6.0,0.3111,5.6889,0.7,1.572444,0.0,step11.v1,fallback_raw
R3,2026-01-01T05:15:00,8.0,0.3111,7.6889,0.6,1.492444,0.0,step11.v1,fallback_raw
R3,2026-01-01T05:30:00,5.0,0.3111,4.6889,0.75,1.612444,0.0,step11.v1,fallback_raw
R3,2026-01-01T05:45:00,6.0,0.3111,5.6889,0.7,1.572444,0.0,step11.v1,fallback_raw
R3,2026-01-01T06:00:00,13.0,0.4278,12.5722,0.35,1.297111,0.0,step11.v1,fallback_raw
R3,2026-01-01T06:15:00,10.0,0.4278,9.5722,0.5,1.417111,0.0,step11.v1,fallback_raw
R3,2026-01-01T06:30:00,6.0,0.4278,5.5722,0.7,1.577111,0.0,step11.v1,fallback_raw
R3,2026-01-01T06:45:00,9.0,0.4278,8.5722,0.55,1.457111,0.0,step11.v1,fallback_raw
R3,2026-01-01T07:00:00,3.0,3.4611,-0.4611,0.85,1.818444,0.4611,step11.v1,fallback_raw
R3,2026-01-01T07:15:00,10.0,3.4611,6.5389,0.5,1.538444,0.0,step11.v1,fallback_raw
R3,2026-01-01T07:30:00,6.0,3.4611,2.5389,0.7,1.698444,0.0,step11.v1,fallback_raw
R3,2026-01-01T07:45:00,8.0,3.4611,4.5389,0.6,1.618444,0.0,step11.v1,fallback_raw
R3,2026-01-01T08:00:00,4.0,3.4667,0.5333,0.8,1.778667,0.0,step11.v1,fallback_raw
R3,2026-01-01T08:15:00,9.0,3.4667,5.5333,0.55,1.578667,0.0,step11.v1,fallback_raw
R3,2026-01-01T08:30:00,7.0,3.4667,3.5333,0.65,1.658667,0.0,step11.v1,fallback_raw
R3,2026-01-01T08:45:00,8.0,3.4667,4.5333,0.6,1.618667,0.0,step11.v1,fallback_raw
R3,2026-01-01T09:00:00,8.0,3.4,4.6,0.6,1.616,0.0,step11.v1,fallback_raw
R3,2026-01-01T09:15:00,7.0,3.4,3.6,0.65,1.656,0.0,step11.v1,fallback_raw
R3,2026-01-01T09:30:00,6.0,3.4,2.6,0.7,1.696,0.0,step11.v1,fallback_raw
R3,2026-01-01T09:45:00,12.0,3.4,8.6,0.4,1.456,0.0,step11.v1,fallback_raw
R3,2026-01-01T10:00:00,8.0,1.5278,6.4722,0.6,1.541111,0.0,step11.v1,fallback_raw
R3,2026-01-01T10:15:00,11.0,1.5278,9.4722,0.45,1.421111,0.0,step11.v1,fallback_raw
R3,2026-01-01T10:30:00,8.0,1.5278,6.4722,0.6,1.541111,0.0,step11.v1,fallback_raw
R3,2026-01-01T10:45:00,7.0,1.5278,5.4722,0.65,1.581111,0.0,step11.v1,fallback_raw
R3,2026-01-01T11:00:00,9.0,1.5778,7.4222,0.55,1.503111,0.0,step11.v1,fallback_raw
R3,2026-01-01T11:15:00,9.0,1.5778,7.4222,0.55,1.503111,0.0,step11.v1,fallback_raw
R3,2026-01-01T11:30:00,8.0,1.5778,6.4222,0.6,1.543111,0.0,step11.v1,fallback_raw
R3,2026-01-01T11:45:00,8.0,1.5778,6.4222,0.6,1.543111,0.0,step11.v1,fallback_raw
R3,2026-01-01T12:00:00,13.0,1.6389,11.3611,0.35,1.345556,0.0,step11.v1,fallback_raw
R3,2026-01-01T12:15:00,8.0,1.6389,6.3611,0.6,1.545556,0.0,step11.v1,fallback_raw
R3,2026-01-01T12:30:00,5.0,1.6389,3.3611,0.75,1.665556,0.0,step11.v1,fallback_raw
R3,2026-01-01T12:45:00,8.0,1.6389,6.3611,0.6,1.545556,0.0,step11.v1,fallback_raw
R3,2026-01-01T13:00:00,6.0,1.5167,4.4833,0.7,1.620667,0.0,step11.v1,fallback_raw
R3,2026-01-01T13:15:00,10.0,1.5167,8.4833,0.5,1.460667,0.0,step11.v1,fallback_raw
R3,2026-01-01T13:30:00,9.0,1.5167,7.4833,0.55,1.500667,0.0,step11.v1,fallback_raw
R3,2026-01-01T13:45:00,10.0,1.5167,8.4833,0.5,1.460667,0.0,step11.v1,fallback_raw
R3,2026-01-01T14:00:00,8.0,1.4556,6.5444,0.6,1.538222,0.0,step11.v1,fallback_raw
R3,2026-01-01T14:15:00,14.0,1.4556,12.5444,0.3,1.298222,0.0,step11.v1,fallback_raw
R3,2026-01-01T14:30:00,8.0,1.4556,6.5444,0.6,1.538222,0.0,step11.v1,fallback_raw
R3,2026-01-01T14:45:00,9.0,1.4556,7.5444,0.55,1.498222,0.0,step11.v1,fallback_raw
R3,2026-01-01T15:00:00,9.0,1.55,7.45,0.55,1.502,0.0,step11.v1,fallback_raw
R3,2026-01-01T15:15:00,6.0,1.55,4.45,0.7,1.622,0.0,step11.v1,fallback_raw
R3,2026-01-01T15:30:00,12.0,1.55,10.45,0.4,1.382,0.0,step11.v1,fallback_raw
R3,2026-01-01T15:45:00,6.0,1.55,4.45,0.7,1.622,0.0,step11.v1,fallback_raw
R3,2026-01-01T16:00:00,8.0,1.65,6.35,0.6,1.546,0.0,step11.v1,fallback_raw
R3,2026-01-01T16:15:00,10.0,1.65,8.35,0.5,1.466,0.0,step11.v1,fallback_raw
R3,2026-01-01T16:30:00,10.0,1.65,8.35,0.5,1.466,0.0,step11.v1,fallback_raw
R3,2026-01-01T16:45:00,14.0,1.65,12.35,0.3,1.306,0.0,step11.v1,fallback_raw
R3,2026-01-01T17:00:00,9.0,3.4944,5.5056,0.55,1.579778,0.0,step11.v1,fallback_raw
R3,2026-01-01T17:15:00,7.0,3.4944,3.5056,0.65,1.659778,0.0,step11.v1,fallback_raw
R3,2026-01-01T17:30:00,11.0,3.4944,7.5056,0.45,1.499778,0.0,step11.v1,fallback_raw
R3,2026-01-01T17:45:00,7.0,3.4944,3.5056,0.65,1.659778,0.0,step11.v1,fallback_raw
R3,2026-01-01T18:00:00,10.0,3.4,6.6,0.5,1.536,0.0,step11.v1,fallback_raw
R3,2026-01-01T18:15:00,8.0,3.4,4.6,0.6,1.616,0.0,step11.v1,fallback_raw
R3,2026-01-01T18:30:00,9.0,3.4,5.6,0.55,1.576,0.0,step11.v1,fallback_raw
R3,2026-01-01T18:45:00,8.0,3.4,4.6,0.6,1.616,0.0,step11.v1,fallback_raw
R3,2026-01-01T19:00:00,10.0,3.4333,6.5667,0.5,1.537333,0.0,step11.v1,fallback_raw
R3,2026-01-01T19:15:00,10.0,3.4333,6.5667,0.5,1.537333,0.0,step11.v1,fallback_raw
R3,2026-01-01T19:30:00,13.0,3.4333,9.5667,0.35,1.417333,0.0,step11.v1,fallback_raw
R3,2026-01-01T19:45:00,10.0,3.4333,6.5667,0.5,1.537333,0.0,step11.v1,fallback_raw
R3,2026-01-01T20:00:00,9.0,0.5722,8.4278,0.55,1.462889,0.0,step11.v1,fallback_raw
R3,2026-01-01T20:15:00,7.0,0.5722,6.4278,0.65,1.542889,0.0,step11.v1,fallback_raw
R3,2026-01-01T20:30:00,5.0,0.5722,4.4278,0.75,1.622889,0.0,step11.v1,fallback_raw
R3,2026-01-01T20:45:00,9.0,0.5722,8.4278,0.55,1.462889,0.0,step11.v1,fallback_raw
R3,2026-01-01T21:00:00,15.0,0.4444,14.5556,0.25,1.217778,0.0,step11.v1,fallback_raw
R3,2026-01-01T21:15:00,7.0,0.4444,6.5556,0.65,1.537778,0.0,step11.v1,fallback_raw
R3,2026-01-01T21:30:00,11.0,0.4444,10.5556,0.45,1.377778,0.0,step11.v1,fallback_raw
R3,2026-01-01T21:45:00,9.0,0.4444,8.5556,0.55,1.457778,0.0,step11.v1,fallback_raw
R3,2026-01-01T22:00:00,8.0,0.4333,7.5667,0.6,1.497333,0.0,step11.v1,fallback_raw
R3,2026-01-01T22:15:00,9.0,0.4333,8.5667,0.55,1.457333,0.0,step11.v1,fallback_raw
R3,2026-01-01T22:30:00,10.0,0.4333,9.5667,0.5,1.417333,0.0,step11.v1,fallback_raw
R3,2026-01-01T22:45:00,11.0,0.4333,10.5667,0.45,1.377333,0.0,step11.v1,fallback_raw
R3,2026-01-01T23:00:00,13.0,0.4556,12.5444,0.35,1.298222,0.0,step11.v1,fallback_raw
R3,2026-01-01T23:15:00,11.0,0.4556,10.5444,0.45,1.378222,0.0,step11.v1,fallback_raw
R3,2026-01-01T23:30:00,7.0,0.4556,6.5444,0.65,1.538222,0.0,step11.v1,fallback_raw
R3,2026-01-01T23:45:00,3.0,0.4556,2.5444,0.85,1.698222,0.0,step11.v1,fallback_raw
R3,2026-01-02T00:00:00,12.0,0.4,11.6,0.4,1.336,0.0,step11.v1,fallback_raw
R3,2026-01-02T00:15:00,8.0,0.4,7.6,0.6,1.496,0.0,step11.v1,fallback_raw
R3,2026-01-02T00:30:00,6.0,0.4,5.6,0.7,1.576,0.0,step11.v1,fallback_raw
R3,2026-01-02T00:45:00,8.0,0.4,7.6,0.6,1.496,0.0,step11.v1,fallback_raw
R3,2026-01-02T01:00:00,7.0,0.3722,6.6278,0.65,1.534889,0.0,step11.v1,fallback_raw
R3,2026-01-02T01:15:00,12.0,0.3722,11.6278,0.4,1.334889,0.0,step11.v1,fallback_raw
R3,2026-01-02T01:30:00,7.0,0.3722,6.6278,0.65,1.534889,0.0,step11.v1,fallback_raw
R3,2026-01-02T01:45:00,10.0,0.3722,9.6278,0.5,1.414889,0.0,step11.v1,fallback_raw
R3,2026-01-02T02:00:00,6.0,0.4944,5.5056,0.7,1.579778,0.0,step11.v1,fallback_raw
R3,2026-01-02T02:15:00,6.0,0.4944,5.5056,0.7,1.579778,0.0,step11.v1,fallback_raw
R3,2026-01-02T02:30:00,8.0,0.4944,7.5056,0.6,1.499778,0.0,step11.v1,fallback_raw
R3,2026-01-02T02:45:00,4.0,0.4944,3.5056,0.8,1.659778,0.0,step11.v1,fallback_raw
R3,2026-01-02T03:00:00,9.0,0.5278,8.4722,0.55,1.461111,0.0,step11.v1,fallback_raw
R3,2026-01-02T03:15:00,10.0,0.5278,9.4722,0.5,1.421111,0.0,step11.v1,fallback_raw
R3,2026-01-02T03:30:00,9.0,0.5278,8.4722,0.55,1.461111,0.0,step11.v1,fallback_raw
R3,2026-01-02T03:45:00,8.0,0.5278,7.4722,0.6,1.501111,0.0,step11.v1,fallback_raw
R3,2026-01-02T04:00:00,9.0,0.4778,8.5222,0.55,1.459111,0.0,step11.v1,fallback_raw
R3,2026-01-02T04:15:00,10.0,0.4778,9.5222,0.5,1.419111,0.0,step11.v1,fallback_raw
R3,2026-01-02T04:30:00,10.0,0.4778,9.5222,0.5,1.419111,0.0,step11.v1,fallback_raw
R3,2026-01-02T04:45:00,8.0,0.4778,7.5222,0.6,1.499111,0.0,step11.v1,fallback_raw
R3,2026-01-02T05:00:00,9.0,0.3722,8.6278,0.55,1.454889,0.0,step11.v1,fallback_raw
R3,2026-01-02T05:15:00,5.0,0.3722,4.6278,0.75,1.614889,0.0,step11.v1,fallback_raw
R3,2026-01-02T05:30:00,10.0,0.3722,9.6278,0.5,1.414889,0.0,step11.v1,fallback_raw
R3,2026-01-02T05:45:00,9.0,0.3722,8.6278,0.55,1.454889,0.0,step11.v1,fallback_raw
R3,2026-01-02T06:00:00,11.0,0.5111,10.4889,0.45,1.380444,0.0,step11.v1,fallback_raw
R3,2026-01-02T06:15:00,8.0,0.5111,7.4889,0.6,1.500444,0.0,step11.v1,fallback_raw
R3,2026-01-02T06:30:00,9.0,0.5111,8.4889,0.55,1.460444,0.0,step11.v1,fallback_raw
R3,2026-01-02T06:45:00,3.0,0.5111,2.4889,0.85,1.700444,0.0,step11.v1,fallback_raw
R3,2026-01-02T07:00:00,9.0,3.4833,5.5167,0.55,1.579333,0.0,step11.v1,fallback_raw
R3,2026-01-02T07:15:00,5.0,3.4833,1.5167,0.75,1.739333,0.0,step11.v1,fallback_raw
R3,2026-01-02T07:30:00,7.0,3.4833,3.5167,0.65,1.659333,0.0,step11.v1,fallback_raw
R3,2026-01-02T07:45:00,4.0,3.4833,0.5167,0.8,1.779333,0.0,step11.v1,fallback_raw
R3,2026-01-02T08:00:00,8.0,3.4667,4.5333,0.6,1.618667,0.0,step11.v1,fallback_raw
R3,2026-01-02T08:15:00,11.0,3.4667,7.5333,0.45,1.498667,0.0,step11.v1,fallback_raw
R3,2026-01-02T08:30:00,5.0,3.4667,1.5333,0.75,1.738667,0.0,step11.v1,fallback_raw
R3,2026-01-02T08:45:00,9.0,3.4667,5.5333,0.55,1.578667,0.0,step11.v1,fallback_raw
R3,2026-01-02T09:00:00,10.0,3.3333,6.6667,0.5,1.533333,0.0,step11.v1,fallback_raw
R3,2026-01-02T09:15:00,9.0,3.3333,5.6667,0.55,1.573333,0.0,step11.v1,fallback_raw
R3,2026-01-02T09:30:00,8.0,3.3333,4.6667,0.6,1.613333,0.0,step11.v1,fallback_raw
R3,2026-01-02T09:45:00,7.0,3.3333,3.6667,0.65,1.653333,0.0,step11.v1,fallback_raw
R3,2026-01-02T10:00:00,7.0,1.6111,5.3889,0.65,1.584444,0.0,step11.v1,fallback_raw
R3,2026-01-02T10:15:00,10.0,1.6111,8.3889,0.5,1.464444,0.0,step11.v1,fallback_raw
R3,2026-01-02T10:30:00,5.0,1.6111,3.3889,0.75,1.664444,0.0,step11.v1,fallback_raw
R3,2026-01-02T10:45:00,16.0,1.6111,14.3889,0.2,1.224444,0.0,step11.v1,fallback_raw
R3,2026-01-02T11:00:00,9.0,1.5778,7.4222,0.55,1.503111,0.0,step11.v1,fallback_raw
R3,2026-01-02T11:15:00,8.0,1.5778,6.4222,0.6,1.543111,0.0,step11.v1,fallback_raw
R3,2026-01-02T11:30:00,11.0,1.5778,9.4222,0.45,1.423111,0.0,step11.v1,fallback_raw
R3,2026-01-02T11:45:00,8.0,1.5778,6.4222,0.6,1.543111,0.0,step11.v1,fallback_raw
R3,2026-01-02T12:00:00,8.0,1.55,6.45,0.6,1.542,0.0,step11.v1,fallback_raw
R3,2026-01-02T12:15:00,7.0,1.55,5.45,0.65,1.582,0.0,step11.v1,fallback_raw
R3,2026-01-02T12:30:00,10.0,1.55,8.45,0.5,1.462,0.0,step11.v1,fallback_raw
R3,2026-01-02T12:45:00,6.0,1.55,4.45,0.7,1.622,0.0,step11.v1,fallback_raw
R3,2026-01-02T13:00:00,8.0,1.5056,6.4944,0.6,1.540222,0.0,step11.v1,fallback_raw
R3,2026-01-02T13:15:00,9.0,1.5056,7.4944,0.55,1.500222,0.0,step11.v1,fallback_raw
R3,2026-01-02T13:30:00,7.0,1.5056,5.4944,0.65,1.580222,0.0,step11.v1,fallback_raw
R3,2026-01-02T13:45:00,9.0,1.5056,7.4944,0.55,1.500222,0.0,step11.v1,fallback_raw
R3,2026-01-02T14:00:00,6.0,1.5167,4.4833,0.7,1.620667,0.0,step11.v1,fallback_raw
R3,2026-01-02T14:15:00,12.0,1.5167,10.4833,0.4,1.380667,0.0,step11.v1,fallback_raw
R3,2026-01-02T14:30:00,6.0,1.5167,4.4833,0.7,1.620667,0.0,step11.v1,fallback_raw
R3,2026-01-02T14:45:00,9.0,1.5167,7.4833,0.55,1.500667,0.0,step11.v1,fallback_raw
R3,2026-01-02T15:00:00,5.0,1.55,3.45,0.75,1.662,0.0,step11.v1,fallback_raw
R3,2026-01-02T15:15:00,8.0,1.55,6.45,0.6,1.542,0.0,step11.v1,fallback_raw
R3,2026-01-02T15:30:00,5.0,1.55,3.45,0.75,1.662,0.0,step11.v1,fallback_raw
R3,2026-01-02T15:45:00,10.0,1.55,8.45,0.5,1.462,0.0,step11.v1,fallback_raw
R3,2026-01-02T16:00:00,6.0,1.5333,4.4667,0.7,1.621333,0.0,step11.v1,fallback_raw
R3,2026-01-02T16:15:00,5.0,1.5333,3.4667,0.75,1.661333,0.0,step11.v1,fallback_raw
R3,2026-01-02T16:30:00,6.0,1.5333,4.4667,0.7,1.621333,0.0,step11.v1,fallback_raw
R3,2026-01-02T16:45:00,5.0,1.5333,3.4667,0.75,1.661333,0.0,step11.v1,fallback_raw
R3,2026-01-02T17:00:00,9.0,3.4222,5.5778,0.55,1.576889,0.0,step11.v1,fallback_raw
R3,2026-01-02T17:15:00,6.0,3.4222,2.5778,0.7,1.696889,0.0,step11.v1,fallback_raw
R3,2026-01-02T17:30:00,12.0,3.4222,8.5778,0.4,1.456889,0.0,step11.v1,fallback_raw
R3,2026-01-02T17:45:00,7.0,3.4222,3.5778,0.65,1.656889,0.0,step11.v1,fallback_raw
R3,2026-01-02T18:00:00,8.0,3.4,4.6,0.6,1.616,0.0,step11.v1,fallback_raw
R3,2026-01-02T18:15:00,9.0,3.4,5.6,0.55,1.576,0.0,step11.v1,fallback_raw
R3,2026-01-02T18:30:00,10.0,3.4,6.6,0.5,1.536,0.0,step11.v1,fallback_raw
R3,2026-01-02T18:45:00,8.0,3.4,4.6,0.6,1.616,0.0,step11.v1,fallback_raw
R3,2026-01-02T19:00:00,8.0,3.4722,4.5278,0.6,1.618889,0.0,step11.v1,fallback_raw
R3,2026-01-02T19:15:00,8.0,3.4722,4.5278,0.6,1.618889,0.0,step11.v1,fallback_raw
R3,2026-01-02T19:30:00,15.0,3.4722,11.5278,0.25,1.338889,0.0,step11.v1,fallback_raw
R3,2026-01-02T19:45:00,10.0,3.4722,6.5278,0.5,1.538889,0.0,step11.v1,fallback_raw
R3,2026-01-02T20:00:00,7.0,0.3611,6.6389,0.65,1.534444,0.0,step11.v1,fallback_raw
R3,2026-01-02T20:15:00,9.0,0.3611,8.6389,0.55,1.454444,0.0,step11.v1,fallback_raw
R3,2026-01-02T20:30:00,10.0,0.3611,9.6389,0.5,1.414444,0.0,step11.v1,fallback_raw
R3,2026-01-02T20:45:00,9.0,0.3611,8.6389,0.55,1.454444,0.0,step11.v1,fallback_raw
R3,2026-01-02T21:00:00,11.0,0.4056,10.5944,0.45,1.376222,0.0,step11.v1,fallback_raw
R3,2026-01-02T21:15:00,9.0,0.4056,8.5944,0.55,1.456222,0.0,step11.v1,fallback_raw
R3,2026-01-02T21:30:00,7.0,0.4056,6.5944,0.65,1.536222,0.0,step11.v1,fallback_raw
R3,2026-01-02T21:45:00,9.0,0.4056,8.5944,0.55,1.456222,0.0,step11.v1,fallback_raw
R3,2026-01-02T22:00:00,9.0,0.4389,8.5611,0.55,1.457556,0.0,step11.v1,fallback_raw
R3,2026-01-02T22:15:00,10.0,0.4389,9.5611,0.5,1.417556,0.0,step11.v1,fallback_raw
R3,2026-01-02T22:30:00,9.0,0.4389,8.5611,0.55,1.457556,0.0,step11.v1,fallback_raw
R3,2026-01-02T22:45:00,9.0,0.4389,8.5611,0.55,1.457556,0.0,step11.v1,fallback_raw
R3,2026-01-02T23:00:00,6.0,0.3944,5.6056,0.7,1.575778,0.0,step11.v1,fallback_raw
R3,2026-01-02T23:15:00,8.0,0.3944,7.6056,0.6,1.495778,0.0,step11.v1,fallback_raw
R3,2026-01-02T23:30:00,8.0,0.3944,7.6056,0.6,1.495778,0.0,step11.v1,fallback_raw
R3,2026-01-02T23:45:00,11.0,0.3944,10.6056,0.45,1.375778,0.0,step11.v1,fallback_raw
R3,2026-01-03T00:00:00,10.0,0.9278,9.0722,0.5,1.437111,0.0,step11.v1,fallback_raw
R3,2026-01-03T00:15:00,10.0,0.9278,9.0722,0.5,1.437111,0.0,step11.v1,fallback_raw
R3,2026-01-03T00:30:00,12.0,0.9278,11.0722,0.4,1.357111,0.0,step11.v1,fallback_raw
R3,2026-01-03T00:45:00,10.0,0.9278,9.0722,0.5,1.437111,0.0,step11.v1,fallback_raw
R3,2026-01-03T01:00:00,7.0,0.9278,6.0722,0.65,1.557111,0.0,step11.v1,fallback_raw
R3,2026-01-03T01:15:00,9.0,0.9278,8.0722,0.55,1.477111,0.0,step11.v1,fallback_raw
R3,2026-01-03T01:30:00,8.0,0.9278,7.0722,0.6,1.517111,0.0,step11.v1,fallback_raw
R3,2026-01-03T01:45:00,12.0,0.9278,11.0722,0.4,1.357111,0.0,step11.v1,fallback_raw
R3,2026-01-03T02:00:00,11.0,0.9389,10.0611,0.45,1.397556,0.0,step11.v1,fallback_raw
R3,2026-01-03T02:15:00,7.0,0.9389,6.0611,0.65,1.557556,0.0,step11.v1,fallback_raw
R3,2026-01-03T02:30:00,9.0,0.9389,8.0611,0.55,1.477556,0.0,step11.v1,fallback_raw
R3,2026-01-03T02:45:00,7.0,0.9389,6.0611,0.65,1.557556,0.0,step11.v1,fallback_raw
R3,2026-01-03T03:00:00,8.0,1.0056,6.9944,0.6,1.520222,0.0,step11.v1,fallback_raw
R3,2026-01-03T03:15:00,3.0,1.0056,1.9944,0.85,1.720222,0.0,step11.v1,fallback_raw
R3,2026-01-03T03:30:00,8.0,1.0056,6.9944,0.6,1.520222,0.0,step11.v1,fallback_raw
R3,2026-01-03T03:45:00,8.0,1.0056,6.9944,0.6,1.520222,0.0,step11.v1,fallback_raw
R3,2026-01-03T04:00:00,7.0,0.9611,6.0389,0.65,1.558444,0.0,step11.v1,fallback_raw
R3,2026-01-03T04:15:00,9.0,0.9611,8.0389,0.55,1.478444,0.0,step11.v1,fallback_raw
R3,2026-01-03T04:30:00,6.0,0.9611,5.0389,0.7,1.598444,0.0,step11.v1,fallback_raw
R3,2026-01-03T04:45:00,6.0,0.9611,5.0389,0.7,1.598444,0.0,step11.v1,fallback_raw
R3,2026-01-03T05:00:00,4.0,0.9611,3.0389,0.8,1.678444,0.0,step11.v1,fallback_raw
R3,2026-01-03T05:15:00,9.0,0.9611,8.0389,0.55,1.478444,0.0,step11.v1,fallback_raw
R3,2026-01-03T05:30:00,8.0,0.9611,7.0389,0.6,1.518444,0.0,step11.v1,fallback_raw
R3,2026-01-03T05:45:00,7.0,0.9611,6.0389,0.65,1.558444,0.0,step11.v1,fallback_raw
R3,2026-01-03T06:00:00,8.0,0.9389,7.0611,0.6,1.517556,0.0,step11.v1,fallback_raw
R3,2026-01-03T06:15:00,10.0,0.9389,9.0611,0.5,1.437556,0.0,step11.v1,fallback_raw
R3,2026-01-03T06:30:00,12.0,0.9389,11.0611,0.4,1.357556,0.0,step11.v1,fallback_raw
R3,2026-01-03T06:45:00,7.0,0.9389,6.0611,0.65,1.557556,0.0,step11.v1,fallback_raw
R3,2026-01-03T07:00:00,8.0,4.0722,3.9278,0.6,1.642889,0.0,step11.v1,fallback_raw
R3,2026-01-03T07:15:00,8.0,4.0722,3.9278,0.6,1.642889,0.0,step11.v1,fallback_raw
R3,2026-01-03T07:30:00,7.0,4.0722,2.9278,0.65,1.682889,0.0,step11.v1,fallback_raw
R3,2026-01-03T07:45:00,8.0,4.0722,3.9278,0.6,1.642889,0.0,step11.v1,fallback_raw
R3,2026-01-03T08:00:00,8.0,3.95,4.05,0.6,1.638,0.0,step11.v1,fallback_raw
R3,2026-01-03T08:15:00,9.0,3.95,5.05,0.55,1.598,0.0,step11.v1,fallback_raw
R3,2026-01-03T08:30:00,9.0,3.95,5.05,0.55,1.598,0.0,step11.v1,fallback_raw
R3,2026-01-03T08:45:00,8.0,3.95,4.05,0.6,1.638,0.0,step11.v1,fallback_raw
R3,2026-01-03T09:00:00,6.0,4.0056,1.9944,0.7,1.720222,0.0,step11.v1,fallback_raw
R3,2026-01-03T09:15:00,7.0,4.0056,2.9944,0.65,1.680222,0.0,step11.v1,fallback_raw
R3,2026-01-03T09:30:00,7.0,4.0056,2.9944,0.65,1.680222,0.0,step11.v1,fallback_raw
R3,2026-01-03T09:45:00,5.0,4.0056,0.9944,0.75,1.760222,0.0,step11.v1,fallback_raw
R3,2026-01-03T10:00:00,10.0,2.0667,7.9333,0.5,1.482667,0.0,step11.v1,fallback_raw
R3,2026-01-03T10:15:00,12.0,2.0667,9.9333,0.4,1.402667,0.0,step11.v1,fallback_raw
R3,2026-01-03T10:30:00,2.0,2.0667,-0.0667,0.9,1.802667,0.0667,step11.v1,fallback_raw
R3,2026-01-03T10:45:00,11.0,2.0667,8.9333,0.45,1.442667,0.0,step11.v1,fallback_raw
R3,2026-01-03T11:00:00,10.0,2.0556,7.9444,0.5,1.482222,0.0,step11.v1,fallback_raw
R3,2026-01-03T11:15:00,10.0,2.0556,7.9444,0.5,1.482222,0.0,step11.v1,fallback_raw
R3,2026-01-03T11:30:00,5.0,2.0556,2.9444,0.75,1.682222,0.0,step11.v1,fallback_raw
R3,2026-01-03T11:45:00,7.0,2.0556,4.9444,0.65,1.602222,0.0,step11.v1,fallback_raw
R3,2026-01-03T12:00:00,6.0,2.05,3.95,0.7,1.642,0.0,step11.v1,fallback_raw
R3,2026-01-03T12:15:00,9.0,2.05,6.95,0.55,1.522,0.0,step11.v1,fallback_raw
R3,2026-01-03T12:30:00,6.0,2.05,3.95,0.7,1.642,0.0,step11.v1,fallback_raw
R3,2026-01-03T12:45:00,10.0,2.05,7.95,0.5,1.482,0.0,step11.v1,fallback_raw
R3,2026-01-03T13:00:00,7.0,2.1333,4.8667,0.65,1.605333,0.0,step11.v1,fallback_raw
R3,2026-01-03T13:15:00,8.0,2.1333,5.8667,0.6,1.565333,0.0,step11.v1,fallback_raw
R3,2026-01-03T13:30:00,9.0,2.1333,6.8667,0.55,1.525333,0.0,step11.v1,fallback_raw
R3,2026-01-03T13:45:00,8.0,2.1333,5.8667,0.6,1.565333,0.0,step11.v1,fallback_raw
R3,2026-01-03T14:00:00,9.0,2.1111,6.8889,0.55,1.524444,0.0,step11.v1,fallback_raw
R3,2026-01-03T14:15:00,9.0,2.1111,6.8889,0.55,1.524444,0.0,step11.v1,fallback_raw
R3,2026-01-03T14:30:00,5.0,2.1111,2.8889,0.75,1.684444,0.0,step11.v1,fallback_raw
R3,2026-01-03T14:45:00,9.0,2.1111,6.8889,0.55,1.524444,0.0,step11.v1,fallback_raw
R3,2026-01-03T15:00:00,6.0,2.0722,3.9278,0.7,1.642889,0.0,step11.v1,fallback_raw
R3,2026-01-03T15:15:00,7.0,2.0722,4.9278,0.65,1.602889,0.0,step11.v1,fallback_raw
R3,2026-01-03T15:30:00,7.0,2.0722,4.9278,0.65,1.602889,0.0,step11.v1,fallback_raw
R3,2026-01-03T15:45:00,7.0,2.0722,4.9278,0.65,1.602889,0.0,step11.v1,fallback_raw
R3,2026-01-03T16:00:00,9.0,2.0389,6.9611,0.55,1.521556,0.0,step11.v1,fallback_raw
R3,2026-01-03T16:15:00,10.0,2.0389,7.9611,0.5,1.481556,0.0,step11.v1,fallback_raw
R3,2026-01-03T16:30:00,7.0,2.0389,4.9611,0.65,1.601556,0.0,step11.v1,fallback_raw
R3,2026-01-03T16:45:00,7.0,2.0389,4.9611,0.65,1.601556,0.0,step11.v1,fallback_raw
R3,2026-01-03T17:00:00,3.0,4.0056,-1.0056,0.85,1.840222,1.0056,step11.v1,fallback_raw
R3,2026-01-03T17:15:00,9.0,4.0056,4.9944,0.55,1.600222,0.0,step11.v1,fallback_raw
R3,2026-01-03T17:30:00,7.0,4.0056,2.9944,0.65,1.680222,0.0,step11.v1,fallback_raw
R3,2026-01-03T17:45:00,8.0,4.0056,3.9944,0.6,1.640222,0.0,step11.v1,fallback_raw
R3,2026-01-03T18:00:00,9.0,4.0889,4.9111,0.55,1.603556,0.0,step11.v1,fallback_raw
R3,2026-01-03T18:15:00,10.0,4.0889,5.9111,0.5,1.563556,0.0,step11.v1,fallback_raw
R3,2026-01-03T18:30:00,6.0,4.0889,1.9111,0.7,1.723556,0.0,step11.v1,fallback_raw
R3,2026-01-03T18:45:00,6.0,4.0889,1.9111,0.7,1.723556,0.0,step11.v1,fallback_raw
R3,2026-01-03T19:00:00,7.0,3.9667,3.0333,0.65,1.678667,0.0,step11.v1,fallback_raw
R3,2026-01-03T19:15:00,10.0,3.9667,6.0333,0.5,1.558667,0.0,step11.v1,fallback_raw
R3,2026-01-03T19:30:00,10.0,3.9667,6.0333,0.5,1.558667,0.0,step11.v1,fallback_raw
R3,2026-01-03T19:45:00,12.0,3.9667,8.0333,0.4,1.478667,0.0,step11.v1,fallback_raw
R3,2026-01-03T20:00:00,11.0,0.9389,10.0611,0.45,1.397556,0.0,step11.v1,fallback_raw
R3,2026-01-03T20:15:00,4.0,0.9389,3.0611,0.8,1.677556,0.0,step11.v1,fallback_raw
R3,2026-01-03T20:30:00,7.0,0.9389,6.0611,0.65,1.557556,0.0,step11.v1,fallback_raw
R3,2026-01-03T20:45:00,11.0,0.9389,10.0611,0.45,1.397556,0.0,step11.v1,fallback_raw
R3,2026-01-03T21:00:00,6.0,0.9444,5.0556,0.7,1.597778,0.0,step11.v1,fallback_raw
R3,2026-01-03T21:15:00,10.0,0.9444,9.0556,0.5,1.437778,0.0,step11.v1,fallback_raw
R3,2026-01-03T21:30:00,10.0,0.9444,9.0556,0.5,1.437778,0.0,step11.v1,fallback_raw
R3,2026-01-03T21:45:00,3.0,0.9444,2.0556,0.85,1.717778,0.0,step11.v1,fallback_raw
R3,2026-01-03T22:00:00,2.0,0.9833,1.0167,0.9,1.759333,0.0,step11.v1,fallback_raw
R3,2026-01-03T22:15:00,8.0,0.9833,7.0167,0.6,1.519333,0.0,step11.v1,fallback_raw
R3,2026-01-03T22:30:00,8.0,0.9833,7.0167,0.6,1.519333,0.0,step11.v1,fallback_raw
R3,2026-01-03T22:45:00,9.0,0.9833,8.0167,0.55,1.479333,0.0,step11.v1,fallback_raw
R3,2026-01-03T23:00:00,9.0,1.0111,7.9889,0.55,1.480444,0.0,step11.v1,fallback_raw
R3,2026-01-03T23:15:00,6.0,1.0111,4.9889,0.7,1.600444,0.0,step11.v1,fallback_raw
R3,2026-01-03T23:30:00,6.0,1.0111,4.9889,0.7,1.600444,0.0,step11.v1,fallback_raw
R3,2026-01-03T23:45:00,11.0,1.0111,9.9889,0.45,1.400444,0.0,step11.v1,fallback_raw
