region_id,ts,weekday,hour_bucket,capacity,occupied_count,occupancy_rate,vehicle_in_count,vehicle_out_count,net_vehicle_flow,trip_probability_avg,supply_proxy,demand_proxy,gap_proxy,feature_schema_version,source_mode
R1,2026-01-01T00:00:00,4,0,20,14.0,0.7,0,2,-2,0.093,6.0,0.465,5.535,step11.v1,fallback_raw
R1,2026-01-01T00:15:00,4,0,20,11.0,0.55,0,2,-2,0.093,9.0,0.465,8.535,step11.v1,fallback_raw
R1,2026-01-01T00:30:00,4,0,20,13.0,0.65,0,2,-2,0.093,7.0,0.465,6.535,step11.v1,fallback_raw
R1,2026-01-01T00:45:00,4,0,20,9.0,0.45,0,2,-2,0.093,11.0,0.465,10.535,step11.v1,fallback_raw
R1,2026-01-01T01:00:00,4,1,20,11.0,0.55,0,2,-2,0.086,9.0,0.43,8.57,step11.v1,fallback_raw
R1,2026-01-01T01:15:00,4,1,20,11.0,0.55,0,2,-2,0.086,9.0,0.43,8.57,step11.v1,fallback_raw
R1,2026-01-01T01:30:00,4,1,20,11.0,0.55,0,2,-2,0.086,9.0,0.43,8.57,step11.v1,fallback_raw
R1,2026-01-01T01:45:00,4,1,20,9.0,0.45,0,2,-2,0.086,11.0,0.43,10.57,step11.v1,fallback_raw
R1,2026-01-01T02:00:00,4,2,20,12.0,0.6,0,2,-2,0.089,8.0,0.445,7.555,step11.v1,fallback_raw
R1,2026-01-01T02:15:00,4,2,20,16.0,0.8,0,2,-2,0.089,4.0,0.445,3.555,step11.v1,fallback_raw
R1,2026-01-01T02:30:00,4,2,20,11.0,0.55,0,2,-2,0.089,9.0,0.445,8.555,step11.v1,fallback_raw
R1,2026-01-01T02:45:00,4,2,20,18.0,0.9,0,2,-2,0.089,2.0,0.445,1.555,step11.v1,fallback_raw
R1,2026-01-01T03:00:00,4,3,20,10.0,0.5,0,2,-2,0.093,10.0,0.465,9.535,step11.v1,fallback_raw
R1,2026-01-01T03:15:00,4,3,20,10.0,0.5,0,2,-2,0.093,10.0,0.465,9.535,step11.v1,fallback_raw
R1,2026-01-01T03:30:00,4,3,20,13.0,0.65,0,2,-2,0.093,7.0,0.465,6.535,step11.v1,fallback_raw
R1,2026-01-01T03:45:00,4,3,20,9.0,0.45,0,2,-2,0.093,11.0,0.465,10.535,step11.v1,fallback_raw
R1,2026-01-01T04:00:00,4,4,20,12.0,0.6,0,2,-2,0.105,8.0,0.525,7.475,step11.v1,fallback_raw
R1,2026-01-01T04:15:00,4,4,20,11.0,0.55,0,2,-2,0.105,9.0,0.525,8.475,step11.v1,fallback_raw
R1,2026-01-01T04:30:00,4,4,20,13.0,0.65,0,2,-2,0.105,7.0,0.525,6.475,step11.v1,fallback_raw
R1,2026-01-01T04:45:00,4,4,20,12.0,0.6,0,2,-2,0.105,8.0,0.525,7.475,step11.v1,fallback_raw
R1,2026-01-01T05:00:00,4,5,20,11.0,0.55,0,2,-2,0.091,9.0,0.455,8.545,step11.v1,fallback_raw
R1,2026-01-01T05:15:00,4,5,20,11.0,0.55,0,2,-2,0.091,9.0,0.455,8.545,step11.v1,fallback_raw
R1,2026-01-01T05:30:00,4,5,20,19.0,0.95,0,2,-2,0.091,1.0,0.455,0.545,step11.v1,fallback_raw
R1,2026-01-01T05:45:00,4,5,20,9.0,0.45,0,2,-2,0.091,11.0,0.455,10.545,step11.v1,fallback_raw
R1,2026-01-01T06:00:00,4,6,20,10.0,0.5,0,2,-2,0.092,10.0,0.46,9.54,step11.v1,fallback_raw
R1,2026-01-01T06:15:00,4,6,20,11.0,0.55,0,2,-2,0.092,9.0,0.46,8.54,step11.v1,fallback_raw
R1,2026-01-01T06:30:00,4,6,20,10.0,0.5,0,2,-2,0.092,10.0,0.46,9.54,step11.v1,fallback_raw
R1,2026-01-01T06:45:00,4,6,20,14.0,0.7,0,2,-2,0.092,6.0,0.46,5.54,step11.v1,fallback_raw
R1,2026-01-01T07:00:00,4,7,20,13.0,0.65,0,2,-2,0.687,7.0,3.435,3.565,step11.v1,fallback_raw
R1,2026-01-01T07:15:00,4,7,20,10.0,0.5,0,2,-2,0.687,10.0,3.435,6.565,step11.v1,fallback_raw
R1,2026-01-01T07:30:00,4,7,20,11.0,0.55,0,2,-2,0.687,9.0,3.435,5.565,step11.v1,fallback_raw
R1,2026-01-01T07:45:00,4,7,20,16.0,0.8,0,2,-2,0.687,4.0,3.435,0.565,step11.v1,fallback_raw
R1,2026-01-01T08:00:00,4,8,20,12.0,0.6,0,2,-2,0.691,8.0,3.455,4.545,step11.v1,fallback_raw
R1,2026-01-01T08:15:00,4,8,20,8.0,0.4,0,2,-2,0.691,12.0,3.455,8.545,step11.v1,fallback_raw
R1,2026-01-01T08:30:00,4,8,20,16.0,0.8,0,2,-2,0.691,4.0,3.455,0.545,step11.v1,fallback_raw
R1,2026-01-01T08:45:00,4,8,20,15.0,0.75,0,2,-2,0.691,5.0,3.455,1.545,step11.v1,fallback_raw
R1,2026-01-01T09:00:00,4,9,20,13.0,0.65,0,2,-2,0.694,7.0,3.47,3.53,step11.v1,fallback_raw
R1,2026-01-01T09:15:00,4,9,20,10.0,0.5,0,2,-2,0.694,10.0,3.47,6.53,step11.v1,fallback_raw
R1,2026-01-01T09:30:00,4,9,20,15.0,0.75,0,2,-2,0.694,5.0,3.47,1.53,step11.v1,fallback_raw
R1,2026-01-01T09:45:00,4,9,20,9.0,0.45,0,2,-2,0.694,11.0,3.47,7.53,step11.v1,fallback_raw
R1,2026-01-01T10:00:00,4,10,20,12.0,0.6,0,2,-2,0.309,8.0,1.545,6.455,step11.v1,fallback_raw
R1,2026-01-01T10:15:00,4,10,20,10.0,0.5,0,2,-2,0.309,10.0,1.545,8.455,step11.v1,fallback_raw
R1,2026-01-01T10:30:00,4,10,20,12.0,0.6,0,2,-2,0.309,8.0,1.545,6.455,step11.v1,fallback_raw
R1,2026-01-01T10:45:00,4,10,20,11.0,0.55,0,2,-2,0.309,9.0,1.545,7.455,step11.v1,fallback_raw
R1,2026-01-01T11:00:00,4,11,20,12.0,0.6,0,2,-2,0.32,8.0,1.6,6.4,step11.v1,fallback_raw
R1,2026-01-01T11:15:00,4,11,20,9.0,0.45,0,2,-2,0.32,11.0,1.6,9.4,step11.v1,fallback_raw
R1,2026-01-01T11:30:00,4,11,20,13.0,0.65,0,2,-2,0.32,7.0,1.6,5.4,step11.v1,fallback_raw
R1,2026-01-01T11:45:00,4,11,20,11.0,0.55,0,2,-2,0.32,9.0,1.6,7.4,step11.v1,fallback_raw
R1,2026-01-01T12:00:00,4,12,20,6.0,0.3,0,2,-2,0.311,14.0,1.555,12.445,step11.v1,fallback_raw
R1,2026-01-01T12:15:00,4,12,20,11.0,0.55,0,2,-2,0.311,9.0,1.555,7.445,step11.v1,fallback_raw
R1,2026-01-01T12:30:00,4,12,20,13.0,0.65,0,2,-2,0.311,7.0,1.555,5.445,step11.v1,fallback_raw
R1,2026-01-01T12:45:00,4,12,20,14.0,0.7,0,2,-2,0.311,6.0,1.555,4.445,step11.v1,fallback_raw
R1,2026-01-01T13:00:00,4,13,20,10.0,0.5,0,2,-2,0.304,10.0,1.52,8.48,step11.v1,fallback_raw
R1,2026-01-01T13:15:00,4,13,20,10.0,0.5,0,2,-2,0.304,10.0,1.52,8.48,step11.v1,fallback_raw
R1,2026-01-01T13:30:00,4,13,20,14.0,0.7,0,2,-2,0.304,6.0,1.52,4.48,step11.v1,fallback_raw
R1,2026-01-01T13:45:00,4,13,20,9.0,0.45,0,2,-2,0.304,11.0,1.52,9.48,step11.v1,fallback_raw
R1,2026-01-01T14:00:00,4,14,20,13.0,0.65,0,2,-2,0.299,7.0,1.495,5.505,step11.v1,fallback_raw
R1,2026-01-01T14:15:00,4,14,20,12.0,0.6,0,2,-2,0.299,8.0,1.495,6.505,step11.v1,fallback_raw
R1,2026-01-01T14:30:00,4,14,20,10.0,0.5,0,2,-2,0.299,10.0,1.495,8.505,step11.v1,fallback_raw
R1,2026-01-01T14:45:00,4,14,20,11.0,0.55,0,2,-2,0.299,9.0,1.495,7.505,step11.v1,fallback_raw
R1,2026-01-01T15:00:00,4,15,20,12.0,0.6,0,2,-2,0.323,8.0,1.615,6.385,step11.v1,fallback_raw
R1,2026-01-01T15:15:00,4,15,20,12.0,0.6,0,2,-2,0.323,8.0,1.615,6.385,step11.v1,fallback_raw
R1,2026-01-01T15:30:00,4,15,20,11.0,0.55,0,2,-2,0.323,9.0,1.615,7.385,step11.v1,fallback_raw
R1,2026-01-01T15:45:00,4,15,20,14.0,0.7,0,2,-2,0.323,6.0,1.615,4.385,step11.v1,fallback_raw
R1,2026-01-01T16:00:00,4,16,20,13.0,0.65,0,2,-2,0.3,7.0,1.5,5.5,step11.v1,fallback_raw
R1,2026-01-01T16:15:00,4,16,20,12.0,0.6,0,2,-2,0.3,8.0,1.5,6.5,step11.v1,fallback_raw
R1,2026-01-01T16:30:00,4,16,20,8.0,0.4,0,2,-2,0.3,12.0,1.5,10.5,step11.v1,fallback_raw
R1,2026-01-01T16:45:00,4,16,20,6.0,0.3,0,2,-2,0.3,14.0,1.5,12.5,step11.v1,fallback_raw
R1,2026-01-01T17:00:00,4,17,20,10.0,0.5,0,2,-2,0.692,10.0,3.46,6.54,step11.v1,fallback_raw
R1,2026-01-01T17:15:00,4,17,20,10.0,0.5,0,2,-2,0.692,10.0,3.46,6.54,step11.v1,fallback_raw
R1,2026-01-01T17:30:00,4,17,20,12.0,0.6,0,2,-2,0.692,8.0,3.46,4.54,step11.v1,fallback_raw
R1,2026-01-01T17:45:00,4,17,20,13.0,0.65,0,2,-2,0.692,7.0,3.46,3.54,step11.v1,fallback_raw
R1,2026-01-01T18:00:00,4,18,20,8.0,0.4,0,2,-2,0.703,12.0,3.515,8.485,step11.v1,fallback_raw
R1,2026-01-01T18:15:00,4,18,20,11.0,0.55,0,2,-2,0.703,9.0,3.515,5.485,step11.v1,fallback_raw
R1,2026-01-01T18:30:00,4,18,20,12.0,0.6,0,2,-2,0.703,8.0,3.515,4.485,step11.v1,fallback_raw
R1,2026-01-01T18:45:00,4,18,20,6.0,0.3,0,2,-2,0.703,14.0,3.515,10.485,step11.v1,fallback_raw
R1,2026-01-01T19:00:00,4,19,20,12.0,0.6,0,2,-2,0.702,8.0,3.51,4.49,step11.v1,fallback_raw
R1,2026-01-01T19:15:00,4,19,20,11.0,0.55,0,2,-2,0.702,9.0,3.51,5.49,step11.v1,fallback_raw
R1,2026-01-01T19:30:00,4,19,20,11.0,0.55,0,2,-2,0.702,9.0,3.51,5.49,step11.v1,fallback_raw
R1,2026-01-01T19:45:00,4,19,20,12.0,0.6,0,2,-2,0.702,8.0,3.51,4.49,step11.v1,fallback_raw
R1,2026-01-01T20:00:00,4,20,20,9.0,0.45,0,2,-2,0.096,11.0,0.48,10.52,step11.v1,fallback_raw
R1,2026-01-01T20:15:00,4,20,20,12.0,0.6,0,2,-2,0.096,8.0,0.48,7.52,step11.v1,fallback_raw
R1,2026-01-01T20:30:00,4,20,20,12.0,0.6,0,2,-2,0.096,8.0,0.48,7.52,step11.v1,fallback_raw
R1,2026-01-01T20:45:00,4,20,20,12.0,0.6,0,2,-2,0.096,8.0,0.48,7.52,step11.v1,fallback_raw
R1,2026-01-01T21:00:00,4,21,20,10.0,0.5,0,2,-2,0.092,10.0,0.46,9.54,step11.v1,fallback_raw
R1,2026-01-01T21:15:00,4,21,20,15.0,0.75,0,2,-2,0.092,5.0,0.46,4.54,step11.v1,fallback_raw
R1,2026-01-01T21:30:00,4,21,20,6.0,0.3,0,2,-2,0.092,14.0,0.46,13.54,step11.v1,fallback_raw
R1,2026-01-01T21:45:00,4,21,20,12.0,0.6,0,2,-2,0.092,8.0,0.46,7.54,step11.v1,fallback_raw
R1,2026-01-01T22:00:00,4,22,20,10.0,0.5,0,2,-2,0.098,10.0,0.49,9.51,step11.v1,fallback_raw
R1,2026-01-01T22:15:00,4,22,20,10.0,0.5,0,2,-2,0.098,10.0,0.49,9.51,step11.v1,fallback_raw
R1,2026-01-01T22:30:00,4,22,20,11.0,0.55,0,2,-2,0.098,9.0,0.49,8.51,step11.v1,fallback_raw
R1,2026-01-01T22:45:00,4,22,20,12.0,0.6,0,2,-2,0.098,8.0,0.49,7.51,step11.v1,fallback_raw
R1,2026-01-01T23:00:00,4,23,20,10.0,0.5,0,2,-2,0.095,10.0,0.475,9.525,step11.v1,fallback_raw
R1,2026-01-01T23:15:00,4,23,20,6.0,0.3,0,2,-2,0.095,14.0,0.475,13.525,step11.v1,fallback_raw
R1,2026-01-01T23:30:00,4,23,20,12.0,0.6,0,2,-2,0.095,8.0,0.475,7.525,step11.v1,fallback_raw
R1,2026-01-01T23:45:00,4,23,20,12.0,0.6,0,2,-2,0.095,8.0,0.475,7.525,step11.v1,fallback_raw
R1,2026-01-02T00:00:00,5,0,20,12.0,0.6,0,2,-2,0.096,8.0,0.48,7.52,step11.v1,fallback_raw
R1,2026-01-02T00:15:00,5,0,20,11.0,0.55,0,2,-2,0.096,9.0,0.48,8.52,step11.v1,fallback_raw
R1,2026-01-02T00:30:00,5,0,20,12.0,0.6,0,2,-2,0.096,8.0,0.48,7.52,step11.v1,fallback_raw
R1,2026-01-02T00:45:00,5,0,20,13.0,0.65,0,2,-2,0.096,7.0,0.48,6.52,step11.v1,fallback_raw
R1,2026-01-02T01:00:00,5,1,20,10.0,0.5,0,2,-2,0.077,10.0,0.385,9.615,step11.v1,fallback_raw
R1,2026-01-02T01:15:00,5,1,20,11.0,0.55,0,2,-2,0.077,9.0,0.385,8.615,step11.v1,fallback_raw
R1,2026-01-02T01:30:00,5,1,20,14.0,0.7,0,2,-2,0.077,6.0,0.385,5.615,step11.v1,fallback_raw
R1,2026-01-02T01:45:00,5,1,20,12.0,0.6,0,2,-2,0.077,8.0,0.385,7.615,step11.v1,fallback_raw
R1,2026-01-02T02:00:00,5,2,20,9.0,0.45,0,2,-2,0.096,11.0,0.48,10.52,step11.v1,fallback_raw
R1,2026-01-02T02:15:00,5,2,20,9.0,0.45,0,2,-2,0.096,11.0,0.48,10.52,step11.v1,fallback_raw
R1,2026-01-02T02:30:00,5,2,20,13.0,0.65,0,2,-2,0.096,7.0,0.48,6.52,step11.v1,fallback_raw
R1,2026-01-02T02:45:00,5,2,20,12.0,0.6,0,2,-2,0.096,8.0,0.48,7.52,step11.v1,fallback_raw
R1,2026-01-02T03:00:00,5,3,20,11.0,0.55,0,2,-2,0.108,9.0,0.54,8.46,step11.v1,fallback_raw
R1,2026-01-02T03:15:00,5,3,20,12.0,0.6,0,2,-2,0.108,8.0,0.54,7.46,step11.v1,fallback_raw
R1,2026-01-02T03:30:00,5,3,20,16.0,0.8,0,2,-2,0.108,4.0,0.54,3.46,step11.v1,fallback_raw
R1,2026-01-02T03:45:00,5,3,20,13.0,0.65,0,2,-2,0.108,7.0,0.54,6.46,step11.v1,fallback_raw
R1,2026-01-02T04:00:00,5,4,20,9.0,0.45,0,2,-2,0.087,11.0,0.435,10.565,step11.v1,fallback_raw
R1,2026-01-02T04:15:00,5,4,20,12.0,0.6,0,2,-2,0.087,8.0,0.435,7.565,step11.v1,fallback_raw
R1,2026-01-02T04:30:00,5,4,20,16.0,0.8,0,2,-2,0.087,4.0,0.435,3.565,step11.v1,fallback_raw
R1,2026-01-02T04:45:00,5,4,20,12.0,0.6,0,2,-2,0.087,8.0,0.435,7.565,step11.v1,fallback_raw
R1,2026-01-02T05:00:00,5,5,20,11.0,0.55,0,2,-2,0.083,9.0,0.415,8.585,step11.v1,fallback_raw
R1,2026-01-02T05:15:00,5,5,20,13.0,0.65,0,2,-2,0.083,7.0,0.415,6.585,step11.v1,fallback_raw
R1,2026-01-02T05:30:00,5,5,20,12.0,0.6,0,2,-2,0.083,8.0,0.415,7.585,step11.v1,fallback_raw
R1,2026-01-02T05:45:00,5,5,20,13.0,0.65,0,2,-2,0.083,7.0,0.415,6.585,step11.v1,fallback_raw
R1,2026-01-02T06:00:00,5,6,20,12.0,0.6,0,2,-2,0.105,8.0,0.525,7.475,step11.v1,fallback_raw
R1,2026-01-02T06:15:00,5,6,20,10.0,0.5,0,2,-2,0.105,10.0,0.525,9.475,step11.v1,fallback_raw
R1,2026-01-02T06:30:00,5,6,20,11.0,0.55,0,2,-2,0.105,9.0,0.525,8.475,step11.v1,fallback_raw
R1,2026-01-02T06:45:00,5,6,20,9.0,0.45,0,2,-2,0.105,11.0,0.525,10.475,step11.v1,fallback_raw
R1,2026-01-02T07:00:00,5,7,20,11.0,0.55,0,2,-2,0.705,9.0,3.525,5.475,step11.v1,fallback_raw
R1,2026-01-02T07:15:00,5,7,20,9.0,0.45,0,2,-2,0.705,11.0,3.525,7.475,step11.v1,fallback_raw
R1,2026-01-02T07:30:00,5,7,20,12.0,0.6,0,2,-2,0.705,8.0,3.525,4.475,step11.v1,fallback_raw
R1,2026-01-02T07:45:00,5,7,20,9.0,0.45,0,2,-2,0.705,11.0,3.525,7.475,step11.v1,fallback_raw
R1,2026-01-02T08:00:00,5,8,20,13.0,0.65,0,2,-2,0.693,7.0,3.465,3.535,step11.v1,fallback_raw
R1,2026-01-02T08:15:00,5,8,20,13.0,0.65,0,2,-2,0.693,7.0,3.465,3.535,step11.v1,fallback_raw
R1,2026-01-02T08:30:00,5,8,20,11.0,0.55,0,2,-2,0.693,9.0,3.465,5.535,step11.v1,fallback_raw
R1,2026-01-02T08:45:00,5,8,20,11.0,0.55,0,2,-2,0.693,9.0,3.465,5.535,step11.v1,fallback_raw
R1,2026-01-02T09:00:00,5,9,20,13.0,0.65,0,2,-2,0.691,7.0,3.455,3.545,step11.v1,fallback_raw
R1,2026-01-02T09:15:00,5,9,20,12.0,0.6,0,2,-2,0.691,8.0,3.455,4.545,step11.v1,fallback_raw
R1,2026-01-02T09:30:00,5,9,20,12.0,0.6,0,2,-2,0.691,8.0,3.455,4.545,step11.v1,fallback_raw
R1,2026-01-02T09:45:00,5,9,20,13.0,0.65,0,2,-2,0.691,7.0,3.455,3.545,step11.v1,fallback_raw
R1,2026-01-02T10:00:00,5,10,20,13.0,0.65,0,2,-2,0.317,7.0,1.585,5.415,step11.v1,fallback_raw
R1,2026-01-02T10:15:00,5,10,20,12.0,0.6,0,2,-2,0.317,8.0,1.585,6.415,step11.v1,fallback_raw
R1,2026-01-02T10:30:00,5,10,20,14.0,0.7,0,2,-2,0.317,6.0,1.585,4.415,step11.v1,fallback_raw
R1,2026-01-02T10:45:00,5,10,20,8.0,0.4,0,2,-2,0.317,12.0,1.585,10.415,step11.v1,fallback_raw
R1,2026-01-02T11:00:00,5,11,20,9.0,0.45,0,2,-2,0.329,11.0,1.645,9.355,step11.v1,fallback_raw
R1,2026-01-02T11:15:00,5,11,20,13.0,0.65,0,2,-2,0.329,7.0,1.645,5.355,step11.v1,fallback_raw
R1,2026-01-02T11:30:00,5,11,20,10.0,0.5,0,2,-2,0.329,10.0,1.645,8.355,step11.v1,fallback_raw
R1,2026-01-02T11:45:00,5,11,20,15.0,0.75,0,2,-2,0.329,5.0,1.645,3.355,step11.v1,fallback_raw
R1,2026-01-02T12:00:00,5,12,20,11.0,0.55,0,2,-2,0.313,9.0,1.565,7.435,step11.v1,fallback_raw
R1,2026-01-02T12:15:00,5,12,20,13.0,0.65,0,2,-2,0.313,7.0,1.565,5.435,step11.v1,fallback_raw
R1,2026-01-02T12:30:00,5,12,20,10.0,0.5,0,2,-2,0.313,10.0,1.565,8.435,step11.v1,fallback_raw
R1,2026-01-02T12:45:00,5,12,20,10.0,0.5,0,2,-2,0.313,10.0,1.565,8.435,step11.v1,fallback_raw
R1,2026-01-02T13:00:00,5,13,20,14.0,0.7,0,2,-2,0.308,6.0,1.54,4.46,step11.v1,fallback_raw
R1,2026-01-02T13:15:00,5,13,20,10.0,0.5,0,2,-2,0.308,10.0,1.54,8.46,step11.v1,fallback_raw
R1,2026-01-02T13:30:00,5,13,20,15.0,0.75,0,2,-2,0.308,5.0,1.54,3.46,step11.v1,fallback_raw
R1,2026-01-02T13:45:00,5,13,20,8.0,0.4,0,2,-2,0.308,12.0,1.54,10.46,step11.v1,fallback_raw
R1,2026-01-02T14:00:00,5,14,20,13.0,0.65,0,2,-2,0.323,7.0,1.615,5.385,step11.v1,fallback_raw
R1,2026-01-02T14:15:00,5,14,20,14.0,0.7,0,2,-2,0.323,6.0,1.615,4.385,step11.v1,fallback_raw
R1,2026-01-02T14:30:00,5,14,20,13.0,0.65,0,2,-2,0.323,7.0,1.615,5.385,step11.v1,fallback_raw
R1,2026-01-02T14:45:00,5,14,20,14.0,0.7,0,2,-2,0.323,6.0,1.615,4.385,step11.v1,fallback_raw
R1,2026-01-02T15:00:00,5,15,20,12.0,0.6,0,2,-2,0.323,8.0,1.615,6.385,step11.v1,fallback_raw
R1,2026-01-02T15:15:00,5,15,20,11.0,0.55,0,2,-2,0.323,9.0,1.615,7.385,step11.v1,fallback_raw
R1,2026-01-02T15:30:00,5,15,20,11.0,0.55,0,2,-2,0.323,9.0,1.615,7.385,step11.v1,fallback_raw
R1,2026-01-02T15:45:00,5,15,20,12.0,0.6,0,2,-2,0.323,8.0,1.615,6.385,step11.v1,fallback_raw
R1,2026-01-02T16:00:00,5,16,20,8.0,0.4,0,2,-2,0.318,12.0,1.59,10.41,step11.v1,fallback_raw
R1,2026-01-02T16:15:00,5,16,20,16.0,0.8,0,2,-2,0.318,4.0,1.59,2.41,step11.v1,fallback_raw
R1,2026-01-02T16:30:00,5,16,20,14.0,0.7,0,2,-2,0.318,6.0,1.59,4.41,step11.v1,fallback_raw
R1,2026-01-02T16:45:00,5,16,20,9.0,0.45,0,2,-2,0.318,11.0,1.59,9.41,step11.v1,fallback_raw
R1,2026-01-02T17:00:00,5,17,20,12.0,0.6,0,2,-2,0.692,8.0,3.46,4.54,step11.v1,fallback_raw
R1,2026-01-02T17:15:00,5,17,20,12.0,0.6,0,2,-2,0.692,8.0,3.46,4.54,step11.v1,fallback_raw
R1,2026-01-02T17:30:00,5,17,20,12.0,0.6,0,2,-2,0.692,8.0,3.46,4.54,step11.v1,fallback_raw
R1,2026-01-02T17:45:00,5,17,20,9.0,0.45,0,2,-2,0.692,11.0,3.46,7.54,step11.v1,fallback_raw
R1,2026-01-02T18:00:00,5,18,20,13.0,0.65,0,2,-2,0.685,7.0,3.425,3.575,step11.v1,fallback_raw
R1,2026-01-02T18:15:00,5,18,20,10.0,0.5,0,2,-2,0.685,10.0,3.425,6.575,step11.v1,fallback_raw
R1,2026-01-02T18:30:00,5,18,20,14.0,0.7,0,2,-2,0.685,6.0,3.425,2.575,step11.v1,fallback_raw
R1,2026-01-02T18:45:00,5,18,20,7.0,0.35,0,2,-2,0.685,13.0,3.425,9.575,step11.v1,fallback_raw
R1,2026-01-02T19:00:00,5,19,20,14.0,0.7,0,2,-2,0.706,6.0,3.53,2.47,step11.v1,fallback_raw
R1,2026-01-02T19:15:00,5,19,20,9.0,0.45,0,2,-2,0.706,11.0,3.53,7.47,step11.v1,fallback_raw
R1,2026-01-02T19:30:00,5,19,20,15.0,0.75,0,2,-2,0.706,5.0,3.53,1.47,step11.v1,fallback_raw
R1,2026-01-02T19:45:00,5,19,20,10.0,0.5,0,2,-2,0.706,10.0,3.53,6.47,step11.v1,fallback_raw
R1,2026-01-02T20:00:00,5,20,20,11.0,0.55,0,2,-2,0.101,9.0,0.505,8.495,step11.v1,fallback_raw
R1,2026-01-02T20:15:00,5,20,20,9.0,0.45,0,2,-2,0.101,11.0,0.505,10.495,step11.v1,fallback_raw
R1,2026-01-02T20:30:00,5,20,20,12.0,0.6,0,2,-2,0.101,8.0,0.505,7.495,step11.v1,fallback_raw
R1,2026-01-02T20:45:00,5,20,20,15.0,0.75,0,2,-2,0.101,5.0,0.505,4.495,step11.v1,fallback_raw
R1,2026-01-02T21:00:00,5,21,20,11.0,0.55,0,2,-2,0.087,9.0,0.435,8.565,step11.v1,fallback_raw
R1,2026-01-02T21:15:00,5,21,20,10.0,0.5,0,2,-2,0.087,10.0,0.435,9.565,step11.v1,fallback_raw
R1,2026-01-02T21:30:00,5,21,20,15.0,0.75,0,2,-2,0.087,5.0,0.435,4.565,step11.v1,fallback_raw
R1,2026-01-02T21:45:00,5,21,20,11.0,0.55,0,2,-2,0.087,9.0,0.435,8.565,step11.v1,fallback_raw
R1,2026-01-02T22:00:00,5,22,20,14.0,0.7,0,2,-2,0.086,6.0,0.43,5.57,step11.v1,fallback_raw
R1,2026-01-02T22:15:00,5,22,20,11.0,0.55,0,2,-2,0.086,9.0,0.43,8.57,step11.v1,fallback_raw
R1,2026-01-02T22:30:00,5,22,20,13.0,0.65,0,2,-2,0.086,7.0,0.43,6.57,step11.v1,fallback_raw
R1,2026-01-02T22:45:00,5,22,20,9.0,0.45,0,2,-2,0.086,11.0,0.43,10.57,step11.v1,fallback_raw
R1,2026-01-02T23:00:00,5,23,20,12.0,0.6,0,2,-2,0.098,8.0,0.49,7.51,step11.v1,fallback_raw
R1,2026-01-02T23:15:00,5,23,20,10.0,0.5,0,2,-2,0.098,10.0,0.49,9.51,step11.v1,fallback_raw
R1,2026-01-02T23:30:00,5,23,20,10.0,0.5,0,2,-2,0.098,10.0,0.49,9.51,step11.v1,fallback_raw
R1,2026-01-02T23:45:00,5,23,20,11.0,0.55,0,2,-2,0.098,9.0,0.49,8.51,step11.v1,fallback_raw
R1,2026-01-03T00:00:00,6,0,20,10.0,0.5,0,2,-2,0.213,10.0,1.065,8.935,step11.v1,fallback_raw
R1,2026-01-03T00:15:00,6,0,20,13.0,0.65,0,2,-2,0.213,7.0,1.065,5.935,step11.v1,fallback_raw
R1,2026-01-03T00:30:00,6,0,20,11.0,0.55,0,2,-2,0.213,9.0,1.065,7.935,step11.v1,fallback_raw
R1,2026-01-03T00:45:00,6,0,20,11.0,0.55,0,2,-2,0.213,9.0,1.065,7.935,step11.v1,fallback_raw
R1,2026-01-03T01:00:00,6,1,20,12.0,0.6,0,2,-2,0.196,8.0,0.98,7.02,step11.v1,fallback_raw
R1,2026-01-03T01:15:00,6,1,20,14.0,0.7,0,2,-2,0.196,6.0,0.98,5.02,step11.v1,fallback_raw
R1,2026-01-03T01:30:00,6,1,20,13.0,0.65,0,2,-2,0.196,7.0,0.98,6.02,step11.v1,fallback_raw
R1,2026-01-03T01:45:00,6,1,20,12.0,0.6,0,2,-2,0.196,8.0,0.98,7.02,step11.v1,fallback_raw
R1,2026-01-03T02:00:00,6,2,20,15.0,0.75,0,2,-2,0.202,5.0,1.01,3.99,step11.v1,fallback_raw
R1,2026-01-03T02:15:00,6,2,20,10.0,0.5,0,2,-2,0.202,10.0,1.01,8.99,step11.v1,fallback_raw
R1,2026-01-03T02:30:00,6,2,20,13.0,0.65,0,2,-2,0.202,7.0,1.01,5.99,step11.v1,fallback_raw
R1,2026-01-03T02:45:00,6,2,20,10.0,0.5,0,2,-2,0.202,10.0,1.01,8.99,step11.v1,fallback_raw
R1,2026-01-03T03:00:00,6,3,20,10.0,0.5,0,2,-2,0.199,10.0,0.995,9.005,step11.v1,fallback_raw
R1,2026-01-03T03:15:00,6,3,20,11.0,0.55,0,2,-2,0.199,9.0,0.995,8.005,step11.v1,fallback_raw
R1,2026-01-03T03:30:00,6,3,20,12.0,0.6,0,2,-2,0.199,8.0,0.995,7.005,step11.v1,fallback_raw
R1,2026-01-03T03:45:00,6,3,20,13.0,0.65,0,2,-2,0.199,7.0,0.995,6.005,step11.v1,fallback_raw
R1,2026-01-03T04:00:00,6,4,20,8.0,0.4,0,2,-2,0.208,12.0,1.04,10.96,step11.v1,fallback_raw
R1,2026-01-03T04:15:00,6,4,20,13.0,0.65,0,2,-2,0.208,7.0,1.04,5.96,step11.v1,fallback_raw
R1,2026-01-03T04:30:00,6,4,20,13.0,0.65,0,2,-2,0.208,7.0,1.04,5.96,step11.v1,fallback_raw
R1,2026-01-03T04:45:00,6,4,20,13.0,0.65,0,2,-2,0.208,7.0,1.04,5.96,step11.v1,fallback_raw
R1,2026-01-03T05:00:00,6,5,20,14.0,0.7,0,2,-2,0.203,6.0,1.015,4.985,step11.v1,fallback_raw
R1,2026-01-03T05:15:00,6,5,20,12.0,0.6,0,2,-2,0.203,8.0,1.015,6.985,step11.v1,fallback_raw
R1,2026-01-03T05:30:00,6,5,20,13.0,0.65,0,2,-2,0.203,7.0,1.015,5.985,step11.v1,fallback_raw
R1,2026-01-03T05:45:00,6,5,20,12.0,0.6,0,2,-2,0.203,8.0,1.015,6.985,step11.v1,fallback_raw
R1,2026-01-03T06:00:00,6,6,20,13.0,0.65,0,2,-2,0.202,7.0,1.01,5.99,step11.v1,fallback_raw
R1,2026-01-03T06:15:00,6,6,20,8.0,0.4,0,2,-2,0.202,12.0,1.01,10.99,step11.v1,fallback_raw
R1,2026-01-03T06:30:00,6,6,20,10.0,0.5,0,2,-2,0.202,10.0,1.01,8.99,step11.v1,fallback_raw
R1,2026-01-03T06:45:00,6,6,20,14.0,0.7,0,2,-2,0.202,6.0,1.01,4.99,step11.v1,fallback_raw
R1,2026-01-03T07:00:00,6,7,20,8.0,0.4,0,2,-2,0.812,12.0,4.06,7.94,step11.v1,fallback_raw
R1,2026-01-03T07:15:00,6,7,20,13.0,0.65,0,2,-2,0.812,7.0,4.06,2.94,step11.v1,fallback_raw
R1,2026-01-03T07:30:00,6,7,20,11.0,0.55,0,2,-2,0.812,9.0,4.06,4.94,step11.v1,fallback_raw
R1,2026-01-03T07:45:00,6,7,20,12.0,0.6,0,2,-2,0.812,8.0,4.06,3.94,step11.v1,fallback_raw
R1,2026-01-03T08:00:00,6,8,20,12.0,0.6,0,2,-2,0.805,8.0,4.025,3.975,step11.v1,fallback_raw
R1,2026-01-03T08:15:00,6,8,20,13.0,0.65,0,2,-2,0.805,7.0,4.025,2.975,step11.v1,fallback_raw
R1,2026-01-03T08:30:00,6,8,20,13.0,0.65,0,2,-2,0.805,7.0,4.025,2.975,step11.v1,fallback_raw
R1,2026-01-03T08:45:00,6,8,20,11.0,0.55,0,2,-2,0.805,9.0,4.025,4.975,step11.v1,fallback_raw
R1,2026-01-03T09:00:00,6,9,20,12.0,0.6,0,2,-2,0.808,8.0,4.04,3.96,step11.v1,fallback_raw
R1,2026-01-03T09:15:00,6,9,20,13.0,0.65,0,2,-2,0.808,7.0,4.04,2.96,step11.v1,fallback_raw
R1,2026-01-03T09:30:00,6,9,20,9.0,0.45,0,2,-2,0.808,11.0,4.04,6.96,step11.v1,fallback_raw
R1,2026-01-03T09:45:00,6,9,20,12.0,0.6,0,2,-2,0.808,8.0,4.04,3.96,step11.v1,fallback_raw
R1,2026-01-03T10:00:00,6,10,20,13.0,0.65,0,2,-2,0.41,7.0,2.05,4.95,step11.v1,fallback_raw
R1,2026-01-03T10:15:00,6,10,20,11.0,0.55,0,2,-2,0.41,9.0,2.05,6.95,step11.v1,fallback_raw
R1,2026-01-03T10:30:00,6,10,20,17.0,0.85,0,2,-2,0.41,3.0,2.05,0.95,step11.v1,fallback_raw
R1,2026-01-03T10:45:00,6,10,20,13.0,0.65,0,2,-2,0.41,7.0,2.05,4.95,step11.v1,fallback_raw
R1,2026-01-03T11:00:00,6,11,20,13.0,0.65,0,2,-2,0.427,7.0,2.135,4.865,step11.v1,fallback_raw
R1,2026-01-03T11:15:00,6,11,20,16.0,0.8,0,2,-2,0.427,4.0,2.135,1.865,step11.v1,fallback_raw
R1,2026-01-03T11:30:00,6,11,20,10.0,0.5,0,2,-2,0.427,10.0,2.135,7.865,step11.v1,fallback_raw
R1,2026-01-03T11:45:00,6,11,20,11.0,0.55,0,2,-2,0.427,9.0,2.135,6.865,step11.v1,fallback_raw
R1,2026-01-03T12:00:00,6,12,20,9.0,0.45,0,2,-2,0.428,11.0,2.14,8.86,step11.v1,fallback_raw
R1,2026-01-03T12:15:00,6,12,20,9.0,0.45,0,2,-2,0.428,11.0,2.14,8.86,step11.v1,fallback_raw
R1,2026-01-03T12:30:00,6,12,20,13.0,0.65,0,2,-2,0.428,7.0,2.14,4.86,step11.v1,fallback_raw
R1,2026-01-03T12:45:00,6,12,20,14.0,0.7,0,2,-2,0.428,6.0,2.14,3.86,step11.v1,fallback_raw
R1,2026-01-03T13:00:00,6,13,20,10.0,0.5,0,2,-2,0.417,10.0,2.085,7.915,step11.v1,fallback_raw
R1,2026-01-03T13:15:00,6,13,20,11.0,0.55,0,2,-2,0.417,9.0,2.085,6.915,step11.v1,fallback_raw
R1,2026-01-03T13:30:00,6,13,20,11.0,0.55,0,2,-2,0.417,9.0,2.085,6.915,step11.v1,fallback_raw
R1,2026-01-03T13:45:00,6,13,20,12.0,0.6,0,2,-2,0.417,8.0,2.085,5.915,step11.v1,fallback_raw
R1,2026-01-03T14:00:00,6,14,20,10.0,0.5,0,2,-2,0.433,10.0,2.165,7.835,step11.v1,fallback_raw
R1,2026-01-03T14:15:00,6,14,20,7.0,0.35,0,2,-2,0.433,13.0,2.165,10.835,step11.v1,fallback_raw
R1,2026-01-03T14:30:00,6,14,20,11.0,0.55,0,2,-2,0.433,9.0,2.165,6.835,step11.v1,fallback_raw
R1,2026-01-03T14:45:00,6,14,20,15.0,0.75,0,2,-2,0.433,5.0,2.165,2.835,step11.v1,fallback_raw
R1,2026-01-03T15:00:00,6,15,20,12.0,0.6,0,2,-2,0.414,8.0,2.07,5.93,step11.v1,fallback_raw
R1,2026-01-03T15:15:00,6,15,20,14.0,0.7,0,2,-2,0.414,6.0,2.07,3.93,step11.v1,fallback_raw
R1,2026-01-03T15:30:00,6,15,20,14.0,0.7,0,2,-2,0.414,6.0,2.07,3.93,step11.v1,fallback_raw
R1,2026-01-03T15:45:00,6,15,20,14.0,0.7,0,2,-2,0.414,6.0,2.07,3.93,step11.v1,fallback_raw
R1,2026-01-03T16:00:00,6,16,20,14.0,0.7,0,2,-2,0.43,6.0,2.15,3.85,step11.v1,fallback_raw
R1,2026-01-03T16:15:00,6,16,20,11.0,0.55,0,2,-2,0.43,9.0,2.15,6.85,step11.v1,fallback_raw
R1,2026-01-03T16:30:00,6,16,20,14.0,0.7,0,2,-2,0.43,6.0,2.15,3.85,step11.v1,fallback_raw
R1,2026-01-03T16:45:00,6,16,20,12.0,0.6,0,2,-2,0.43,8.0,2.15,5.85,step11.v1,fallback_raw
R1,2026-01-03T17:00:00,6,17,20,9.0,0.45,0,2,-2,0.797,11.0,3.985,7.015,step11.v1,fallback_raw
R1,2026-01-03T17:15:00,6,17,20,11.0,0.55,0,2,-2,0.797,9.0,3.985,5.015,step11.v1,fallback_raw
R1,2026-01-03T17:30:00,6,17,20,9.0,0.45,0,2,-2,0.797,11.0,3.985,7.015,step11.v1,fallback_raw
R1,2026-01-03T17:45:00,6,17,20,13.0,0.65,0,2,-2,0.797,7.0,3.985,3.015,step11.v1,fallback_raw
R1,2026-01-03T18:00:00,6,18,20,11.0,0.55,0,2,-2,0.805,9.0,4.025,4.975,step11.v1,fallback_raw
R1,2026-01-03T18:15:00,6,18,20,16.0,0.8,0,2,-2,0.805,4.0,4.025,-0.025,step11.v1,fallback_raw
R1,2026-01-03T18:30:00,6,18,20,10.0,0.5,0,2,-2,0.805,10.0,4.025,5.975,step11.v1,fallback_raw
R1,2026-01-03T18:45:00,6,18,20,8.0,0.4,0,2,-2,0.805,12.0,4.025,7.975,step11.v1,fallback_raw
R1,2026-01-03T19:00:00,6,19,20,12.0,0.6,0,2,-2,0.783,8.0,3.915,4.085,step11.v1,fallback_raw
R1,2026-01-03T19:15:00,6,19,20,17.0,0.85,0,2,-2,0.783,3.0,3.915,-0.915,step11.v1,fallback_raw
R1,2026-01-03T19:30:00,6,19,20,13.0,0.65,0,2,-2,0.783,7.0,3.915,3.085,step11.v1,fallback_raw
R1,2026-01-03T19:45:00,6,19,20,10.0,0.5,0,2,-2,0.783,10.0,3.915,6.085,step11.v1,fallback_raw
R1,2026-01-03T20:00:00,6,20,20,11.0,0.55,0,2,-2,0.212,9.0,1.06,7.94,step11.v1,fallback_raw
R1,2026-01-03T20:15:00,6,20,20,12.0,0.6,0,2,-2,0.212,8.0,1.06,6.94,step11.v1,fallback_raw
R1,2026-01-03T20:30:00,6,20,20,15.0,0.75,0,2,-2,0.212,5.0,1.06,3.94,step11.v1,fallback_raw
R1,2026-01-03T20:45:00,6,20,20,12.0,0.6,0,2,-2,0.212,8.0,1.06,6.94,step11.v1,fallback_raw
R1,2026-01-03T21:00:00,6,21,20,13.0,0.65,0,2,-2,0.192,7.0,0.96,6.04,step11.v1,fallback_raw
R1,2026-01-03T21:15:00,6,21,20,15.0,0.75,0,2,-2,0.192,5.0,0.96,4.04,step11.v1,fallback_raw
R1,2026-01-03T21:30:00,6,21,20,15.0,0.75,0,2,-2,0.192,5.0,0.96,4.04,step11.v1,fallback_raw
R1,2026-01-03T21:45:00,6,21,20,12.0,0.6,0,2,-2,0.192,8.0,0.96,7.04,step11.v1,fallback_raw
R1,2026-01-03T22:00:00,6,22,20,14.0,0.7,0,2,-2,0.213,6.0,1.065,4.935,step11.v1,fallback_raw
R1,2026-01-03T22:15:00,6,22,20,12.0,0.6,0,2,-2,0.213,8.0,1.065,6.935,step11.v1,fallback_raw
R1,2026-01-03T22:30:00,6,22,20,13.0,0.65,0,2,-2,0.213,7.0,1.065,5.935,step11.v1,fallback_raw
R1,2026-01-03T22:45:00,6,22,20,14.0,0.7,0,2,-2,0.213,6.0,1.065,4.935,step11.v1,fallback_raw
R1,2026-01-03T23:00:00,6,23,20,12.0,0.6,0,2,-2,0.199,8.0,0.995,7.005,step11.v1,fallback_raw
R1,2026-01-03T23:15:00,6,23,20,14.0,0.7,0,2,-2,0.199,6.0,0.995,5.005,step11.v1,fallback_raw
R1,2026-01-03T23:30:00,6,23,20,12.0,0.6,0,2,-2,0.199,8.0,0.995,7.005,step11.v1,fallback_raw
R1,2026-01-03T23:45:00,6,23,20,12.0,0.6,0,2,-2,0.199,8.0,0.995,7.005,step11.v1,fallback_raw
R2,2026-01-01T00:00:00,4,0,20,14.0,0.7,0,2,-2,0.095455,6.0,0.4773,5.5227,step11.v1,fallback_raw
R2,2026-01-01T00:15:00,4,0,20,10.0,0.5,0,2,-2,0.095455,10.0,0.4773,9.5227,step11.v1,fallback_raw
R2,2026-01-01T00:30:00,4,0,20,10.0,0.5,0,2,-2,0.095455,10.0,0.4773,9.5227,step11.v1,fallback_raw
R2,2026-01-01T00:45:00,4,0,20,10.0,0.5,0,2,-2,0.095455,10.0,0.4773,9.5227,step11.v1,fallback_raw
R2,2026-01-01T01:00:00,4,1,20,11.0,0.55,0,2,-2,0.099091,9.0,0.4955,8.5045,step11.v1,fallback_raw
R2,2026-01-01T01:15:00,4,1,20,10.0,0.5,0,2,-2,0.099091,10.0,0.4955,9.5045,step11.v1,fallback_raw
R2,2026-01-01T01:30:00,4,1,20,10.0,0.5,0,2,-2,0.099091,10.0,0.4955,9.5045,step11.v1,fallback_raw
R2,2026-01-01T01:45:00,4,1,20,11.0,0.55,0,2,-2,0.099091,9.0,0.4955,8.5045,step11.v1,fallback_raw
R2,2026-01-01T02:00:00,4,2,20,10.0,0.5,0,2,-2,0.096364,10.0,0.4818,9.5182,step11.v1,fallback_raw
R2,2026-01-01T02:15:00,4,2,20,11.0,0.55,0,2,-2,0.096364,9.0,0.4818,8.5182,step11.v1,fallback_raw
R2,2026-01-01T02:30:00,4,2,20,16.0,0.8,0,2,-2,0.096364,4.0,0.4818,3.5182,step11.v1,fallback_raw
R2,2026-01-01T02:45:00,4,2,20,14.0,0.7,0,2,-2,0.096364,6.0,0.4818,5.5182,step11.v1,fallback_raw
R2,2026-01-01T03:00:00,4,3,20,13.0,0.65,0,2,-2,0.079091,7.0,0.3955,6.6045,step11.v1,fallback_raw
R2,2026-01-01T03:15:00,4,3,20,14.0,0.7,0,2,-2,0.079091,6.0,0.3955,5.6045,step11.v1,fallback_raw
R2,2026-01-01T03:30:00,4,3,20,9.0,0.45,0,2,-2,0.079091,11.0,0.3955,10.6045,step11.v1,fallback_raw
R2,2026-01-01T03:45:00,4,3,20,8.0,0.4,0,2,-2,0.079091,12.0,0.3955,11.6045,step11.v1,fallback_raw
R2,2026-01-01T04:00:00,4,4,20,15.0,0.75,0,2,-2,0.090909,5.0,0.4545,4.5455,step11.v1,fallback_raw
R2,2026-01-01T04:15:00,4,4,20,13.0,0.65,0,2,-2,0.090909,7.0,0.4545,6.5455,step11.v1,fallback_raw
R2,2026-01-01T04:30:00,4,4,20,11.0,0.55,0,2,-2,0.090909,9.0,0.4545,8.5455,step11.v1,fallback_raw
R2,2026-01-01T04:45:00,4,4,20,10.0,0.5,0,2,-2,0.090909,10.0,0.4545,9.5455,step11.v1,fallback_raw
R2,2026-01-01T05:00:00,4,5,20,13.0,0.65,0,2,-2,0.099091,7.0,0.4955,6.5045,step11.v1,fallback_raw
R2,2026-01-01T05:15:00,4,5,20,15.0,0.75,0,2,-2,0.099091,5.0,0.4955,4.5045,step11.v1,fallback_raw
R2,2026-01-01T05:30:00,4,5,20,14.0,0.7,0,2,-2,0.099091,6.0,0.4955,5.5045,step11.v1,fallback_raw
R2,2026-01-01T05:45:00,4,5,20,11.0,0.55,0,2,-2,0.099091,9.0,0.4955,8.5045,step11.v1,fallback_raw
R2,2026-01-01T06:00:00,4,6,20,13.0,0.65,0,2,-2,0.103636,7.0,0.5182,6.4818,step11.v1,fallback_raw
R2,2026-01-01T06:15:00,4,6,20,14.0,0.7,0,2,-2,0.103636,6.0,0.5182,5.4818,step11.v1,fallback_raw
R2,2026-01-01T06:30:00,4,6,20,16.0,0.8,0,2,-2,0.103636,4.0,0.5182,3.4818,step11.v1,fallback_raw
R2,2026-01-01T06:45:00,4,6,20,14.0,0.7,0,2,-2,0.103636,6.0,0.5182,5.4818,step11.v1,fallback_raw
R2,2026-01-01T07:00:00,4,7,20,7.0,0.35,0,2,-2,0.69,13.0,3.45,9.55,step11.v1,fallback_raw
R2,2026-01-01T07:15:00,4,7,20,9.0,0.45,0,2,-2,0.69,11.0,3.45,7.55,step11.v1,fallback_raw
R2,2026-01-01T07:30:00,4,7,20,11.0,0.55,0,2,-2,0.69,9.0,3.45,5.55,step11.v1,fallback_raw
R2,2026-01-01T07:45:00,4,7,20,15.0,0.75,0,2,-2,0.69,5.0,3.45,1.55,step11.v1,fallback_raw
R2,2026-01-01T08:00:00,4,8,20,10.0,0.5,0,2,-2,0.679091,10.0,3.3955,6.6045,step11.v1,fallback_raw
R2,2026-01-01T08:15:00,4,8,20,11.0,0.55,0,2,-2,0.679091,9.0,3.3955,5.6045,step11.v1,fallback_raw
R2,2026-01-01T08:30:00,4,8,20,14.0,0.7,0,2,-2,0.679091,6.0,3.3955,2.6045,step11.v1,fallback_raw
R2,2026-01-01T08:45:00,4,8,20,11.0,0.55,0,2,-2,0.679091,9.0,3.3955,5.6045,step11.v1,fallback_raw
R2,2026-01-01T09:00:00,4,9,20,11.0,0.55,0,2,-2,0.703636,9.0,3.5182,5.4818,step11.v1,fallback_raw
R2,2026-01-01T09:15:00,4,9,20,14.0,0.7,0,2,-2,0.703636,6.0,3.5182,2.4818,step11.v1,fallback_raw
R2,2026-01-01T09:30:00,4,9,20,11.0,0.55,0,2,-2,0.703636,9.0,3.5182,5.4818,step11.v1,fallback_raw
R2,2026-01-01T09:45:00,4,9,20,9.0,0.45,0,2,-2,0.703636,11.0,3.5182,7.4818,step11.v1,fallback_raw
R2,2026-01-01T10:00:00,4,10,20,8.0,0.4,0,2,-2,0.317273,12.0,1.5864,10.4136,step11.v1,fallback_raw
R2,2026-01-01T10:15:00,4,10,20,8.0,0.4,0,2,-2,0.317273,12.0,1.5864,10.4136,step11.v1,fallback_raw
R2,2026-01-01T10:30:00,4,10,20,10.0,0.5,0,2,-2,0.317273,10.0,1.5864,8.4136,step11.v1,fallback_raw
R2,2026-01-01T10:45:00,4,10,20,10.0,0.5,0,2,-2,0.317273,10.0,1.5864,8.4136,step11.v1,fallback_raw
R2,2026-01-01T11:00:00,4,11,20,10.0,0.5,0,2,-2,0.333636,10.0,1.6682,8.3318,step11.v1,fallback_raw
R2,2026-01-01T11:15:00,4,11,20,12.0,0.6,0,2,-2,0.333636,8.0,1.6682,6.3318,step11.v1,fallback_raw
R2,2026-01-01T11:30:00,4,11,20,10.0,0.5,0,2,-2,0.333636,10.0,1.6682,8.3318,step11.v1,fallback_raw
R2,2026-01-01T11:45:00,4,11,20,9.0,0.45,0,2,-2,0.333636,11.0,1.6682,9.3318,step11.v1,fallback_raw
R2,2026-01-01T12:00:00,4,12,20,8.0,0.4,0,2,-2,0.291818,12.0,1.4591,10.5409,step11.v1,fallback_raw
R2,2026-01-01T12:15:00,4,12,20,10.0,0.5,0,2,-2,0.291818,10.0,1.4591,8.5409,step11.v1,fallback_raw
R2,2026-01-01T12:30:00,4,12,20,10.0,0.5,0,2,-2,0.291818,10.0,1.4591,8.5409,step11.v1,fallback_raw
R2,2026-01-01T12:45:00,4,12,20,10.0,0.5,0,2,-2,0.291818,10.0,1.4591,8.5409,step11.v1,fallback_raw
R2,2026-01-01T13:00:00,4,13,20,10.0,0.5,0,2,-2,0.315455,10.0,1.5773,8.4227,step11.v1,fallback_raw
R2,2026-01-01T13:15:00,4,13,20,9.0,0.45,0,2,-2,0.315455,11.0,1.5773,9.4227,step11.v1,fallback_raw
R2,2026-01-01T13:30:00,4,13,20,14.0,0.7,0,2,-2,0.315455,6.0,1.5773,4.4227,step11.v1,fallback_raw
R2,2026-01-01T13:45:00,4,13,20,12.0,0.6,0,2,-2,0.315455,8.0,1.5773,6.4227,step11.v1,fallback_raw
R2,2026-01-01T14:00:00,4,14,20,9.0,0.45,0,2,-2,0.307273,11.0,1.5364,9.4636,step11.v1,fallback_raw
R2,2026-01-01T14:15:00,4,14,20,5.0,0.25,0,2,-2,0.307273,15.0,1.5364,13.4636,step11.v1,fallback_raw
R2,2026-01-01T14:30:00,4,14,20,12.0,0.6,0,2,-2,0.307273,8.0,1.5364,6.4636,step11.v1,fallback_raw
R2,2026-01-01T14:45:00,4,14,20,11.0,0.55,0,2,-2,0.307273,9.0,1.5364,7.4636,step11.v1,fallback_raw
R2,2026-01-01T15:00:00,4,15,20,12.0,0.6,0,2,-2,0.320909,8.0,1.6045,6.3955,step11.v1,fallback_raw
R2,2026-01-01T15:15:00,4,15,20,13.0,0.65,0,2,-2,0.320909,7.0,1.6045,5.3955,step11.v1,fallback_raw
R2,2026-01-01T15:30:00,4,15,20,9.0,0.45,0,2,-2,0.320909,11.0,1.6045,9.3955,step11.v1,fallback_raw
R2,2026-01-01T15:45:00,4,15,20,13.0,0.65,0,2,-2,0.320909,7.0,1.6045,5.3955,step11.v1,fallback_raw
R2,2026-01-01T16:00:00,4,16,20,14.0,0.7,0,2,-2,0.299091,6.0,1.4955,4.5045,step11.v1,fallback_raw
R2,2026-01-01T16:15:00,4,16,20,13.0,0.65,0,2,-2,0.299091,7.0,1.4955,5.5045,step11.v1,fallback_raw
R2,2026-01-01T16:30:00,4,16,20,13.0,0.65,0,2,-2,0.299091,7.0,1.4955,5.5045,step11.v1,fallback_raw
R2,2026-01-01T16:45:00,4,16,20,14.0,0.7,0,2,-2,0.299091,6.0,1.4955,4.5045,step11.v1,fallback_raw
R2,2026-01-01T17:00:00,4,17,20,9.0,0.45,0,2,-2,0.692727,11.0,3.4636,7.5364,step11.v1,fallback_raw
R2,2026-01-01T17:15:00,4,17,20,13.0,0.65,0,2,-2,0.692727,7.0,3.4636,3.5364,step11.v1,fallback_raw
R2,2026-01-01T17:30:00,4,17,20,15.0,0.75,0,2,-2,0.692727,5.0,3.4636,1.5364,step11.v1,fallback_raw
R2,2026-01-01T17:45:00,4,17,20,13.0,0.65,0,2,-2,0.692727,7.0,3.4636,3.5364,step11.v1,fallback_raw
R2,2026-01-01T18:00:00,4,18,20,10.0,0.5,0,2,-2,0.68,10.0,3.4,6.6,step11.v1,fallback_raw
R2,2026-01-01T18:15:00,4,18,20,14.0,0.7,0,2,-2,0.68,6.0,3.4,2.6,step11.v1,fallback_raw
R2,2026-01-01T18:30:00,4,18,20,14.0,0.7,0,2,-2,0.68,6.0,3.4,2.6,step11.v1,fallback_raw
R2,2026-01-01T18:45:00,4,18,20,13.0,0.65,0,2,-2,0.68,7.0,3.4,3.6,step11.v1,fallback_raw
R2,2026-01-01T19:00:00,4,19,20,11.0,0.55,0,2,-2,0.686364,9.0,3.4318,5.5682,step11.v1,fallback_raw
R2,2026-01-01T19:15:00,4,19,20,14.0,0.7,0,2,-2,0.686364,6.0,3.4318,2.5682,step11.v1,fallback_raw
R2,2026-01-01T19:30:00,4,19,20,14.0,0.7,0,2,-2,0.686364,6.0,3.4318,2.5682,step11.v1,fallback_raw
R2,2026-01-01T19:45:00,4,19,20,13.0,0.65,0,2,-2,0.686364,7.0,3.4318,3.5682,step11.v1,fallback_raw
R2,2026-01-01T20:00:00,4,20,20,13.0,0.65,0,2,-2,0.09,7.0,0.45,6.55,step11.v1,fallback_raw
R2,2026-01-01T20:15:00,4,20,20,13.0,0.65,0,2,-2,0.09,7.0,0.45,6.55,step11.v1,fallback_raw
R2,2026-01-01T20:30:00,4,20,20,11.0,0.55,0,2,-2,0.09,9.0,0.45,8.55,step11.v1,fallback_raw
R2,2026-01-01T20:45:00,4,20,20,15.0,0.75,0,2,-2,0.09,5.0,0.45,4.55,step11.v1,fallback_raw
R2,2026-01-01T21:00:00,4,21,20,8.0,0.4,0,2,-2,0.083636,12.0,0.4182,11.5818,step11.v1,fallback_raw
R2,2026-01-01T21:15:00,4,21,20,16.0,0.8,0,2,-2,0.083636,4.0,0.4182,3.5818,step11.v1,fallback_raw
R2,2026-01-01T21:30:00,4,21,20,13.0,0.65,0,2,-2,0.083636,7.0,0.4182,6.5818,step11.v1,fallback_raw
R2,2026-01-01T21:45:00,4,21,20,9.0,0.45,0,2,-2,0.083636,11.0,0.4182,10.5818,step11.v1,fallback_raw
R2,2026-01-01T22:00:00,4,22,20,12.0,0.6,0,2,-2,0.084545,8.0,0.4227,7.5773,step11.v1,fallback_raw
R2,2026-01-01T22:15:00,4,22,20,13.0,0.65,0,2,-2,0.084545,7.0,0.4227,6.5773,step11.v1,fallback_raw
R2,2026-01-01T22:30:00,4,22,20,11.0,0.55,0,2,-2,0.084545,9.0,0.4227,8.5773,step11.v1,fallback_raw
R2,2026-01-01T22:45:00,4,22,20,11.0,0.55,0,2,-2,0.084545,9.0,0.4227,8.5773,step11.v1,fallback_raw
R2,2026-01-01T23:00:00,4,23,20,13.0,0.65,0,2,-2,0.071818,7.0,0.3591,6.6409,step11.v1,fallback_raw
R2,2026-01-01T23:15:00,4,23,20,10.0,0.5,0,2,-2,0.071818,10.0,0.3591,9.6409,step11.v1,fallback_raw
R2,2026-01-01T23:30:00,4,23,20,11.0,0.55,0,2,-2,0.071818,9.0,0.3591,8.6409,step11.v1,fallback_raw
R2,2026-01-01T23:45:00,4,23,20,12.0,0.6,0,2,-2,0.071818,8.0,0.3591,7.6409,step11.v1,fallback_raw
R2,2026-01-02T00:00:00,5,0,20,12.0,0.6,0,2,-2,0.098182,8.0,0.4909,7.5091,step11.v1,fallback_raw
R2,2026-01-02T00:15:00,5,0,20,15.0,0.75,0,2,-2,0.098182,5.0,0.4909,4.5091,step11.v1,fallback_raw
R2,2026-01-02T00:30:00,5,0,20,9.0,0.45,0,2,-2,0.098182,11.0,0.4909,10.5091,step11.v1,fallback_raw
R2,2026-01-02T00:45:00,5,0,20,12.0,0.6,0,2,-2,0.098182,8.0,0.4909,7.5091,step11.v1,fallback_raw
R2,2026-01-02T01:00:00,5,1,20,11.0,0.55,0,2,-2,0.084545,9.0,0.4227,8.5773,step11.v1,fallback_raw
R2,2026-01-02T01:15:00,5,1,20,10.0,0.5,0,2,-2,0.084545,10.0,0.4227,9.5773,step11.v1,fallback_raw
R2,2026-01-02T01:30:00,5,1,20,9.0,0.45,0,2,-2,0.084545,11.0,0.4227,10.5773,step11.v1,fallback_raw
R2,2026-01-02T01:45:00,5,1,20,13.0,0.65,0,2,-2,0.084545,7.0,0.4227,6.5773,step11.v1,fallback_raw
R2,2026-01-02T02:00:00,5,2,20,11.0,0.55,0,2,-2,0.081818,9.0,0.4091,8.5909,step11.v1,fallback_raw
R2,2026-01-02T02:15:00,5,2,20,15.0,0.75,0,2,-2,0.081818,5.0,0.4091,4.5909,step11.v1,fallback_raw
R2,2026-01-02T02:30:00,5,2,20,10.0,0.5,0,2,-2,0.081818,10.0,0.4091,9.5909,step11.v1,fallback_raw
R2,2026-01-02T02:45:00,5,2,20,9.0,0.45,0,2,-2,0.081818,11.0,0.4091,10.5909,step11.v1,fallback_raw
R2,2026-01-02T03:00:00,5,3,20,12.0,0.6,0,2,-2,0.097273,8.0,0.4864,7.5136,step11.v1,fallback_raw
R2,2026-01-02T03:15:00,5,3,20,8.0,0.4,0,2,-2,0.097273,12.0,0.4864,11.5136,step11.v1,fallback_raw
R2,2026-01-02T03:30:00,5,3,20,18.0,0.9,0,2,-2,0.097273,2.0,0.4864,1.5136,step11.v1,fallback_raw
R2,2026-01-02T03:45:00,5,3,20,14.0,0.7,0,2,-2,0.097273,6.0,0.4864,5.5136,step11.v1,fallback_raw
R2,2026-01-02T04:00:00,5,4,20,10.0,0.5,0,2,-2,0.095455,10.0,0.4773,9.5227,step11.v1,fallback_raw
R2,2026-01-02T04:15:00,5,4,20,12.0,0.6,0,2,-2,0.095455,8.0,0.4773,7.5227,step11.v1,fallback_raw
R2,2026-01-02T04:30:00,5,4,20,13.0,0.65,0,2,-2,0.095455,7.0,0.4773,6.5227,step11.v1,fallback_raw
R2,2026-01-02T04:45:00,5,4,20,14.0,0.7,0,2,-2,0.095455,6.0,0.4773,5.5227,step11.v1,fallback_raw
R2,2026-01-02T05:00:00,5,5,20,6.0,0.3,0,2,-2,0.082727,14.0,0.4136,13.5864,step11.v1,fallback_raw
R2,2026-01-02T05:15:00,5,5,20,15.0,0.75,0,2,-2,0.082727,5.0,0.4136,4.5864,step11.v1,fallback_raw
R2,2026-01-02T05:30:00,5,5,20,13.0,0.65,0,2,-2,0.082727,7.0,0.4136,6.5864,step11.v1,fallback_raw
R2,2026-01-02T05:45:00,5,5,20,11.0,0.55,0,2,-2,0.082727,9.0,0.4136,8.5864,step11.v1,fallback_raw
R2,2026-01-02T06:00:00,5,6,20,13.0,0.65,0,2,-2,0.087273,7.0,0.4364,6.5636,step11.v1,fallback_raw
R2,2026-01-02T06:15:00,5,6,20,14.0,0.7,0,2,-2,0.087273,6.0,0.4364,5.5636,step11.v1,fallback_raw
R2,2026-01-02T06:30:00,5,6,20,10.0,0.5,0,2,-2,0.087273,10.0,0.4364,9.5636,step11.v1,fallback_raw
R2,2026-01-02T06:45:00,5,6,20,8.0,0.4,0,2,-2,0.087273,12.0,0.4364,11.5636,step11.v1,fallback_raw
R2,2026-01-02T07:00:00,5,7,20,13.0,0.65,0,2,-2,0.692727,7.0,3.4636,3.5364,step11.v1,fallback_raw
R2,2026-01-02T07:15:00,5,7,20,12.0,0.6,0,2,-2,0.692727,8.0,3.4636,4.5364,step11.v1,fallback_raw
R2,2026-01-02T07:30:00,5,7,20,12.0,0.6,0,2,-2,0.692727,8.0,3.4636,4.5364,step11.v1,fallback_raw
R2,2026-01-02T07:45:00,5,7,20,11.0,0.55,0,2,-2,0.692727,9.0,3.4636,5.5364,step11.v1,fallback_raw
R2,2026-01-02T08:00:00,5,8,20,12.0,0.6,0,2,-2,0.702727,8.0,3.5136,4.4864,step11.v1,fallback_raw
R2,2026-01-02T08:15:00,5,8,20,14.0,0.7,0,2,-2,0.702727,6.0,3.5136,2.4864,step11.v1,fallback_raw
R2,2026-01-02T08:30:00,5,8,20,12.0,0.6,0,2,-2,0.702727,8.0,3.5136,4.4864,step11.v1,fallback_raw
R2,2026-01-02T08:45:00,5,8,20,13.0,0.65,0,2,-2,0.702727,7.0,3.5136,3.4864,step11.v1,fallback_raw
R2,2026-01-02T09:00:00,5,9,20,13.0,0.65,0,2,-2,0.668182,7.0,3.3409,3.6591,step11.v1,fallback_raw
R2,2026-01-02T09:15:00,5,9,20,8.0,0.4,0,2,-2,0.668182,12.0,3.3409,8.6591,step11.v1,fallback_raw
R2,2026-01-02T09:30:00,5,9,20,14.0,0.7,0,2,-2,0.668182,6.0,3.3409,2.6591,step11.v1,fallback_raw
R2,2026-01-02T09:45:00,5,9,20,12.0,0.6,0,2,-2,0.668182,8.0,3.3409,4.6591,step11.v1,fallback_raw
R2,2026-01-02T10:00:00,5,10,20,11.0,0.55,0,2,-2,0.301818,9.0,1.5091,7.4909,step11.v1,fallback_raw
R2,2026-01-02T10:15:00,5,10,20,16.0,0.8,0,2,-2,0.301818,4.0,1.5091,2.4909,step11.v1,fallback_raw
R2,2026-01-02T10:30:00,5,10,20,13.0,0.65,0,2,-2,0.301818,7.0,1.5091,5.4909,step11.v1,fallback_raw
R2,2026-01-02T10:45:00,5,10,20,14.0,0.7,0,2,-2,0.301818,6.0,1.5091,4.4909,step11.v1,fallback_raw
R2,2026-01-02T11:00:00,5,11,20,17.0,0.85,0,2,-2,0.305455,3.0,1.5273,1.4727,step11.v1,fallback_raw
R2,2026-01-02T11:15:00,5,11,20,13.0,0.65,0,2,-2,0.305455,7.0,1.5273,5.4727,step11.v1,fallback_raw
R2,2026-01-02T11:30:00,5,11,20,13.0,0.65,0,2,-2,0.305455,7.0,1.5273,5.4727,step11.v1,fallback_raw
R2,2026-01-02T11:45:00,5,11,20,12.0,0.6,0,2,-2,0.305455,8.0,1.5273,6.4727,step11.v1,fallback_raw
R2,2026-01-02T12:00:00,5,12,20,10.0,0.5,0,2,-2,0.308182,10.0,1.5409,8.4591,step11.v1,fallback_raw
R2,2026-01-02T12:15:00,5,12,20,11.0,0.55,0,2,-2,0.308182,9.0,1.5409,7.4591,step11.v1,fallback_raw
R2,2026-01-02T12:30:00,5,12,20,8.0,0.4,0,2,-2,0.308182,12.0,1.5409,10.4591,step11.v1,fallback_raw
R2,2026-01-02T12:45:00,5,12,20,8.0,0.4,0,2,-2,0.308182,12.0,1.5409,10.4591,step11.v1,fallback_raw
R2,2026-01-02T13:00:00,5,13,20,10.0,0.5,0,2,-2,0.300909,10.0,1.5045,8.4955,step11.v1,fallback_raw
R2,2026-01-02T13:15:00,5,13,20,13.0,0.65,0,2,-2,0.300909,7.0,1.5045,5.4955,step11.v1,fallback_raw
R2,2026-01-02T13:30:00,5,13,20,15.0,0.75,0,2,-2,0.300909,5.0,1.5045,3.4955,step11.v1,fallback_raw
R2,2026-01-02T13:45:00,5,13,20,10.0,0.5,0,2,-2,0.300909,10.0,1.5045,8.4955,step11.v1,fallback_raw
R2,2026-01-02T14:00:00,5,14,20,9.0,0.45,0,2,-2,0.31,11.0,1.55,9.45,step11.v1,fallback_raw
R2,2026-01-02T14:15:00,5,14,20,12.0,0.6,0,2,-2,0.31,8.0,1.55,6.45,step11.v1,fallback_raw
R2,2026-01-02T14:30:00,5,14,20,9.0,0.45,0,2,-2,0.31,11.0,1.55,9.45,step11.v1,fallback_raw
R2,2026-01-02T14:45:00,5,14,20,15.0,0.75,0,2,-2,0.31,5.0,1.55,3.45,step11.v1,fallback_raw
R2,2026-01-02T15:00:00,5,15,20,10.0,0.5,0,2,-2,0.31,10.0,1.55,8.45,step11.v1,fallback_raw
R2,2026-01-02T15:15:00,5,15,20,11.0,0.55,0,2,-2,0.31,9.0,1.55,7.45,step11.v1,fallback_raw
R2,2026-01-02T15:30:00,5,15,20,12.0,0.6,0,2,-2,0.31,8.0,1.55,6.45,step11.v1,fallback_raw
R2,2026-01-02T15:45:00,5,15,20,12.0,0.6,0,2,-2,0.31,8.0,1.55,6.45,step11.v1,fallback_raw
R2,2026-01-02T16:00:00,5,16,20,12.0,0.6,0,2,-2,0.306364,8.0,1.5318,6.4682,step11.v1,fallback_raw
R2,2026-01-02T16:15:00,5,16,20,14.0,0.7,0,2,-2,0.306364,6.0,1.5318,4.4682,step11.v1,fallback_raw
R2,2026-01-02T16:30:00,5,16,20,12.0,0.6,0,2,-2,0.306364,8.0,1.5318,6.4682,step11.v1,fallback_raw
R2,2026-01-02T16:45:00,5,16,20,13.0,0.65,0,2,-2,0.306364,7.0,1.5318,5.4682,step11.v1,fallback_raw
R2,2026-01-02T17:00:00,5,17,20,14.0,0.7,0,2,-2,0.69,6.0,3.45,2.55,step11.v1,fallback_raw
R2,2026-01-02T17:15:00,5,17,20,10.0,0.5,0,2,-2,0.69,10.0,3.45,6.55,step11.v1,fallback_raw
R2,2026-01-02T17:30:00,5,17,20,10.0,0.5,0,2,-2,0.69,10.0,3.45,6.55,step11.v1,fallback_raw
R2,2026-01-02T17:45:00,5,17,20,14.0,0.7,0,2,-2,0.69,6.0,3.45,2.55,step11.v1,fallback_raw
R2,2026-01-02T18:00:00,5,18,20,14.0,0.7,0,2,-2,0.692727,6.0,3.4636,2.5364,step11.v1,fallback_raw
R2,2026-01-02T18:15:00,5,18,20,12.0,0.6,0,2,-2,0.692727,8.0,3.4636,4.5364,step11.v1,fallback_raw
R2,2026-01-02T18:30:00,5,18,20,15.0,0.75,0,2,-2,0.692727,5.0,3.4636,1.5364,step11.v1,fallback_raw
R2,2026-01-02T18:45:00,5,18,20,14.0,0.7,0,2,-2,0.692727,6.0,3.4636,2.5364,step11.v1,fallback_raw
R2,2026-01-02T19:00:00,5,19,20,8.0,0.4,0,2,-2,0.691818,12.0,3.4591,8.5409,step11.v1,fallback_raw
R2,2026-01-02T19:15:00,5,19,20,12.0,0.6,0,2,-2,0.691818,8.0,3.4591,4.5409,step11.v1,fallback_raw
R2,2026-01-02T19:30:00,5,19,20,9.0,0.45,0,2,-2,0.691818,11.0,3.4591,7.5409,step11.v1,fallback_raw
R2,2026-01-02T19:45:00,5,19,20,12.0,0.6,0,2,-2,0.691818,8.0,3.4591,4.5409,step11.v1,fallback_raw
R2,2026-01-02T20:00:00,5,20,20,15.0,0.75,0,2,-2,0.091818,5.0,0.4591,4.5409,step11.v1,fallback_raw
R2,2026-01-02T20:15:00,5,20,20,12.0,0.6,0,2,-2,0.091818,8.0,0.4591,7.5409,step11.v1,fallback_raw
R2,2026-01-02T20:30:00,5,20,20,11.0,0.55,0,2,-2,0.091818,9.0,0.4591,8.5409,step11.v1,fallback_raw
R2,2026-01-02T20:45:00,5,20,20,12.0,0.6,0,2,-2,0.091818,8.0,0.4591,7.5409,step11.v1,fallback_raw
R2,2026-01-02T21:00:00,5,21,20,11.0,0.55,0,2,-2,0.1,9.0,0.5,8.5,step11.v1,fallback_raw
R2,2026-01-02T21:15:00,5,21,20,11.0,0.55,0,2,-2,0.1,9.0,0.5,8.5,step11.v1,fallback_raw
R2,2026-01-02T21:30:00,5,21,20,10.0,0.5,0,2,-2,0.1,10.0,0.5,9.5,step11.v1,fallback_raw
R2,2026-01-02T21:45:00,5,21,20,12.0,0.6,0,2,-2,0.1,8.0,0.5,7.5,step11.v1,fallback_raw
R2,2026-01-02T22:00:00,5,22,20,11.0,0.55,0,2,-2,0.089091,9.0,0.4455,8.5545,step11.v1,fallback_raw
R2,2026-01-02T22:15:00,5,22,20,11.0,0.55,0,2,-2,0.089091,9.0,0.4455,8.5545,step11.v1,fallback_raw
R2,2026-01-02T22:30:00,5,22,20,9.0,0.45,0,2,-2,0.089091,11.0,0.4455,10.5545,step11.v1,fallback_raw
R2,2026-01-02T22:45:00,5,22,20,12.0,0.6,0,2,-2,0.089091,8.0,0.4455,7.5545,step11.v1,fallback_raw
R2,2026-01-02T23:00:00,5,23,20,14.0,0.7,0,2,-2,0.09,6.0,0.45,5.55,step11.v1,fallback_raw
R2,2026-01-02T23:15:00,5,23,20,14.0,0.7,0,2,-2,0.09,6.0,0.45,5.55,step11.v1,fallback_raw
R2,2026-01-02T23:30:00,5,23,20,14.0,0.7,0,2,-2,0.09,6.0,0.45,5.55,step11.v1,fallback_raw
R2,2026-01-02T23:45:00,5,23,20,10.0,0.5,0,2,-2,0.09,10.0,0.45,9.55,step11.v1,fallback_raw
R2,2026-01-03T00:00:00,6,0,20,11.0,0.55,0,2,-2,0.196364,9.0,0.9818,8.0182,step11.v1,fallback_raw
R2,2026-01-03T00:15:00,6,0,20,14.0,0.7,0,2,-2,0.196364,6.0,0.9818,5.0182,step11.v1,fallback_raw
R2,2026-01-03T00:30:00,6,0,20,10.0,0.5,0,2,-2,0.196364,10.0,0.9818,9.0182,step11.v1,fallback_raw
R2,2026-01-03T00:45:00,6,0,20,11.0,0.55,0,2,-2,0.196364,9.0,0.9818,8.0182,step11.v1,fallback_raw
R2,2026-01-03T01:00:00,6,1,20,13.0,0.65,0,2,-2,0.195455,7.0,0.9773,6.0227,step11.v1,fallback_raw
R2,2026-01-03T01:15:00,6,1,20,14.0,0.7,0,2,-2,0.195455,6.0,0.9773,5.0227,step11.v1,fallback_raw
R2,2026-01-03T01:30:00,6,1,20,16.0,0.8,0,2,-2,0.195455,4.0,0.9773,3.0227,step11.v1,fallback_raw
R2,2026-01-03T01:45:00,6,1,20,9.0,0.45,0,2,-2,0.195455,11.0,0.9773,10.0227,step11.v1,fallback_raw
R2,2026-01-03T02:00:00,6,2,20,13.0,0.65,0,2,-2,0.198182,7.0,0.9909,6.0091,step11.v1,fallback_raw
R2,2026-01-03T02:15:00,6,2,20,11.0,0.55,0,2,-2,0.198182,9.0,0.9909,8.0091,step11.v1,fallback_raw
R2,2026-01-03T02:30:00,6,2,20,9.0,0.45,0,2,-2,0.198182,11.0,0.9909,10.0091,step11.v1,fallback_raw
R2,2026-01-03T02:45:00,6,2,20,12.0,0.6,0,2,-2,0.198182,8.0,0.9909,7.0091,step11.v1,fallback_raw
R2,2026-01-03T03:00:00,6,3,20,10.0,0.5,0,2,-2,0.199091,10.0,0.9955,9.0045,step11.v1,fallback_raw
R2,2026-01-03T03:15:00,6,3,20,11.0,0.55,0,2,-2,0.199091,9.0,0.9955,8.0045,step11.v1,fallback_raw
R2,2026-01-03T03:30:00,6,3,20,13.0,0.65,0,2,-2,0.199091,7.0,0.9955,6.0045,step11.v1,fallback_raw
R2,2026-01-03T03:45:00,6,3,20,11.0,0.55,0,2,-2,0.199091,9.0,0.9955,8.0045,step11.v1,fallback_raw
R2,2026-01-03T04:00:00,6,4,20,11.0,0.55,0,2,-2,0.183636,9.0,0.9182,8.0818,step11.v1,fallback_raw
R2,2026-01-03T04:15:00,6,4,20,11.0,0.55,0,2,-2,0.183636,9.0,0.9182,8.0818,step11.v1,fallback_raw
R2,2026-01-03T04:30:00,6,4,20,10.0,0.5,0,2,-2,0.183636,10.0,0.9182,9.0818,step11.v1,fallback_raw
R2,2026-01-03T04:45:00,6,4,20,13.0,0.65,0,2,-2,0.183636,7.0,0.9182,6.0818,step11.v1,fallback_raw
R2,2026-01-03T05:00:00,6,5,20,17.0,0.85,0,2,-2,0.192727,3.0,0.9636,2.0364,step11.v1,fallback_raw
R2,2026-01-03T05:15:00,6,5,20,9.0,0.45,0,2,-2,0.192727,11.0,0.9636,10.0364,step11.v1,fallback_raw
R2,2026-01-03T05:30:00,6,5,20,14.0,0.7,0,2,-2,0.192727,6.0,0.9636,5.0364,step11.v1,fallback_raw
R2,2026-01-03T05:45:00,6,5,20,12.0,0.6,0,2,-2,0.192727,8.0,0.9636,7.0364,step11.v1,fallback_raw
R2,2026-01-03T06:00:00,6,6,20,10.0,0.5,0,2,-2,0.208182,10.0,1.0409,8.9591,step11.v1,fallback_raw
R2,2026-01-03T06:15:00,6,6,20,13.0,0.65,0,2,-2,0.208182,7.0,1.0409,5.9591,step11.v1,fallback_raw
R2,2026-01-03T06:30:00,6,6,20,12.0,0.6,0,2,-2,0.208182,8.0,1.0409,6.9591,step11.v1,fallback_raw
R2,2026-01-03T06:45:00,6,6,20,13.0,0.65,0,2,-2,0.208182,7.0,1.0409,5.9591,step11.v1,fallback_raw
R2,2026-01-03T07:00:00,6,7,20,12.0,0.6,0,2,-2,0.803636,8.0,4.0182,3.9818,step11.v1,fallback_raw
R2,2026-01-03T07:15:00,6,7,20,8.0,0.4,0,2,-2,0.803636,12.0,4.0182,7.9818,step11.v1,fallback_raw
R2,2026-01-03T07:30:00,6,7,20,11.0,0.55,0,2,-2,0.803636,9.0,4.0182,4.9818,step11.v1,fallback_raw
R2,2026-01-03T07:45:00,6,7,20,14.0,0.7,0,2,-2,0.803636,6.0,4.0182,1.9818,step11.v1,fallback_raw
R2,2026-01-03T08:00:00,6,8,20,7.0,0.35,0,2,-2,0.791818,13.0,3.9591,9.0409,step11.v1,fallback_raw
R2,2026-01-03T08:15:00,6,8,20,11.0,0.55,0,2,-2,0.791818,9.0,3.9591,5.0409,step11.v1,fallback_raw
R2,2026-01-03T08:30:00,6,8,20,15.0,0.75,0,2,-2,0.791818,5.0,3.9591,1.0409,step11.v1,fallback_raw
R2,2026-01-03T08:45:00,6,8,20,16.0,0.8,0,2,-2,0.791818,4.0,3.9591,0.0409,step11.v1,fallback_raw
R2,2026-01-03T09:00:00,6,9,20,14.0,0.7,0,2,-2,0.795455,6.0,3.9773,2.0227,step11.v1,fallback_raw
R2,2026-01-03T09:15:00,6,9,20,10.0,0.5,0,2,-2,0.795455,10.0,3.9773,6.0227,step11.v1,fallback_raw
R2,2026-01-03T09:30:00,6,9,20,11.0,0.55,0,2,-2,0.795455,9.0,3.9773,5.0227,step11.v1,fallback_raw
R2,2026-01-03T09:45:00,6,9,20,12.0,0.6,0,2,-2,0.795455,8.0,3.9773,4.0227,step11.v1,fallback_raw
R2,2026-01-03T10:00:00,6,10,20,9.0,0.45,0,2,-2,0.419091,11.0,2.0955,8.9045,step11.v1,fallback_raw
R2,2026-01-03T10:15:00,6,10,20,11.0,0.55,0,2,-2,0.419091,9.0,2.0955,6.9045,step11.v1,fallback_raw
R2,2026-01-03T10:30:00,6,10,20,11.0,0.55,0,2,-2,0.419091,9.0,2.0955,6.9045,step11.v1,fallback_raw
R2,2026-01-03T10:45:00,6,10,20,13.0,0.65,0,2,-2,0.419091,7.0,2.0955,4.9045,step11.v1,fallback_raw
R2,2026-01-03T11:00:00,6,11,20,10.0,0.5,0,2,-2,0.421818,10.0,2.1091,7.8909,step11.v1,fallback_raw
R2,2026-01-03T11:15:00,6,11,20,13.0,0.65,0,2,-2,0.421818,7.0,2.1091,4.8909,step11.v1,fallback_raw
R2,2026-01-03T11:30:00,6,11,20,9.0,0.45,0,2,-2,0.421818,11.0,2.1091,8.8909,step11.v1,fallback_raw
R2,2026-01-03T11:45:00,6,11,20,12.0,0.6,0,2,-2,0.421818,8.0,2.1091,5.8909,step11.v1,fallback_raw
R2,2026-01-03T12:00:00,6,12,20,13.0,0.65,0,2,-2,0.409091,7.0,2.0455,4.9545,step11.v1,fallback_raw
R2,2026-01-03T12:15:00,6,12,20,13.0,0.65,0,2,-2,0.409091,7.0,2.0455,4.9545,step11.v1,fallback_raw
R2,2026-01-03T12:30:00,6,12,20,10.0,0.5,0,2,-2,0.409091,10.0,2.0455,7.9545,step11.v1,fallback_raw
R2,2026-01-03T12:45:00,6,12,20,8.0,0.4,0,2,-2,0.409091,12.0,2.0455,9.9545,step11.v1,fallback_raw
R2,2026-01-03T13:00:00,6,13,20,14.0,0.7,0,2,-2,0.423636,6.0,2.1182,3.8818,step11.v1,fallback_raw
R2,2026-01-03T13:15:00,6,13,20,12.0,0.6,0,2,-2,0.423636,8.0,2.1182,5.8818,step11.v1,fallback_raw
R2,2026-01-03T13:30:00,6,13,20,11.0,0.55,0,2,-2,0.423636,9.0,2.1182,6.8818,step11.v1,fallback_raw
R2,2026-01-03T13:45:00,6,13,20,11.0,0.55,0,2,-2,0.423636,9.0,2.1182,6.8818,step11.v1,fallback_raw
R2,2026-01-03T14:00:00,6,14,20,15.0,0.75,0,2,-2,0.431818,5.0,2.1591,2.8409,step11.v1,fallback_raw
R2,2026-01-03T14:15:00,6,14,20,12.0,0.6,0,2,-2,0.431818,8.0,2.1591,5.8409,step11.v1,fallback_raw
R2,2026-01-03T14:30:00,6,14,20,12.0,0.6,0,2,-2,0.431818,8.0,2.1591,5.8409,step11.v1,fallback_raw
R2,2026-01-03T14:45:00,6,14,20,8.0,0.4,0,2,-2,0.431818,12.0,2.1591,9.8409,step11.v1,fallback_raw
R2,2026-01-03T15:00:00,6,15,20,15.0,0.75,0,2,-2,0.43,5.0,2.15,2.85,step11.v1,fallback_raw
R2,2026-01-03T15:15:00,6,15,20,7.0,0.35,0,2,-2,0.43,13.0,2.15,10.85,step11.v1,fallback_raw
R2,2026-01-03T15:30:00,6,15,20,7.0,0.35,0,2,-2,0.43,13.0,2.15,10.85,step11.v1,fallback_raw
R2,2026-01-03T15:45:00,6,15,20,9.0,0.45,0,2,-2,0.43,11.0,2.15,8.85,step11.v1,fallback_raw
R2,2026-01-03T16:00:00,6,16,20,10.0,0.5,0,2,-2,0.411818,10.0,2.0591,7.9409,step11.v1,fallback_raw
R2,2026-01-03T16:15:00,6,16,20,9.0,0.45,0,2,-2,0.411818,11.0,2.0591,8.9409,step11.v1,fallback_raw
R2,2026-01-03T16:30:00,6,16,20,12.0,0.6,0,2,-2,0.411818,8.0,2.0591,5.9409,step11.v1,fallback_raw
R2,2026-01-03T16:45:00,6,16,20,12.0,0.6,0,2,-2,0.411818,8.0,2.0591,5.9409,step11.v1,fallback_raw
R2,2026-01-03T17:00:00,6,17,20,16.0,0.8,0,2,-2,0.802727,4.0,4.0136,-0.0136,step11.v1,fallback_raw
R2,2026-01-03T17:15:00,6,17,20,12.0,0.6,0,2,-2,0.802727,8.0,4.0136,3.9864,step11.v1,fallback_raw
R2,2026-01-03T17:30:00,6,17,20,12.0,0.6,0,2,-2,0.802727,8.0,4.0136,3.9864,step11.v1,fallback_raw
R2,2026-01-03T17:45:00,6,17,20,11.0,0.55,0,2,-2,0.802727,9.0,4.0136,4.9864,step11.v1,fallback_raw
R2,2026-01-03T18:00:00,6,18,20,13.0,0.65,0,2,-2,0.806364,7.0,4.0318,2.9682,step11.v1,fallback_raw
R2,2026-01-03T18:15:00,6,18,20,13.0,0.65,0,2,-2,0.806364,7.0,4.0318,2.9682,step11.v1,fallback_raw
R2,2026-01-03T18:30:00,6,18,20,10.0,0.5,0,2,-2,0.806364,10.0,4.0318,5.9682,step11.v1,fallback_raw
R2,2026-01-03T18:45:00,6,18,20,14.0,0.7,0,2,-2,0.806364,6.0,4.0318,1.9682,step11.v1,fallback_raw
R2,2026-01-03T19:00:00,6,19,20,12.0,0.6,0,2,-2,0.802727,8.0,4.0136,3.9864,step11.v1,fallback_raw
R2,2026-01-03T19:15:00,6,19,20,13.0,0.65,0,2,-2,0.802727,7.0,4.0136,2.9864,step11.v1,fallback_raw
R2,2026-01-03T19:30:00,6,19,20,10.0,0.5,0,2,-2,0.802727,10.0,4.0136,5.9864,step11.v1,fallback_raw
R2,2026-01-03T19:45:00,6,19,20,11.0,0.55,0,2,-2,0.802727,9.0,4.0136,4.9864,step11.v1,fallback_raw
R2,2026-01-03T20:00:00,6,20,20,11.0,0.55,0,2,-2,0.184545,9.0,0.9227,8.0773,step11.v1,fallback_raw
R2,2026-01-03T20:15:00,6,20,20,9.0,0.45,0,2,-2,0.184545,11.0,0.9227,10.0773,step11.v1,fallback_raw
R2,2026-01-03T20:30:00,6,20,20,15.0,0.75,0,2,-2,0.184545,5.0,0.9227,4.0773,step11.v1,fallback_raw
R2,2026-01-03T20:45:00,6,20,20,10.0,0.5,0,2,-2,0.184545,10.0,0.9227,9.0773,step11.v1,fallback_raw
R2,2026-01-03T21:00:00,6,21,20,9.0,0.45,0,2,-2,0.198182,11.0,0.9909,10.0091,step11.v1,fallback_raw
R2,2026-01-03T21:15:00,6,21,20,7.0,0.35,0,2,-2,0.198182,13.0,0.9909,12.0091,step11.v1,fallback_raw
R2,2026-01-03T21:30:00,6,21,20,13.0,0.65,0,2,-2,0.198182,7.0,0.9909,6.0091,step11.v1,fallback_raw
R2,2026-01-03T21:45:00,6,21,20,12.0,0.6,0,2,-2,0.198182,8.0,0.9909,7.0091,step11.v1,fallback_raw
R2,2026-01-03T22:00:00,6,22,20,14.0,0.7,0,2,-2,0.206364,6.0,1.0318,4.9682,step11.v1,fallback_raw
R2,2026-01-03T22:15:00,6,22,20,9.0,0.45,0,2,-2,0.206364,11.0,1.0318,9.9682,step11.v1,fallback_raw
R2,2026-01-03T22:30:00,6,22,20,6.0,0.3,0,2,-2,0.206364,14.0,1.0318,12.9682,step11.v1,fallback_raw
R2,2026-01-03T22:45:00,6,22,20,15.0,0.75,0,2,-2,0.206364,5.0,1.0318,3.9682,step11.v1,fallback_raw
R2,2026-01-03T23:00:00,6,23,20,11.0,0.55,0,2,-2,0.201818,9.0,1.0091,7.9909,step11.v1,fallback_raw
R2,2026-01-03T23:15:00,6,23,20,8.0,0.4,0,2,-2,0.201818,12.0,1.0091,10.9909,step11.v1,fallback_raw
R2,2026-01-03T23:30:00,6,23,20,11.0,0.55,0,2,-2,0.201818,9.0,1.0091,7.9909,step11.v1,fallback_raw
R2,2026-01-03T23:45:00,6,23,20,11.0,0.55,0,2,-2,0.201818,9.0,1.0091,7.9909,step11.v1,fallback_raw
R3,2026-01-01T00:00:00,4,0,20,10.0,0.5,0,2,-2,0.085556,10.0,0.4278,9.5722,step11.v1,fallback_raw
R3,2026-01-01T00:15:00,4,0,20,14.0,0.7,0,2,-2,0.085556,6.0,0.4278,5.5722,step11.v1,fallback_raw
R3,2026-01-01T00:30:00,4,0,20,15.0,0.75,0,2,-2,0.085556,5.0,0.4278,4.5722,step11.v1,fallback_raw
R3,2026-01-01T00:45:00,4,0,20,16.0,0.8,0,2,-2,0.085556,4.0,0.4278,3.5722,step11.v1,fallback_raw
R3,2026-01-01T01:00:00,4,1,20,11.0,0.55,0,2,-2,0.076667,9.0,0.3833,8.6167,step11.v1,fallback_raw
R3,2026-01-01T01:15:00,4,1,20,12.0,0.6,0,2,-2,0.076667,8.0,0.3833,7.6167,step11.v1,fallback_raw
R3,2026-01-01T01:30:00,4,1,20,11.0,0.55,0,2,-2,0.076667,9.0,0.3833,8.6167,step11.v1,fallback_raw
R3,2026-01-01T01:45:00,4,1,20,10.0,0.5,0,2,-2,0.076667,10.0,0.3833,9.6167,step11.v1,fallback_raw
R3,2026-01-01T02:00:00,4,2,20,12.0,0.6,0,2,-2,0.09,8.0,0.45,7.55,step11.v1,fallback_raw
R3,2026-01-01T02:15:00,4,2,20,10.0,0.5,0,2,-2,0.09,10.0,0.45,9.55,step11.v1,fallback_raw
R3,2026-01-01T02:30:00,4,2,20,11.0,0.55,0,2,-2,0.09,9.0,0.45,8.55,step11.v1,fallback_raw
R3,2026-01-01T02:45:00,4,2,20,15.0,0.75,0,2,-2,0.09,5.0,0.45,4.55,step11.v1,fallback_raw
R3,2026-01-01T03:00:00,4,3,20,16.0,0.8,0,2,-2,0.084444,4.0,0.4222,3.5778,step11.v1,fallback_raw
R3,2026-01-01T03:15:00,4,3,20,6.0,0.3,0,2,-2,0.084444,14.0,0.4222,13.5778,step11.v1,fallback_raw
R3,2026-01-01T03:30:00,4,3,20,8.0,0.4,0,2,-2,0.084444,12.0,0.4222,11.5778,step11.v1,fallback_raw
R3,2026-01-01T03:45:00,4,3,20,10.0,0.5,0,2,-2,0.084444,10.0,0.4222,9.5778,step11.v1,fallback_raw
R3,2026-01-01T04:00:00,4,4,20,8.0,0.4,0,2,-2,0.092222,12.0,0.4611,11.5389,step11.v1,fallback_raw
R3,2026-01-01T04:15:00,4,4,20,13.0,0.65,0,2,-2,0.092222,7.0,0.4611,6.5389,step11.v1,fallback_raw
R3,2026-01-01T04:30:00,4,4,20,13.0,0.65,0,2,-2,0.092222,7.0,0.4611,6.5389,step11.v1,fallback_raw
R3,2026-01-01T04:45:00,4,4,20,12.0,0.6,0,2,-2,0.092222,8.0,0.4611,7.5389,step11.v1,fallback_raw
R3,2026-01-01T05:00:00,4,5,20,14.0,0.7,0,2,-2,0.062222,6.0,0.3111,5.6889,step11.v1,fallback_raw
R3,2026-01-01T05:15:00,4,5,20,12.0,0.6,0,2,-2,0.062222,8.0,0.3111,7.6889,step11.v1,fallback_raw
R3,2026-01-01T05:30:00,4,5,20,15.0,0.75,0,2,-2,0.062222,5.0,0.3111,4.6889,step11.v1,fallback_raw
R3,2026-01-01T05:45:00,4,5,20,14.0,0.7,0,2,-2,0.062222,6.0,0.3111,5.6889,step11.v1,fallback_raw
R3,2026-01-01T06:00:00,4,6,20,7.0,0.35,0,2,-2,0.085556,13.0,0.4278,12.5722,step11.v1,fallback_raw
R3,2026-01-01T06:15:00,4,6,20,10.0,0.5,0,2,-2,0.085556,10.0,0.4278,9.5722,step11.v1,fallback_raw
R3,2026-01-01T06:30:00,4,6,20,14.0,0.7,0,2,-2,0.085556,6.0,0.4278,5.5722,step11.v1,fallback_raw
R3,2026-01-01T06:45:00,4,6,20,11.0,0.55,0,2,-2,0.085556,9.0,0.4278,8.5722,step11.v1,fallback_raw
R3,2026-01-01T07:00:00,4,7,20,17.0,0.85,0,2,-2,0.692222,3.0,3.4611,-0.4611,step11.v1,fallback_raw
R3,2026-01-01T07:15:00,4,7,20,10.0,0.5,0,2,-2,0.692222,10.0,3.4611,6.5389,step11.v1,fallback_raw
R3,2026-01-01T07:30:00,4,7,20,14.0,0.7,0,2,-2,0.692222,6.0,3.4611,2.5389,step11.v1,fallback_raw
R3,2026-01-01T07:45:00,4,7,20,12.0,0.6,0,2,-2,0.692222,8.0,3.4611,4.5389,step11.v1,fallback_raw
R3,2026-01-01T08:00:00,4,8,20,16.0,0.8,0,2,-2,0.693333,4.0,3.4667,0.5333,step11.v1,fallback_raw
R3,2026-01-01T08:15:00,4,8,20,11.0,0.55,0,2,-2,0.693333,9.0,3.4667,5.5333,step11.v1,fallback_raw
R3,2026-01-01T08:30:00,4,8,20,13.0,0.65,0,2,-2,0.693333,7.0,3.4667,3.5333,step11.v1,fallback_raw
R3,2026-01-01T08:45:00,4,8,20,12.0,0.6,0,2,-2,0.693333,8.0,3.4667,4.5333,step11.v1,fallback_raw
R3,2026-01-01T09:00:00,4,9,20,12.0,0.6,0,2,-2,0.68,8.0,3.4,4.6,step11.v1,fallback_raw
R3,2026-01-01T09:15:00,4,9,20,13.0,0.65,0,2,-2,0.68,7.0,3.4,3.6,step11.v1,fallback_raw
R3,2026-01-01T09:30:00,4,9,20,14.0,0.7,0,2,-2,0.68,6.0,3.4,2.6,step11.v1,fallback_raw
R3,2026-01-01T09:45:00,4,9,20,8.0,0.4,0,2,-2,0.68,12.0,3.4,8.6,step11.v1,fallback_raw
R3,2026-01-01T10:00:00,4,10,20,12.0,0.6,0,2,-2,0.305556,8.0,1.5278,6.4722,step11.v1,fallback_raw
R3,2026-01-01T10:15:00,4,10,20,9.0,0.45,0,2,-2,0.305556,11.0,1.5278,9.4722,step11.v1,fallback_raw
R3,2026-01-01T10:30:00,4,10,20,12.0,0.6,0,2,-2,0.305556,8.0,1.5278,6.4722,step11.v1,fallback_raw
R3,2026-01-01T10:45:00,4,10,20,13.0,0.65,0,2,-2,0.305556,7.0,1.5278,5.4722,step11.v1,fallback_raw
R3,2026-01-01T11:00:00,4,11,20,11.0,0.55,0,2,-2,0.315556,9.0,1.5778,7.4222,step11.v1,fallback_raw
R3,2026-01-01T11:15:00,4,11,20,11.0,0.55,0,2,-2,0.315556,9.0,1.5778,7.4222,step11.v1,fallback_raw
R3,2026-01-01T11:30:00,4,11,20,12.0,0.6,0,2,-2,0.315556,8.0,1.5778,6.4222,step11.v1,fallback_raw
R3,2026-01-01T11:45:00,4,11,20,12.0,0.6,0,2,-2,0.315556,8.0,1.5778,6.4222,step11.v1,fallback_raw
R3,2026-01-01T12:00:00,4,12,20,7.0,0.35,0,2,-2,0.327778,13.0,1.6389,11.3611,step11.v1,fallback_raw
R3,2026-01-01T12:15:00,4,12,20,12.0,0.6,0,2,-2,0.327778,8.0,1.6389,6.3611,step11.v1,fallback_raw
R3,2026-01-01T12:30:00,4,12,20,15.0,0.75,0,2,-2,0.327778,5.0,1.6389,3.3611,step11.v1,fallback_raw
R3,2026-01-01T12:45:00,4,12,20,12.0,0.6,0,2,-2,0.327778,8.0,1.6389,6.3611,step11.v1,fallback_raw
R3,2026-01-01T13:00:00,4,13,20,14.0,0.7,0,2,-2,0.303333,6.0,1.5167,4.4833,step11.v1,fallback_raw
R3,2026-01-01T13:15:00,4,13,20,10.0,0.5,0,2,-2,0.303333,10.0,1.5167,8.4833,step11.v1,fallback_raw
R3,2026-01-01T13:30:00,4,13,20,11.0,0.55,0,2,-2,0.303333,9.0,1.5167,7.4833,step11.v1,fallback_raw
R3,2026-01-01T13:45:00,4,13,20,10.0,0.5,0,2,-2,0.303333,10.0,1.5167,8.4833,step11.v1,fallback_raw
R3,2026-01-01T14:00:00,4,14,20,12.0,0.6,0,2,-2,0.291111,8.0,1.4556,6.5444,step11.v1,fallback_raw
R3,2026-01-01T14:15:00,4,14,20,6.0,0.3,0,2,-2,0.291111,14.0,1.4556,12.5444,step11.v1,fallback_raw
R3,2026-01-01T14:30:00,4,14,20,12.0,0.6,0,2,-2,0.291111,8.0,1.4556,6.5444,step11.v1,fallback_raw
R3,2026-01-01T14:45:00,4,14,20,11.0,0.55,0,2,-2,0.291111,9.0,1.4556,7.5444,step11.v1,fallback_raw
R3,2026-01-01T15:00:00,4,15,20,11.0,0.55,0,2,-2,0.31,9.0,1.55,7.45,step11.v1,fallback_raw
R3,2026-01-01T15:15:00,4,15,20,14.0,0.7,0,2,-2,0.31,6.0,1.55,4.45,step11.v1,fallback_raw
R3,2026-01-01T15:30:00,4,15,20,8.0,0.4,0,2,-2,0.31,12.0,1.55,10.45,step11.v1,fallback_raw
R3,2026-01-01T15:45:00,4,15,20,14.0,0.7,0,2,-2,0.31,6.0,1.55,4.45,step11.v1,fallback_raw
R3,2026-01-01T16:00:00,4,16,20,12.0,0.6,0,2,-2,0.33,8.0,1.65,6.35,step11.v1,fallback_raw
R3,2026-01-01T16:15:00,4,16,20,10.0,0.5,0,2,-2,0.33,10.0,1.65,8.35,step11.v1,fallback_raw
R3,2026-01-01T16:30:00,4,16,20,10.0,0.5,0,2,-2,0.33,10.0,1.65,8.35,step11.v1,fallback_raw
R3,2026-01-01T16:45:00,4,16,20,6.0,0.3,0,2,-2,0.33,14.0,1.65,12.35,step11.v1,fallback_raw
R3,2026-01-01T17:00:00,4,17,20,11.0,0.55,0,2,-2,0.698889,9.0,3.4944,5.5056,step11.v1,fallback_raw
R3,2026-01-01T17:15:00,4,17,20,13.0,0.65,0,2,-2,0.698889,7.0,3.4944,3.5056,step11.v1,fallback_raw
R3,2026-01-01T17:30:00,4,17,20,9.0,0.45,0,2,-2,0.698889,11.0,3.4944,7.5056,step11.v1,fallback_raw
R3,2026-01-01T17:45:00,4,17,20,13.0,0.65,0,2,-2,0.698889,7.0,3.4944,3.5056,step11.v1,fallback_raw
R3,2026-01-01T18:00:00,4,18,20,10.0,0.5,0,2,-2,0.68,10.0,3.4,6.6,step11.v1,fallback_raw
R3,2026-01-01T18:15:00,4,18,20,12.0,0.6,0,2,-2,0.68,8.0,3.4,4.6,step11.v1,fallback_raw
R3,2026-01-01T18:30:00,4,18,20,11.0,0.55,0,2,-2,0.68,9.0,3.4,5.6,step11.v1,fallback_raw
R3,2026-01-01T18:45:00,4,18,20,12.0,0.6,0,2,-2,0.68,8.0,3.4,4.6,step11.v1,fallback_raw
R3,2026-01-01T19:00:00,4,19,20,10.0,0.5,0,2,-2,0.686667,10.0,3.4333,6.5667,step11.v1,fallback_raw
R3,2026-01-01T19:15:00,4,19,20,10.0,0.5,0,2,-2,0.686667,10.0,3.4333,6.5667,step11.v1,fallback_raw
R3,2026-01-01T19:30:00,4,19,20,7.0,0.35,0,2,-2,0.686667,13.0,3.4333,9.5667,step11.v1,fallback_raw
R3,2026-01-01T19:45:00,4,19,20,10.0,0.5,0,2,-2,0.686667,10.0,3.4333,6.5667,step11.v1,fallback_raw
R3,2026-01-01T20:00:00,4,20,20,11.0,0.55,0,2,-2,0.114444,9.0,0.5722,8.4278,step11.v1,fallback_raw
R3,2026-01-01T20:15:00,4,20,20,13.0,0.65,0,2,-2,0.114444,7.0,0.5722,6.4278,step11.v1,fallback_raw
R3,2026-01-01T20:30:00,4,20,20,15.0,0.75,0,2,-2,0.114444,5.0,0.5722,4.4278,step11.v1,fallback_raw
R3,2026-01-01T20:45:00,4,20,20,11.0,0.55,0,2,-2,0.114444,9.0,0.5722,8.4278,step11.v1,fallback_raw
R3,2026-01-01T21:00:00,4,21,20,5.0,0.25,0,2,-2,0.088889,15.0,0.4444,14.5556,step11.v1,fallback_raw
R3,2026-01-01T21:15:00,4,21,20,13.0,0.65,0,2,-2,0.088889,7.0,0.4444,6.5556,step11.v1,fallback_raw
R3,2026-01-01T21:30:00,4,21,20,9.0,0.45,0,2,-2,0.088889,11.0,0.4444,10.5556,step11.v1,fallback_raw
R3,2026-01-01T21:45:00,4,21,20,11.0,0.55,0,2,-2,0.088889,9.0,0.4444,8.5556,step11.v1,fallback_raw
R3,2026-01-01T22:00:00,4,22,20,12.0,0.6,0,2,-2,0.086667,8.0,0.4333,7.5667,step11.v1,fallback_raw
R3,2026-01-01T22:15:00,4,22,20,11.0,0.55,0,2,-2,0.086667,9.0,0.4333,8.5667,step11.v1,fallback_raw
R3,2026-01-01T22:30:00,4,22,20,10.0,0.5,0,2,-2,0.086667,10.0,0.4333,9.5667,step11.v1,fallback_raw
R3,2026-01-01T22:45:00,4,22,20,9.0,0.45,0,2,-2,0.086667,11.0,0.4333,10.5667,step11.v1,fallback_raw
R3,2026-01-01T23:00:00,4,23,20,7.0,0.35,0,2,-2,0.091111,13.0,0.4556,12.5444,step11.v1,fallback_raw
R3,2026-01-01T23:15:00,4,23,20,9.0,0.45,0,2,-2,0.091111,11.0,0.4556,10.5444,step11.v1,fallback_raw
R3,2026-01-01T23:30:00,4,23,20,13.0,0.65,0,2,-2,0.091111,7.0,0.4556,6.5444,step11.v1,fallback_raw
R3,2026-01-01T23:45:00,4,23,20,17.0,0.85,0,2,-2,0.091111,3.0,0.4556,2.5444,step11.v1,fallback_raw
R3,2026-01-02T00:00:00,5,0,20,8.0,0.4,0,2,-2,0.08,12.0,0.4,11.6,step11.v1,fallback_raw
R3,2026-01-02T00:15:00,5,0,20,12.0,0.6,0,2,-2,0.08,8.0,0.4,7.6,step11.v1,fallback_raw
R3,2026-01-02T00:30:00,5,0,20,14.0,0.7,0,2,-2,0.08,6.0,0.4,5.6,step11.v1,fallback_raw
R3,2026-01-02T00:45:00,5,0,20,12.0,0.6,0,2,-2,0.08,8.0,0.4,7.6,step11.v1,fallback_raw
R3,2026-01-02T01:00:00,5,1,20,13.0,0.65,0,2,-2,0.074444,7.0,0.3722,6.6278,step11.v1,fallback_raw
R3,2026-01-02T01:15:00,5,1,20,8.0,0.4,0,2,-2,0.074444,12.0,0.3722,11.6278,step11.v1,fallback_raw
R3,2026-01-02T01:30:00,5,1,20,13.0,0.65,0,2,-2,0.074444,7.0,0.3722,6.6278,step11.v1,fallback_raw
R3,2026-01-02T01:45:00,5,1,20,10.0,0.5,0,2,-2,0.074444,10.0,0.3722,9.6278,step11.v1,fallback_raw
R3,2026-01-02T02:00:00,5,2,20,14.0,0.7,0,2,-2,0.098889,6.0,0.4944,5.5056,step11.v1,fallback_raw
R3,2026-01-02T02:15:00,5,2,20,14.0,0.7,0,2,-2,0.098889,6.0,0.4944,5.5056,step11.v1,fallback_raw
R3,2026-01-02T02:30:00,5,2,20,12.0,0.6,0,2,-2,0.098889,8.0,0.4944,7.5056,step11.v1,fallback_raw
R3,2026-01-02T02:45:00,5,2,20,16.0,0.8,0,2,-2,0.098889,4.0,0.4944,3.5056,step11.v1,fallback_raw
R3,2026-01-02T03:00:00,5,3,20,11.0,0.55,0,2,-2,0.105556,9.0,0.5278,8.4722,step11.v1,fallback_raw
R3,2026-01-02T03:15:00,5,3,20,10.0,0.5,0,2,-2,0.105556,10.0,0.5278,9.4722,step11.v1,fallback_raw
R3,2026-01-02T03:30:00,5,3,20,11.0,0.55,0,2,-2,0.105556,9.0,0.5278,8.4722,step11.v1,fallback_raw
R3,2026-01-02T03:45:00,5,3,20,12.0,0.6,0,2,-2,0.105556,8.0,0.5278,7.4722,step11.v1,fallback_raw
R3,2026-01-02T04:00:00,5,4,20,11.0,0.55,0,2,-2,0.095556,9.0,0.4778,8.5222,step11.v1,fallback_raw
R3,2026-01-02T04:15:00,5,4,20,10.0,0.5,0,2,-2,0.095556,10.0,0.4778,9.5222,step11.v1,fallback_raw
R3,2026-01-02T04:30:00,5,4,20,10.0,0.5,0,2,-2,0.095556,10.0,0.4778,9.5222,step11.v1,fallback_raw
R3,2026-01-02T04:45:00,5,4,20,12.0,0.6,0,2,-2,0.095556,8.0,0.4778,7.5222,step11.v1,fallback_raw
R3,2026-01-02T05:00:00,5,5,20,11.0,0.55,0,2,-2,0.074444,9.0,0.3722,8.6278,step11.v1,fallback_raw
R3,2026-01-02T05:15:00,5,5,20,15.0,0.75,0,2,-2,0.074444,5.0,0.3722,4.6278,step11.v1,fallback_raw
R3,2026-01-02T05:30:00,5,5,20,10.0,0.5,0,2,-2,0.074444,10.0,0.3722,9.6278,step11.v1,fallback_raw
R3,2026-01-02T05:45:00,5,5,20,11.0,0.55,0,2,-2,0.074444,9.0,0.3722,8.6278,step11.v1,fallback_raw
R3,2026-01-02T06:00:00,5,6,20,9.0,0.45,0,2,-2,0.102222,11.0,0.5111,10.4889,step11.v1,fallback_raw
R3,2026-01-02T06:15:00,5,6,20,12.0,0.6,0,2,-2,0.102222,8.0,0.5111,7.4889,step11.v1,fallback_raw
R3,2026-01-02T06:30:00,5,6,20,11.0,0.55,0,2,-2,0.102222,9.0,0.5111,8.4889,step11.v1,fallback_raw
R3,2026-01-02T06:45:00,5,6,20,17.0,0.85,0,2,-2,0.102222,3.0,0.5111,2.4889,step11.v1,fallback_raw
R3,2026-01-02T07:00:00,5,7,20,11.0,0.55,0,2,-2,0.696667,9.0,3.4833,5.5167,step11.v1,fallback_raw
R3,2026-01-02T07:15:00,5,7,20,15.0,0.75,0,2,-2,0.696667,5.0,3.4833,1.5167,step11.v1,fallback_raw
R3,2026-01-02T07:30:00,5,7,20,13.0,0.65,0,2,-2,0.696667,7.0,3.4833,3.5167,step11.v1,fallback_raw
R3,2026-01-02T07:45:00,5,7,20,16.0,0.8,0,2,-2,0.696667,4.0,3.4833,0.5167,step11.v1,fallback_raw
R3,2026-01-02T08:00:00,5,8,20,12.0,0.6,0,2,-2,0.693333,8.0,3.4667,4.5333,step11.v1,fallback_raw
R3,2026-01-02T08:15:00,5,8,20,9.0,0.45,0,2,-2,0.693333,11.0,3.4667,7.5333,step11.v1,fallback_raw
R3,2026-01-02T08:30:00,5,8,20,15.0,0.75,0,2,-2,0.693333,5.0,3.4667,1.5333,step11.v1,fallback_raw
R3,2026-01-02T08:45:00,5,8,20,11.0,0.55,0,2,-2,0.693333,9.0,3.4667,5.5333,step11.v1,fallback_raw
R3,2026-01-02T09:00:00,5,9,20,10.0,0.5,0,2,-2,0.666667,10.0,3.3333,6.6667,step11.v1,fallback_raw
R3,2026-01-02T09:15:00,5,9,20,11.0,0.55,0,2,-2,0.666667,9.0,3.3333,5.6667,step11.v1,fallback_raw
R3,2026-01-02T09:30:00,5,9,20,12.0,0.6,0,2,-2,0.666667,8.0,3.3333,4.6667,step11.v1,fallback_raw
R3,2026-01-02T09:45:00,5,9,20,13.0,0.65,0,2,-2,0.666667,7.0,3.3333,3.6667,step11.v1,fallback_raw
R3,2026-01-02T10:00:00,5,10,20,13.0,0.65,0,2,-2,0.322222,7.0,1.6111,5.3889,step11.v1,fallback_raw
R3,2026-01-02T10:15:00,5,10,20,10.0,0.5,0,2,-2,0.322222,10.0,1.6111,8.3889,step11.v1,fallback_raw
R3,2026-01-02T10:30:00,5,10,20,15.0,0.75,0,2,-2,0.322222,5.0,1.6111,3.3889,step11.v1,fallback_raw
R3,2026-01-02T10:45:00,5,10,20,4.0,0.2,0,2,-2,0.322222,16.0,1.6111,14.3889,step11.v1,fallback_raw
R3,2026-01-02T11:00:00,5,11,20,11.0,0.55,0,2,-2,0.315556,9.0,1.5778,7.4222,step11.v1,fallback_raw
R3,2026-01-02T11:15:00,5,11,20,12.0,0.6,0,2,-2,0.315556,8.0,1.5778,6.4222,step11.v1,fallback_raw
R3,2026-01-02T11:30:00,5,11,20,9.0,0.45,0,2,-2,0.315556,11.0,1.5778,9.4222,step11.v1,fallback_raw
R3,2026-01-02T11:45:00,5,11,20,12.0,0.6,0,2,-2,0.315556,8.0,1.5778,6.4222,step11.v1,fallback_raw
R3,2026-01-02T12:00:00,5,12,20,12.0,0.6,0,2,-2,0.31,8.0,1.55,6.45,step11.v1,fallback_raw
R3,2026-01-02T12:15:00,5,12,20,13.0,0.65,0,2,-2,0.31,7.0,1.55,5.45,step11.v1,fallback_raw
R3,2026-01-02T12:30:00,5,12,20,10.0,0.5,0,2,-2,0.31,10.0,1.55,8.45,step11.v1,fallback_raw
R3,2026-01-02T12:45:00,5,12,20,14.0,0.7,0,2,-2,0.31,6.0,1.55,4.45,step11.v1,fallback_raw
R3,2026-01-02T13:00:00,5,13,20,12.0,0.6,0,2,-2,0.301111,8.0,1.5056,6.4944,step11.v1,fallback_raw
R3,2026-01-02T13:15:00,5,13,20,11.0,0.55,0,2,-2,0.301111,9.0,1.5056,7.4944,step11.v1,fallback_raw
R3,2026-01-02T13:30:00,5,13,20,13.0,0.65,0,2,-2,0.301111,7.0,1.5056,5.4944,step11.v1,fallback_raw
R3,2026-01-02T13:45:00,5,13,20,11.0,0.55,0,2,-2,0.301111,9.0,1.5056,7.4944,step11.v1,fallback_raw
R3,2026-01-02T14:00:00,5,14,20,14.0,0.7,0,2,-2,0.303333,6.0,1.5167,4.4833,step11.v1,fallback_raw
R3,2026-01-02T14:15:00,5,14,20,8.0,0.4,0,2,-2,0.303333,12.0,1.5167,10.4833,step11.v1,fallback_raw
R3,2026-01-02T14:30:00,5,14,20,14.0,0.7,0,2,-2,0.303333,6.0,1.5167,4.4833,step11.v1,fallback_raw
R3,2026-01-02T14:45:00,5,14,20,11.0,0.55,0,2,-2,0.303333,9.0,1.5167,7.4833,step11.v1,fallback_raw
R3,2026-01-02T15:00:00,5,15,20,15.0,0.75,0,2,-2,0.31,5.0,1.55,3.45,step11.v1,fallback_raw
R3,2026-01-02T15:15:00,5,15,20,12.0,0.6,0,2,-2,0.31,8.0,1.55,6.45,step11.v1,fallback_raw
R3,2026-01-02T15:30:00,5,15,20,15.0,0.75,0,2,-2,0.31,5.0,1.55,3.45,step11.v1,fallback_raw
R3,2026-01-02T15:45:00,5,15,20,10.0,0.5,0,2,-2,0.31,10.0,1.55,8.45,step11.v1,fallback_raw
R3,2026-01-02T16:00:00,5,16,20,14.0,0.7,0,2,-2,0.306667,6.0,1.5333,4.4667,step11.v1,fallback_raw
R3,2026-01-02T16:15:00,5,16,20,15.0,0.75,0,2,-2,0.306667,5.0,1.5333,3.4667,step11.v1,fallback_raw
R3,2026-01-02T16:30:00,5,16,20,14.0,0.7,0,2,-2,0.306667,6.0,1.5333,4.4667,step11.v1,fallback_raw
R3,2026-01-02T16:45:00,5,16,20,15.0,0.75,0,2,-2,0.306667,5.0,1.5333,3.4667,step11.v1,fallback_raw
R3,2026-01-02T17:00:00,5,17,20,11.0,0.55,0,2,-2,0.684444,9.0,3.4222,5.5778,step11.v1,fallback_raw
R3,2026-01-02T17:15:00,5,17,20,14.0,0.7,0,2,-2,0.684444,6.0,3.4222,2.5778,step11.v1,fallback_raw
R3,2026-01-02T17:30:00,5,17,20,8.0,0.4,0,2,-2,0.684444,12.0,3.4222,8.5778,step11.v1,fallback_raw
R3,2026-01-02T17:45:00,5,17,20,13.0,0.65,0,2,-2,0.684444,7.0,3.4222,3.5778,step11.v1,fallback_raw
R3,2026-01-02T18:00:00,5,18,20,12.0,0.6,0,2,-2,0.68,8.0,3.4,4.6,step11.v1,fallback_raw
R3,2026-01-02T18:15:00,5,18,20,11.0,0.55,0,2,-2,0.68,9.0,3.4,5.6,step11.v1,fallback_raw
R3,2026-01-02T18:30:00,5,18,20,10.0,0.5,0,2,-2,0.68,10.0,3.4,6.6,step11.v1,fallback_raw
R3,2026-01-02T18:45:00,5,18,20,12.0,0.6,0,2,-2,0.68,8.0,3.4,4.6,step11.v1,fallback_raw
R3,2026-01-02T19:00:00,5,19,20,12.0,0.6,0,2,-2,0.694444,8.0,3.4722,4.5278,step11.v1,fallback_raw
R3,2026-01-02T19:15:00,5,19,20,12.0,0.6,0,2,-2,0.694444,8.0,3.4722,4.5278,step11.v1,fallback_raw
R3,2026-01-02T19:30:00,5,19,20,5.0,0.25,0,2,-2,0.694444,15.0,3.4722,11.5278,step11.v1,fallback_raw
R3,2026-01-02T19:45:00,5,19,20,10.0,0.5,0,2,-2,0.694444,10.0,3.4722,6.5278,step11.v1,fallback_raw
R3,2026-01-02T20:00:00,5,20,20,13.0,0.65,0,2,-2,0.072222,7.0,0.3611,6.6389,step11.v1,fallback_raw
R3,2026-01-02T20:15:00,5,20,20,11.0,0.55,0,2,-2,0.072222,9.0,0.3611,8.6389,step11.v1,fallback_raw
R3,2026-01-02T20:30:00,5,20,20,10.0,0.5,0,2,-2,0.072222,10.0,0.3611,9.6389,step11.v1,fallback_raw
R3,2026-01-02T20:45:00,5,20,20,11.0,0.55,0,2,-2,0.072222,9.0,0.3611,8.6389,step11.v1,fallback_raw
R3,2026-01-02T21:00:00,5,21,20,9.0,0.45,0,2,-2,0.081111,11.0,0.4056,10.5944,step11.v1,fallback_raw
R3,2026-01-02T21:15:00,5,21,20,11.0,0.55,0,2,-2,0.081111,9.0,0.4056,8.5944,step11.v1,fallback_raw
R3,2026-01-02T21:30:00,5,21,20,13.0,0.65,0,2,-2,0.081111,7.0,0.4056,6.5944,step11.v1,fallback_raw
R3,2026-01-02T21:45:00,5,21,20,11.0,0.55,0,2,-2,0.081111,9.0,0.4056,8.5944,step11.v1,fallback_raw
R3,2026-01-02T22:00:00,5,22,20,11.0,0.55,0,2,-2,0.087778,9.0,0.4389,8.5611,step11.v1,fallback_raw
R3,2026-01-02T22:15:00,5,22,20,10.0,0.5,0,2,-2,0.087778,10.0,0.4389,9.5611,step11.v1,fallback_raw
R3,2026-01-02T22:30:00,5,22,20,11.0,0.55,0,2,-2,0.087778,9.0,0.4389,8.5611,step11.v1,fallback_raw
R3,2026-01-02T22:45:00,5,22,20,11.0,0.55,0,2,-2,0.087778,9.0,0.4389,8.5611,step11.v1,fallback_raw
R3,2026-01-02T23:00:00,5,23,20,14.0,0.7,0,2,-2,0.078889,6.0,0.3944,5.6056,step11.v1,fallback_raw
R3,2026-01-02T23:15:00,5,23,20,12.0,0.6,0,2,-2,0.078889,8.0,0.3944,7.6056,step11.v1,fallback_raw
R3,2026-01-02T23:30:00,5,23,20,12.0,0.6,0,2,-2,0.078889,8.0,0.3944,7.6056,step11.v1,fallback_raw
R3,2026-01-02T23:45:00,5,23,20,9.0,0.45,0,2,-2,0.078889,11.0,0.3944,10.6056,step11.v1,fallback_raw
R3,2026-01-03T00:00:00,6,0,20,10.0,0.5,0,2,-2,0.185556,10.0,0.9278,9.0722,step11.v1,fallback_raw
R3,2026-01-03T00:15:00,6,0,20,10.0,0.5,0,2,-2,0.185556,10.0,0.9278,9.0722,step11.v1,fallback_raw
R3,2026-01-03T00:30:00,6,0,20,8.0,0.4,0,2,-2,0.185556,12.0,0.9278,11.0722,step11.v1,fallback_raw
R3,2026-01-03T00:45:00,6,0,20,10.0,0.5,0,2,-2,0.185556,10.0,0.9278,9.0722,step11.v1,fallback_raw
R3,2026-01-03T01:00:00,6,1,20,13.0,0.65,0,2,-2,0.185556,7.0,0.9278,6.0722,step11.v1,fallback_raw
R3,2026-01-03T01:15:00,6,1,20,11.0,0.55,0,2,-2,0.185556,9.0,0.9278,8.0722,step11.v1,fallback_raw
R3,2026-01-03T01:30:00,6,1,20,12.0,0.6,0,2,-2,0.185556,8.0,0.9278,7.0722,step11.v1,fallback_raw
R3,2026-01-03T01:45:00,6,1,20,8.0,0.4,0,2,-2,0.185556,12.0,0.9278,11.0722,step11.v1,fallback_raw
R3,2026-01-03T02:00:00,6,2,20,9.0,0.45,0,2,-2,0.187778,11.0,0.9389,10.0611,step11.v1,fallback_raw
R3,2026-01-03T02:15:00,6,2,20,13.0,0.65,0,2,-2,0.187778,7.0,0.9389,6.0611,step11.v1,fallback_raw
R3,2026-01-03T02:30:00,6,2,20,11.0,0.55,0,2,-2,0.187778,9.0,0.9389,8.0611,step11.v1,fallback_raw
R3,2026-01-03T02:45:00,6,2,20,13.0,0.65,0,2,-2,0.187778,7.0,0.9389,6.0611,step11.v1,fallback_raw
R3,2026-01-03T03:00:00,6,3,20,12.0,0.6,0,2,-2,0.201111,8.0,1.0056,6.9944,step11.v1,fallback_raw
R3,2026-01-03T03:15:00,6,3,20,17.0,0.85,0,2,-2,0.201111,3.0,1.0056,1.9944,step11.v1,fallback_raw
R3,2026-01-03T03:30:00,6,3,20,12.0,0.6,0,2,-2,0.201111,8.0,1.0056,6.9944,step11.v1,fallback_raw
R3,2026-01-03T03:45:00,6,3,20,12.0,0.6,0,2,-2,0.201111,8.0,1.0056,6.9944,step11.v1,fallback_raw
R3,2026-01-03T04:00:00,6,4,20,13.0,0.65,0,2,-2,0.192222,7.0,0.9611,6.0389,step11.v1,fallback_raw
R3,2026-01-03T04:15:00,6,4,20,11.0,0.55,0,2,-2,0.192222,9.0,0.9611,8.0389,step11.v1,fallback_raw
R3,2026-01-03T04:30:00,6,4,20,14.0,0.7,0,2,-2,0.192222,6.0,0.9611,5.0389,step11.v1,fallback_raw
R3,2026-01-03T04:45:00,6,4,20,14.0,0.7,0,2,-2,0.192222,6.0,0.9611,5.0389,step11.v1,fallback_raw
R3,2026-01-03T05:00:00,6,5,20,16.0,0.8,0,2,-2,0.192222,4.0,0.9611,3.0389,step11.v1,fallback_raw
R3,2026-01-03T05:15:00,6,5,20,11.0,0.55,0,2,-2,0.192222,9.0,0.9611,8.0389,step11.v1,fallback_raw
R3,2026-01-03T05:30:00,6,5,20,12.0,0.6,0,2,-2,0.192222,8.0,0.9611,7.0389,step11.v1,fallback_raw
R3,2026-01-03T05:45:00,6,5,20,13.0,0.65,0,2,-2,0.192222,7.0,0.9611,6.0389,step11.v1,fallback_raw
R3,2026-01-03T06:00:00,6,6,20,12.0,0.6,0,2,-2,0.187778,8.0,0.9389,7.0611,step11.v1,fallback_raw
R3,2026-01-03T06:15:00,6,6,20,10.0,0.5,0,2,-2,0.187778,10.0,0.9389,9.0611,step11.v1,fallback_raw
R3,2026-01-03T06:30:00,6,6,20,8.0,0.4,0,2,-2,0.187778,12.0,0.9389,11.0611,step11.v1,fallback_raw
R3,2026-01-03T06:45:00,6,6,20,13.0,0.65,0,2,-2,0.187778,7.0,0.9389,6.0611,step11.v1,fallback_raw
R3,2026-01-03T07:00:00,6,7,20,12.0,0.6,0,2,-2,0.814444,8.0,4.0722,3.9278,step11.v1,fallback_raw
R3,2026-01-03T07:15:00,6,7,20,12.0,0.6,0,2,-2,0.814444,8.0,4.0722,3.9278,step11.v1,fallback_raw
R3,2026-01-03T07:30:00,6,7,20,13.0,0.65,0,2,-2,0.814444,7.0,4.0722,2.9278,step11.v1,fallback_raw
R3,2026-01-03T07:45:00,6,7,20,12.0,0.6,0,2,-2,0.814444,8.0,4.0722,3.9278,step11.v1,fallback_raw
R3,2026-01-03T08:00:00,6,8,20,12.0,0.6,0,2,-2,0.79,8.0,3.95,4.05,step11.v1,fallback_raw
R3,2026-01-03T08:15:00,6,8,20,11.0,0.55,0,2,-2,0.79,9.0,3.95,5.05,step11.v1,fallback_raw
R3,2026-01-03T08:30:00,6,8,20,11.0,0.55,0,2,-2,0.79,9.0,3.95,5.05,step11.v1,fallback_raw
R3,2026-01-03T08:45:00,6,8,20,12.0,0.6,0,2,-2,0.79,8.0,3.95,4.05,step11.v1,fallback_raw
R3,2026-01-03T09:00:00,6,9,20,14.0,0.7,0,2,-2,0.801111,6.0,4.0056,1.9944,step11.v1,fallback_raw
R3,2026-01-03T09:15:00,6,9,20,13.0,0.65,0,2,-2,0.801111,7.0,4.0056,2.9944,step11.v1,fallback_raw
R3,2026-01-03T09:30:00,6,9,20,13.0,0.65,0,2,-2,0.801111,7.0,4.0056,2.9944,step11.v1,fallback_raw
R3,2026-01-03T09:45:00,6,9,20,15.0,0.75,0,2,-2,0.801111,5.0,4.0056,0.9944,step11.v1,fallback_raw
R3,2026-01-03T10:00:00,6,10,20,10.0,0.5,0,2,-2,0.413333,10.0,2.0667,7.9333,step11.v1,fallback_raw
R3,2026-01-03T10:15:00,6,10,20,8.0,0.4,0,2,-2,0.413333,12.0,2.0667,9.9333,step11.v1,fallback_raw
R3,2026-01-03T10:30:00,6,10,20,18.0,0.9,0,2,-2,0.413333,2.0,2.0667,-0.0667,step11.v1,fallback_raw
R3,2026-01-03T10:45:00,6,10,20,9.0,0.45,0,2,-2,0.413333,11.0,2.0667,8.9333,step11.v1,fallback_raw
R3,2026-01-03T11:00:00,6,11,20,10.0,0.5,0,2,-2,0.411111,10.0,2.0556,7.9444,step11.v1,fallback_raw
R3,2026-01-03T11:15:00,6,11,20,10.0,0.5,0,2,-2,0.411111,10.0,2.0556,7.9444,step11.v1,fallback_raw
R3,2026-01-03T11:30:00,6,11,20,15.0,0.75,0,2,-2,0.411111,5.0,2.0556,2.9444,step11.v1,fallback_raw
R3,2026-01-03T11:45:00,6,11,20,13.0,0.65,0,2,-2,0.411111,7.0,2.0556,4.9444,step11.v1,fallback_raw
R3,2026-01-03T12:00:00,6,12,20,14.0,0.7,0,2,-2,0.41,6.0,2.05,3.95,step11.v1,fallback_raw
R3,2026-01-03T12:15:00,6,12,20,11.0,0.55,0,2,-2,0.41,9.0,2.05,6.95,step11.v1,fallback_raw
R3,2026-01-03T12:30:00,6,12,20,14.0,0.7,0,2,-2,0.41,6.0,2.05,3.95,step11.v1,fallback_raw
R3,2026-01-03T12:45:00,6,12,20,10.0,0.5,0,2,-2,0.41,10.0,2.05,7.95,step11.v1,fallback_raw
R3,2026-01-03T13:00:00,6,13,20,13.0,0.65,0,2,-2,0.426667,7.0,2.1333,4.8667,step11.v1,fallback_raw
R3,2026-01-03T13:15:00,6,13,20,12.0,0.6,0,2,-2,0.426667,8.0,2.1333,5.8667,step11.v1,fallback_raw
R3,2026-01-03T13:30:00,6,13,20,11.0,0.55,0,2,-2,0.426667,9.0,2.1333,6.8667,step11.v1,fallback_raw
R3,2026-01-03T13:45:00,6,13,20,12.0,0.6,0,2,-2,0.426667,8.0,2.1333,5.8667,step11.v1,fallback_raw
R3,2026-01-03T14:00:00,6,14,20,11.0,0.55,0,2,-2,0.422222,9.0,2.1111,6.8889,step11.v1,fallback_raw
R3,2026-01-03T14:15:00,6,14,20,11.0,0.55,0,2,-2,0.422222,9.0,2.1111,6.8889,step11.v1,fallback_raw
R3,2026-01-03T14:30:00,6,14,20,15.0,0.75,0,2,-2,0.422222,5.0,2.1111,2.8889,step11.v1,fallback_raw
R3,2026-01-03T14:45:00,6,14,20,11.0,0.55,0,2,-2,0.422222,9.0,2.1111,6.8889,step11.v1,fallback_raw
R3,2026-01-03T15:00:00,6,15,20,14.0,0.7,0,2,-2,0.414444,6.0,2.0722,3.9278,step11.v1,fallback_raw
R3,2026-01-03T15:15:00,6,15,20,13.0,0.65,0,2,-2,0.414444,7.0,2.0722,4.9278,step11.v1,fallback_raw
R3,2026-01-03T15:30:00,6,15,20,13.0,0.65,0,2,-2,0.414444,7.0,2.0722,4.9278,step11.v1,fallback_raw
R3,2026-01-03T15:45:00,6,15,20,13.0,0.65,0,2,-2,0.414444,7.0,2.0722,4.9278,step11.v1,fallback_raw
R3,2026-01-03T16:00:00,6,16,20,11.0,0.55,0,2,-2,0.407778,9.0,2.0389,6.9611,step11.v1,fallback_raw
R3,2026-01-03T16:15:00,6,16,20,10.0,0.5,0,2,-2,0.407778,10.0,2.0389,7.9611,step11.v1,fallback_raw
R3,2026-01-03T16:30:00,6,16,20,13.0,0.65,0,2,-2,0.407778,7.0,2.0389,4.9611,step11.v1,fallback_raw
R3,2026-01-03T16:45:00,6,16,20,13.0,0.65,0,2,-2,0.407778,7.0,2.0389,4.9611,step11.v1,fallback_raw
R3,2026-01-03T17:00:00,6,17,20,17.0,0.85,0,2,-2,0.801111,3.0,4.0056,-1.0056,step11.v1,fallback_raw
R3,2026-01-03T17:15:00,6,17,20,11.0,0.55,0,2,-2,0.801111,9.0,4.0056,4.9944,step11.v1,fallback_raw
R3,2026-01-03T17:30:00,6,17,20,13.0,0.65,0,2,-2,0.801111,7.0,4.0056,2.9944,step11.v1,fallback_raw
R3,2026-01-03T17:45:00,6,17,20,12.0,0.6,0,2,-2,0.801111,8.0,4.0056,3.9944,step11.v1,fallback_raw
R3,2026-01-03T18:00:00,6,18,20,11.0,0.55,0,2,-2,0.817778,9.0,4.0889,4.9111,step11.v1,fallback_raw
R3,2026-01-03T18:15:00,6,18,20,10.0,0.5,0,2,-2,0.817778,10.0,4.0889,5.9111,step11.v1,fallback_raw
R3,2026-01-03T18:30:00,6,18,20,14.0,0.7,0,2,-2,0.817778,6.0,4.0889,1.9111,step11.v1,fallback_raw
R3,2026-01-03T18:45:00,6,18,20,14.0,0.7,0,2,-2,0.817778,6.0,4.0889,1.9111,step11.v1,fallback_raw
R3,2026-01-03T19:00:00,6,19,20,13.0,0.65,0,2,-2,0.793333,7.0,3.9667,3.0333,step11.v1,fallback_raw
R3,2026-01-03T19:15:00,6,19,20,10.0,0.5,0,2,-2,0.793333,10.0,3.9667,6.0333,step11.v1,fallback_raw
R3,2026-01-03T19:30:00,6,19,20,10.0,0.5,0,2,-2,0.793333,10.0,3.9667,6.0333,step11.v1,fallback_raw
R3,2026-01-03T19:45:00,6,19,20,8.0,0.4,0,2,-2,0.793333,12.0,3.9667,8.0333,step11.v1,fallback_raw
R3,2026-01-03T20:00:00,6,20,20,9.0,0.45,0,2,-2,0.187778,11.0,0.9389,10.0611,step11.v1,fallback_raw
R3,2026-01-03T20:15:00,6,20,20,16.0,0.8,0,2,-2,0.187778,4.0,0.9389,3.0611,step11.v1,fallback_raw
R3,2026-01-03T20:30:00,6,20,20,13.0,0.65,0,2,-2,0.187778,7.0,0.9389,6.0611,step11.v1,fallback_raw
R3,2026-01-03T20:45:00,6,20,20,9.0,0.45,0,2,-2,0.187778,11.0,0.9389,10.0611,step11.v1,fallback_raw
R3,2026-01-03T21:00:00,6,21,20,14.0,0.7,0,2,-2,0.188889,6.0,0.9444,5.0556,step11.v1,fallback_raw
R3,2026-01-03T21:15:00,6,21,20,10.0,0.5,0,2,-2,0.188889,10.0,0.9444,9.0556,step11.v1,fallback_raw
R3,2026-01-03T21:30:00,6,21,20,10.0,0.5,0,2,-2,0.188889,10.0,0.9444,9.0556,step11.v1,fallback_raw
R3,2026-01-03T21:45:00,6,21,20,17.0,0.85,0,2,-2,0.188889,3.0,0.9444,2.0556,step11.v1,fallback_raw
R3,2026-01-03T22:00:00,6,22,20,18.0,0.9,0,2,-2,0.196667,2.0,0.9833,1.0167,step11.v1,fallback_raw
R3,2026-01-03T22:15:00,6,22,20,12.0,0.6,0,2,-2,0.196667,8.0,0.9833,7.0167,step11.v1,fallback_raw
R3,2026-01-03T22:30:00,6,22,20,12.0,0.6,0,2,-2,0.196667,8.0,0.9833,7.0167,step11.v1,fallback_raw
R3,2026-01-03T22:45:00,6,22,20,11.0,0.55,0,2,-2,0.196667,9.0,0.9833,8.0167,step11.v1,fallback_raw
R3,2026-01-03T23:00:00,6,23,20,11.0,0.55,0,2,-2,0.202222,9.0,1.0111,7.9889,step11.v1,fallback_raw
R3,2026-01-03T23:15:00,6,23,20,14.0,0.7,0,2,-2,0.202222,6.0,1.0111,4.9889,step11.v1,fallback_raw
R3,2026-01-03T23:30:00,6,23,20,14.0,0.7,0,2,-2,0.202222,6.0,1.0111,4.9889,step11.v1,fallback_raw
R3,2026-01-03T23:45:00,6,23,20,9.0,0.45,0,2,-2,0.202222,11.0,1.0111,9.9889,step11.v1,fallback_raw
