resident_id,home_region,weekday,hour_bucket,trip_probability
U0001,R1,1,0,0.13
U0001,R1,1,1,0.1
U0001,R1,1,2,0.1
U0001,R1,1,3,0.13
U0001,R1,1,4,0.13
U0001,R1,1,5,0.1
U0001,R1,1,6,0.1
U0001,R1,1,7,0.7
U0001,R1,1,8,0.73
U0001,R1,1,9,0.73
U0001,R1,1,10,0.32
U0001,R1,1,11,0.32
U0001,R1,1,12,0.35
U0001,R1,1,13,0.35
U0001,R1,1,14,0.29
U0001,R1,1,15,0.32
U0001,R1,1,16,0.27
U0001,R1,1,17,0.73
U0001,R1,1,18,0.67
U0001,R1,1,19,0.7
U0001,R1,1,20,0.1
U0001,R1,1,21,0.05
U0001,R1,1,22,0.07
U0001,R1,1,23,0.13
U0001,R1,2,0,0.07
U0001,R1,2,1,0.07
U0001,R1,2,2,0.04
U0001,R1,2,3,0.04
U0001,R1,2,4,0.04
U0001,R1,2,5,0.07
U0001,R1,2,6,0.12
U0001,R1,2,7,0.64
U0001,R1,2,8,0.64
U0001,R1,2,9,0.67
U0001,R1,2,10,0.34
U0001,R1,2,11,0.34
U0001,R1,2,12,0.26
U0001,R1,2,13,0.26
U0001,R1,2,14,0.34
U0001,R1,2,15,0.34
U0001,R1,2,16,0.26
U0001,R1,2,17,0.64
U0001,R1,2,18,0.64
U0001,R1,2,19,0.72
U0001,R1,2,20,0.07
U0001,R1,2,21,0.04
U0001,R1,2,22,0.1
U0001,R1,2,23,0.12
U0001,R1,3,0,0.06
U0001,R1,3,1,0.11
U0001,R1,3,2,0.06
U0001,R1,3,3,0.14
U0001,R1,3,4,0.09
U0001,R1,3,5,0.11
U0001,R1,3,6,0.06
U0001,R1,3,7,0.74
U0001,R1,3,8,0.69
U0001,R1,3,9,0.74
U0001,R1,3,10,0.28
U0001,R1,3,11,0.28
U0001,R1,3,12,0.31
U0001,R1,3,13,0.36
U0001,R1,3,14,0.28
U0001,R1,3,15,0.28
U0001,R1,3,16,0.28
U0001,R1,3,17,0.74
U0001,R1,3,18,0.74
U0001,R1,3,19,0.66
U0001,R1,3,20,0.06
U0001,R1,3,21,0.11
U0001,R1,3,22,0.14
U0001,R1,3,23,0.14
U0001,R1,4,0,0.09
U0001,R1,4,1,0.09
U0001,R1,4,2,0.09
U0001,R1,4,3,0.06
U0001,R1,4,4,0.12
U0001,R1,4,5,0.09
U0001,R1,4,6,0.09
U0001,R1,4,7,0.66
U0001,R1,4,8,0.72
U0001,R1,4,9,0.72
U0001,R1,4,10,0.36
U0001,R1,4,11,0.31
U0001,R1,4,12,0.34
U0001,R1,4,13,0.34
U0001,R1,4,14,0.26
U0001,R1,4,15,0.31
U0001,R1,4,16,0.31
U0001,R1,4,17,0.72
U0001,R1,4,18,0.72
U0001,R1,4,19,0.69
U0001,R1,4,20,0.09
U0001,R1,4,21,0.12
U0001,R1,4,22,0.12
U0001,R1,4,23,0.06
U0001,R1,5,0,0.11
U0001,R1,5,1,0.08
U0001,R1,5,2,0.08
U0001,R1,5,3,0.11
U0001,R1,5,4,0.11
U0001,R1,5,5,0.08
U0001,R1,5,6,0.08
U0001,R1,5,7,0.68
U0001,R1,5,8,0.71
U0001,R1,5,9,0.65
U0001,R1,5,10,0.3
U0001,R1,5,11,0.3
U0001,R1,5,12,0.33
U0001,R1,5,13,0.27
U0001,R1,5,14,0.33
U0001,R1,5,15,0.3
U0001,R1,5,16,0.36
U0001,R1,5,17,0.71
U0001,R1,5,18,0.65
U0001,R1,5,19,0.71
U0001,R1,5,20,0.14
U0001,R1,5,21,0.14
U0001,R1,5,22,0.05
U0001,R1,5,23,0.11
U0001,R1,6,0,0.25
U0001,R1,6,1,0.17
U0001,R1,6,2,0.22
U0001,R1,6,3,0.25
U0001,R1,6,4,0.25
U0001,R1,6,5,0.17
U0001,R1,6,6,0.17
U0001,R1,6,7,0.82
U0001,R1,6,8,0.85
U0001,R1,6,9,0.85
U0001,R1,6,10,0.39
U0001,R1,6,11,0.44
U0001,R1,6,12,0.47
U0001,R1,6,13,0.47
U0001,R1,6,14,0.42
U0001,R1,6,15,0.44
U0001,R1,6,16,0.44
U0001,R1,6,17,0.85
U0001,R1,6,18,0.8
U0001,R1,6,19,0.82
U0001,R1,6,20,0.22
U0001,R1,6,21,0.17
U0001,R1,6,22,0.2
U0001,R1,6,23,0.25
U0001,R1,7,0,0.2
U0001,R1,7,1,0.2
U0001,R1,7,2,0.15
U0001,R1,7,3,0.18
U0001,R1,7,4,0.23
U0001,R1,7,5,0.2
U0001,R1,7,6,0.15
U0001,R1,7,7,0.83
U0001,R1,7,8,0.78
U0001,R1,7,9,0.83
U0001,R1,7,10,0.37
U0001,R1,7,11,0.37
U0001,R1,7,12,0.4
U0001,R1,7,13,0.45
U0001,R1,7,14,0.45
U0001,R1,7,15,0.37
U0001,R1,7,16,0.37
U0001,R1,7,17,0.83
U0001,R1,7,18,0.83
U0001,R1,7,19,0.75
U0001,R1,7,20,0.15
U0001,R1,7,21,0.2
U0001,R1,7,22,0.23
U0001,R1,7,23,0.23
U0002,R3,1,0,0.05
U0002,R3,1,1,0.13
U0002,R3,1,2,0.13
U0002,R3,1,3,0.13
U0002,R3,1,4,0.05
U0002,R3,1,5,0.1
U0002,R3,1,6,0.13
U0002,R3,1,7,0.73
U0002,R3,1,8,0.68
U0002,R3,1,9,0.71
U0002,R3,1,10,0.27
U0002,R3,1,11,0.35
U0002,R3,1,12,0.3
U0002,R3,1,13,0.27
U0002,R3,1,14,0.27
U0002,R3,1,15,0.27
U0002,R3,1,16,0.3
U0002,R3,1,17,0.68
U0002,R3,1,18,0.7
U0002,R3,1,19,0.65
U0002,R3,1,20,0.08
U0002,R3,1,21,0.08
U0002,R3,1,22,0.13
U0002,R3,1,23,0.05
U0002,R3,2,0,0.08
U0002,R3,2,1,0.11
U0002,R3,2,2,0.11
U0002,R3,2,3,0.05
U0002,R3,2,4,0.08
U0002,R3,2,5,0.08
U0002,R3,2,6,0.11
U0002,R3,2,7,0.65
U0002,R3,2,8,0.68
U0002,R3,2,9,0.68
U0002,R3,2,10,0.36
U0002,R3,2,11,0.27
U0002,R3,2,12,0.33
U0002,R3,2,13,0.3
U0002,R3,2,14,0.36
U0002,R3,2,15,0.3
U0002,R3,2,16,0.33
U0002,R3,2,17,0.71
U0002,R3,2,18,0.74
U0002,R3,2,19,0.68
U0002,R3,2,20,0.05
U0002,R3,2,21,0.11
U0002,R3,2,22,0.11
U0002,R3,2,23,0.14
U0002,R3,3,0,0.13
U0002,R3,3,1,0.13
U0002,R3,3,2,0.1
U0002,R3,3,3,0.1
U0002,R3,3,4,0.13
U0002,R3,3,5,0.13
U0002,R3,3,6,0.07
U0002,R3,3,7,0.7
U0002,R3,3,8,0.7
U0002,R3,3,9,0.73
U0002,R3,3,10,0.29
U0002,R3,3,11,0.32
U0002,R3,3,12,0.32
U0002,R3,3,13,0.32
U0002,R3,3,14,0.29
U0002,R3,3,15,0.29
U0002,R3,3,16,0.32
U0002,R3,3,17,0.7
U0002,R3,3,18,0.67
U0002,R3,3,19,0.67
U0002,R3,3,20,0.13
U0002,R3,3,21,0.1
U0002,R3,3,22,0.05
U0002,R3,3,23,0.07
U0002,R3,4,0,0.04
U0002,R3,4,1,0.07
U0002,R3,4,2,0.12
U0002,R3,4,3,0.09
U0002,R3,4,4,0.04
U0002,R3,4,5,0.04
U0002,R3,4,6,0.12
U0002,R3,4,7,0.72
U0002,R3,4,8,0.64
U0002,R3,4,9,0.64
U0002,R3,4,10,0.31
U0002,R3,4,11,0.34
U0002,R3,4,12,0.34
U0002,R3,4,13,0.26
U0002,R3,4,14,0.26
U0002,R3,4,15,0.34
U0002,R3,4,16,0.34
U0002,R3,4,17,0.67
U0002,R3,4,18,0.64
U0002,R3,4,19,0.69
U0002,R3,4,20,0.12
U0002,R3,4,21,0.07
U0002,R3,4,22,0.04
U0002,R3,4,23,0.09
U0002,R3,5,0,0.07
U0002,R3,5,1,0.04
U0002,R3,5,2,0.1
U0002,R3,5,3,0.13
U0002,R3,5,4,0.07
U0002,R3,5,5,0.07
U0002,R3,5,6,0.1
U0002,R3,5,7,0.7
U0002,R3,5,8,0.67
U0002,R3,5,9,0.67
U0002,R3,5,10,0.32
U0002,R3,5,11,0.32
U0002,R3,5,12,0.26
U0002,R3,5,13,0.29
U0002,R3,5,14,0.29
U0002,R3,5,15,0.32
U0002,R3,5,16,0.26
U0002,R3,5,17,0.64
U0002,R3,5,18,0.67
U0002,R3,5,19,0.73
U0002,R3,5,20,0.04
U0002,R3,5,21,0.04
U0002,R3,5,22,0.07
U0002,R3,5,23,0.07
U0002,R3,6,0,0.17
U0002,R3,6,1,0.2
U0002,R3,6,2,0.2
U0002,R3,6,3,0.25
U0002,R3,6,4,0.17
U0002,R3,6,5,0.23
U0002,R3,6,6,0.2
U0002,R3,6,7,0.85
U0002,R3,6,8,0.8
U0002,R3,6,9,0.77
U0002,R3,6,10,0.45
U0002,R3,6,11,0.47
U0002,R3,6,12,0.42
U0002,R3,6,13,0.39
U0002,R3,6,14,0.45
U0002,R3,6,15,0.39
U0002,R3,6,16,0.42
U0002,R3,6,17,0.8
U0002,R3,6,18,0.83
U0002,R3,6,19,0.77
U0002,R3,6,20,0.2
U0002,R3,6,21,0.2
U0002,R3,6,22,0.2
U0002,R3,6,23,0.17
U0002,R3,7,0,0.2
U0002,R3,7,1,0.23
U0002,R3,7,2,0.23
U0002,R3,7,3,0.18
U0002,R3,7,4,0.2
U0002,R3,7,5,0.2
U0002,R3,7,6,0.23
U0002,R3,7,7,0.78
U0002,R3,7,8,0.8
U0002,R3,7,9,0.8
U0002,R3,7,10,0.37
U0002,R3,7,11,0.45
U0002,R3,7,12,0.45
U0002,R3,7,13,0.42
U0002,R3,7,14,0.37
U0002,R3,7,15,0.37
U0002,R3,7,16,0.4
U0002,R3,7,17,0.83
U0002,R3,7,18,0.75
U0002,R3,7,19,0.75
U0002,R3,7,20,0.18
U0002,R3,7,21,0.23
U0002,R3,7,22,0.23
U0002,R3,7,23,0.15
U0003,R1,1,0,0.08
U0003,R1,1,1,0.1
U0003,R1,1,2,0.05
U0003,R1,1,3,0.13
U0003,R1,1,4,0.08
U0003,R1,1,5,0.1
U0003,R1,1,6,0.1
U0003,R1,1,7,0.65
U0003,R1,1,8,0.68
U0003,R1,1,9,0.73
U0003,R1,1,10,0.32
U0003,R1,1,11,0.27
U0003,R1,1,12,0.27
U0003,R1,1,13,0.35
U0003,R1,1,14,0.35
U0003,R1,1,15,0.27
U0003,R1,1,16,0.27
U0003,R1,1,17,0.68
U0003,R1,1,18,0.73
U0003,R1,1,19,0.73
U0003,R1,1,20,0.05
U0003,R1,1,21,0.05
U0003,R1,1,22,0.13
U0003,R1,1,23,0.13
U0003,R1,2,0,0.12
U0003,R1,2,1,0.04
U0003,R1,2,2,0.04
U0003,R1,2,3,0.04
U0003,R1,2,4,0.12
U0003,R1,2,5,0.12
U0003,R1,2,6,0.04
U0003,R1,2,7,0.64
U0003,R1,2,8,0.72
U0003,R1,2,9,0.72
U0003,R1,2,10,0.29
U0003,R1,2,11,0.26
U0003,R1,2,12,0.31
U0003,R1,2,13,0.34
U0003,R1,2,14,0.29
U0003,R1,2,15,0.26
U0003,R1,2,16,0.31
U0003,R1,2,17,0.64
U0003,R1,2,18,0.72
U0003,R1,2,19,0.67
U0003,R1,2,20,0.1
U0003,R1,2,21,0.04
U0003,R1,2,22,0.04
U0003,R1,2,23,0.07
U0003,R1,3,0,0.14
U0003,R1,3,1,0.06
U0003,R1,3,2,0.06
U0003,R1,3,3,0.09
U0003,R1,3,4,0.14
U0003,R1,3,5,0.06
U0003,R1,3,6,0.06
U0003,R1,3,7,0.72
U0003,R1,3,8,0.69
U0003,R1,3,9,0.74
U0003,R1,3,10,0.28
U0003,R1,3,11,0.28
U0003,R1,3,12,0.31
U0003,R1,3,13,0.36
U0003,R1,3,14,0.31
U0003,R1,3,15,0.28
U0003,R1,3,16,0.34
U0003,R1,3,17,0.74
U0003,R1,3,18,0.69
U0003,R1,3,19,0.66
U0003,R1,3,20,0.12
U0003,R1,3,21,0.06
U0003,R1,3,22,0.09
U0003,R1,3,23,0.09
U0003,R1,4,0,0.08
U0003,R1,4,1,0.05
U0003,R1,4,2,0.11
U0003,R1,4,3,0.13
U0003,R1,4,4,0.08
U0003,R1,4,5,0.08
U0003,R1,4,6,0.11
U0003,R1,4,7,0.65
U0003,R1,4,8,0.68
U0003,R1,4,9,0.68
U0003,R1,4,10,0.33
U0003,R1,4,11,0.33
U0003,R1,4,12,0.27
U0003,R1,4,13,0.3
U0003,R1,4,14,0.3
U0003,R1,4,15,0.33
U0003,R1,4,16,0.27
U0003,R1,4,17,0.65
U0003,R1,4,18,0.68
U0003,R1,4,19,0.74
U0003,R1,4,20,0.05
U0003,R1,4,21,0.05
U0003,R1,4,22,0.08
U0003,R1,4,23,0.08
U0003,R1,5,0,0.06
U0003,R1,5,1,0.08
U0003,R1,5,2,0.14
U0003,R1,5,3,0.11
U0003,R1,5,4,0.06
U0003,R1,5,5,0.11
U0003,R1,5,6,0.14
U0003,R1,5,7,0.74
U0003,R1,5,8,0.66
U0003,R1,5,9,0.71
U0003,R1,5,10,0.36
U0003,R1,5,11,0.36
U0003,R1,5,12,0.36
U0003,R1,5,13,0.33
U0003,R1,5,14,0.33
U0003,R1,5,15,0.36
U0003,R1,5,16,0.36
U0003,R1,5,17,0.71
U0003,R1,5,18,0.71
U0003,R1,5,19,0.71
U0003,R1,5,20,0.14
U0003,R1,5,21,0.08
U0003,R1,5,22,0.11
U0003,R1,5,23,0.11
U0003,R1,6,0,0.21
U0003,R1,6,1,0.24
U0003,R1,6,2,0.24
U0003,R1,6,3,0.19
U0003,R1,6,4,0.21
U0003,R1,6,5,0.21
U0003,R1,6,6,0.24
U0003,R1,6,7,0.84
U0003,R1,6,8,0.81
U0003,R1,6,9,0.81
U0003,R1,6,10,0.38
U0003,R1,6,11,0.46
U0003,R1,6,12,0.46
U0003,R1,6,13,0.43
U0003,R1,6,14,0.38
U0003,R1,6,15,0.38
U0003,R1,6,16,0.4
U0003,R1,6,17,0.84
U0003,R1,6,18,0.76
U0003,R1,6,19,0.76
U0003,R1,6,20,0.18
U0003,R1,6,21,0.24
U0003,R1,6,22,0.24
U0003,R1,6,23,0.16
U0003,R1,7,0,0.23
U0003,R1,7,1,0.15
U0003,R1,7,2,0.15
U0003,R1,7,3,0.18
U0003,R1,7,4,0.23
U0003,R1,7,5,0.15
U0003,R1,7,6,0.15
U0003,R1,7,7,0.81
U0003,R1,7,8,0.83
U0003,R1,7,9,0.78
U0003,R1,7,10,0.37
U0003,R1,7,11,0.43
U0003,R1,7,12,0.45
U0003,R1,7,13,0.45
U0003,R1,7,14,0.4
U0003,R1,7,15,0.43
U0003,R1,7,16,0.43
U0003,R1,7,17,0.83
U0003,R1,7,18,0.78
U0003,R1,7,19,0.78
U0003,R1,7,20,0.21
U0003,R1,7,21,0.15
U0003,R1,7,22,0.18
U0003,R1,7,23,0.18
U0004,R2,1,0,0.12
U0004,R2,1,1,0.06
U0004,R2,1,2,0.09
U0004,R2,1,3,0.09
U0004,R2,1,4,0.12
U0004,R2,1,5,0.12
U0004,R2,1,6,0.06
U0004,R2,1,7,0.69
U0004,R2,1,8,0.69
U0004,R2,1,9,0.72
U0004,R2,1,10,0.28
U0004,R2,1,11,0.34
U0004,R2,1,12,0.31
U0004,R2,1,13,0.26
U0004,R2,1,14,0.28
U0004,R2,1,15,0.28
U0004,R2,1,16,0.31
U0004,R2,1,17,0.64
U0004,R2,1,18,0.69
U0004,R2,1,19,0.66
U0004,R2,1,20,0.12
U0004,R2,1,21,0.09
U0004,R2,1,22,0.09
U0004,R2,1,23,0.06
U0004,R2,2,0,0.05
U0004,R2,2,1,0.05
U0004,R2,2,2,0.11
U0004,R2,2,3,0.14
U0004,R2,2,4,0.14
U0004,R2,2,5,0.05
U0004,R2,2,6,0.11
U0004,R2,2,7,0.74
U0004,R2,2,8,0.74
U0004,R2,2,9,0.68
U0004,R2,2,10,0.33
U0004,R2,2,11,0.33
U0004,R2,2,12,0.36
U0004,R2,2,13,0.3
U0004,R2,2,14,0.33
U0004,R2,2,15,0.33
U0004,R2,2,16,0.33
U0004,R2,2,17,0.68
U0004,R2,2,18,0.68
U0004,R2,2,19,0.71
U0004,R2,2,20,0.11
U0004,R2,2,21,0.08
U0004,R2,2,22,0.08
U0004,R2,2,23,0.08
U0004,R2,3,0,0.14
U0004,R2,3,1,0.09
U0004,R2,3,2,0.11
U0004,R2,3,3,0.11
U0004,R2,3,4,0.06
U0004,R2,3,5,0.09
U0004,R2,3,6,0.14
U0004,R2,3,7,0.71
U0004,R2,3,8,0.66
U0004,R2,3,9,0.66
U0004,R2,3,10,0.36
U0004,R2,3,11,0.36
U0004,R2,3,12,0.28
U0004,R2,3,13,0.28
U0004,R2,3,14,0.36
U0004,R2,3,15,0.36
U0004,R2,3,16,0.36
U0004,R2,3,17,0.66
U0004,R2,3,18,0.66
U0004,R2,3,19,0.74
U0004,R2,3,20,0.14
U0004,R2,3,21,0.06
U0004,R2,3,22,0.06
U0004,R2,3,23,0.11
U0004,R2,4,0,0.05
U0004,R2,4,1,0.13
U0004,R2,4,2,0.13
U0004,R2,4,3,0.05
U0004,R2,4,4,0.05
U0004,R2,4,5,0.13
U0004,R2,4,6,0.13
U0004,R2,4,7,0.68
U0004,R2,4,8,0.65
U0004,R2,4,9,0.7
U0004,R2,4,10,0.35
U0004,R2,4,11,0.35
U0004,R2,4,12,0.27
U0004,R2,4,13,0.32
U0004,R2,4,14,0.27
U0004,R2,4,15,0.35
U0004,R2,4,16,0.3
U0004,R2,4,17,0.7
U0004,R2,4,18,0.65
U0004,R2,4,19,0.73
U0004,R2,4,20,0.08
U0004,R2,4,21,0.08
U0004,R2,4,22,0.05
U0004,R2,4,23,0.05
U0004,R2,5,0,0.11
U0004,R2,5,1,0.11
U0004,R2,5,2,0.05
U0004,R2,5,3,0.08
U0004,R2,5,4,0.08
U0004,R2,5,5,0.11
U0004,R2,5,6,0.05
U0004,R2,5,7,0.65
U0004,R2,5,8,0.68
U0004,R2,5,9,0.68
U0004,R2,5,10,0.33
U0004,R2,5,11,0.27
U0004,R2,5,12,0.3
U0004,R2,5,13,0.3
U0004,R2,5,14,0.36
U0004,R2,5,15,0.27
U0004,R2,5,16,0.33
U0004,R2,5,17,0.68
U0004,R2,5,18,0.74
U0004,R2,5,19,0.65
U0004,R2,5,20,0.11
U0004,R2,5,21,0.11
U0004,R2,5,22,0.14
U0004,R2,5,23,0.08
U0004,R2,6,0,0.25
U0004,R2,6,1,0.2
U0004,R2,6,2,0.2
U0004,R2,6,3,0.23
U0004,R2,6,4,0.17
U0004,R2,6,5,0.2
U0004,R2,6,6,0.2
U0004,R2,6,7,0.83
U0004,R2,6,8,0.77
U0004,R2,6,9,0.77
U0004,R2,6,10,0.42
U0004,R2,6,11,0.42
U0004,R2,6,12,0.45
U0004,R2,6,13,0.39
U0004,R2,6,14,0.42
U0004,R2,6,15,0.42
U0004,R2,6,16,0.42
U0004,R2,6,17,0.77
U0004,R2,6,18,0.77
U0004,R2,6,19,0.8
U0004,R2,6,20,0.2
U0004,R2,6,21,0.2
U0004,R2,6,22,0.17
U0004,R2,6,23,0.23
U0004,R2,7,0,0.23
U0004,R2,7,1,0.18
U0004,R2,7,2,0.23
U0004,R2,7,3,0.15
U0004,R2,7,4,0.15
U0004,R2,7,5,0.18
U0004,R2,7,6,0.23
U0004,R2,7,7,0.8
U0004,R2,7,8,0.75
U0004,R2,7,9,0.75
U0004,R2,7,10,0.45
U0004,R2,7,11,0.45
U0004,R2,7,12,0.37
U0004,R2,7,13,0.37
U0004,R2,7,14,0.45
U0004,R2,7,15,0.45
U0004,R2,7,16,0.45
U0004,R2,7,17,0.75
U0004,R2,7,18,0.8
U0004,R2,7,19,0.83
U0004,R2,7,20,0.23
U0004,R2,7,21,0.15
U0004,R2,7,22,0.2
U0004,R2,7,23,0.2
U0005,R3,1,0,0.08
U0005,R3,1,1,0.14
U0005,R3,1,2,0.11
U0005,R3,1,3,0.06
U0005,R3,1,4,0.11
U0005,R3,1,5,0.14
U0005,R3,1,6,0.14
U0005,R3,1,7,0.66
U0005,R3,1,8,0.71
U0005,R3,1,9,0.74
U0005,R3,1,10,0.36
U0005,R3,1,11,0.36
U0005,R3,1,12,0.33
U0005,R3,1,13,0.33
U0005,R3,1,14,0.36
U0005,R3,1,15,0.36
U0005,R3,1,16,0.33
U0005,R3,1,17,0.71
U0005,R3,1,18,0.71
U0005,R3,1,19,0.74
U0005,R3,1,20,0.14
U0005,R3,1,21,0.11
U0005,R3,1,22,0.11
U0005,R3,1,23,0.14
U0005,R3,2,0,0.06
U0005,R3,2,1,0.11
U0005,R3,2,2,0.14
U0005,R3,2,3,0.09
U0005,R3,2,4,0.06
U0005,R3,2,5,0.11
U0005,R3,2,6,0.06
U0005,R3,2,7,0.69
U0005,R3,2,8,0.69
U0005,R3,2,9,0.72
U0005,R3,2,10,0.28
U0005,R3,2,11,0.28
U0005,R3,2,12,0.31
U0005,R3,2,13,0.31
U0005,R3,2,14,0.28
U0005,R3,2,15,0.28
U0005,R3,2,16,0.31
U0005,R3,2,17,0.69
U0005,R3,2,18,0.74
U0005,R3,2,19,0.66
U0005,R3,2,20,0.06
U0005,R3,2,21,0.09
U0005,R3,2,22,0.14
U0005,R3,2,23,0.06
U0005,R3,3,0,0.04
U0005,R3,3,1,0.04
U0005,R3,3,2,0.07
U0005,R3,3,3,0.12
U0005,R3,3,4,0.04
U0005,R3,3,5,0.04
U0005,R3,3,6,0.1
U0005,R3,3,7,0.72
U0005,R3,3,8,0.72
U0005,R3,3,9,0.64
U0005,R3,3,10,0.32
U0005,R3,3,11,0.29
U0005,R3,3,12,0.34
U0005,R3,3,13,0.29
U0005,R3,3,14,0.32
U0005,R3,3,15,0.32
U0005,R3,3,16,0.34
U0005,R3,3,17,0.67
U0005,R3,3,18,0.67
U0005,R3,3,19,0.7
U0005,R3,3,20,0.04
U0005,R3,3,21,0.07
U0005,R3,3,22,0.07
U0005,R3,3,23,0.1
U0005,R3,4,0,0.13
U0005,R3,4,1,0.07
U0005,R3,4,2,0.1
U0005,R3,4,3,0.1
U0005,R3,4,4,0.13
U0005,R3,4,5,0.07
U0005,R3,4,6,0.07
U0005,R3,4,7,0.7
U0005,R3,4,8,0.65
U0005,R3,4,9,0.67
U0005,R3,4,10,0.29
U0005,R3,4,11,0.32
U0005,R3,4,12,0.27
U0005,R3,4,13,0.32
U0005,R3,4,14,0.29
U0005,R3,4,15,0.35
U0005,R3,4,16,0.32
U0005,R3,4,17,0.7
U0005,R3,4,18,0.67
U0005,R3,4,19,0.73
U0005,R3,4,20,0.13
U0005,R3,4,21,0.1
U0005,R3,4,22,0.1
U0005,R3,4,23,0.13
U0005,R3,5,0,0.06
U0005,R3,5,1,0.12
U0005,R3,5,2,0.09
U0005,R3,5,3,0.04
U0005,R3,5,4,0.09
U0005,R3,5,5,0.12
U0005,R3,5,6,0.12
U0005,R3,5,7,0.64
U0005,R3,5,8,0.69
U0005,R3,5,9,0.72
U0005,R3,5,10,0.34
U0005,R3,5,11,0.34
U0005,R3,5,12,0.31
U0005,R3,5,13,0.31
U0005,R3,5,14,0.34
U0005,R3,5,15,0.34
U0005,R3,5,16,0.31
U0005,R3,5,17,0.69
U0005,R3,5,18,0.69
U0005,R3,5,19,0.72
U0005,R3,5,20,0.06
U0005,R3,5,21,0.09
U0005,R3,5,22,0.09
U0005,R3,5,23,0.04
U0005,R3,6,0,0.15
U0005,R3,6,1,0.15
U0005,R3,6,2,0.23
U0005,R3,6,3,0.18
U0005,R3,6,4,0.18
U0005,R3,6,5,0.15
U0005,R3,6,6,0.15
U0005,R3,6,7,0.78
U0005,R3,6,8,0.78
U0005,R3,6,9,0.8
U0005,R3,6,10,0.37
U0005,R3,6,11,0.37
U0005,R3,6,12,0.4
U0005,R3,6,13,0.45
U0005,R3,6,14,0.37
U0005,R3,6,15,0.37
U0005,R3,6,16,0.4
U0005,R3,6,17,0.78
U0005,R3,6,18,0.83
U0005,R3,6,19,0.75
U0005,R3,6,20,0.15
U0005,R3,6,21,0.18
U0005,R3,6,22,0.23
U0005,R3,6,23,0.15
U0005,R3,7,0,0.23
U0005,R3,7,1,0.25
U0005,R3,7,2,0.2
U0005,R3,7,3,0.2
U0005,R3,7,4,0.23
U0005,R3,7,5,0.23
U0005,R3,7,6,0.25
U0005,R3,7,7,0.8
U0005,R3,7,8,0.8
U0005,R3,7,9,0.83
U0005,R3,7,10,0.39
U0005,R3,7,11,0.42
U0005,R3,7,12,0.42
U0005,R3,7,13,0.45
U0005,R3,7,14,0.39
U0005,R3,7,15,0.39
U0005,R3,7,16,0.42
U0005,R3,7,17,0.8
U0005,R3,7,18,0.77
U0005,R3,7,19,0.77
U0005,R3,7,20,0.2
U0005,R3,7,21,0.2
U0005,R3,7,22,0.25
U0005,R3,7,23,0.17
U0006,R2,1,0,0.04
U0006,R2,1,1,0.07
U0006,R2,1,2,0.12
U0006,R2,1,3,0.04
U0006,R2,1,4,0.04
U0006,R2,1,5,0.04
U0006,R2,1,6,0.12
U0006,R2,1,7,0.72
U0006,R2,1,8,0.64
U0006,R2,1,9,0.64
U0006,R2,1,10,0.34
U0006,R2,1,11,0.34
U0006,R2,1,12,0.29
U0006,R2,1,13,0.26
U0006,R2,1,14,0.32
U0006,R2,1,15,0.34
U0006,R2,1,16,0.29
U0006,R2,1,17,0.64
U0006,R2,1,18,0.7
U0006,R2,1,19,0.64
U0006,R2,1,20,0.12
U0006,R2,1,21,0.07
U0006,R2,1,22,0.1
U0006,R2,1,23,0.04
U0006,R2,2,0,0.13
U0006,R2,2,1,0.05
U0006,R2,2,2,0.05
U0006,R2,2,3,0.08
U0006,R2,2,4,0.13
U0006,R2,2,5,0.1
U0006,R2,2,6,0.05
U0006,R2,2,7,0.65
U0006,R2,2,8,0.73
U0006,R2,2,9,0.73
U0006,R2,2,10,0.27
U0006,R2,2,11,0.27
U0006,R2,2,12,0.32
U0006,R2,2,13,0.35
U0006,R2,2,14,0.35
U0006,R2,2,15,0.27
U0006,R2,2,16,0.27
U0006,R2,2,17,0.73
U0006,R2,2,18,0.73
U0006,R2,2,19,0.68
U0006,R2,2,20,0.05
U0006,R2,2,21,0.1
U0006,R2,2,22,0.13
U0006,R2,2,23,0.08
U0006,R2,3,0,0.11
U0006,R2,3,1,0.13
U0006,R2,3,2,0.08
U0006,R2,3,3,0.05
U0006,R2,3,4,0.11
U0006,R2,3,5,0.14
U0006,R2,3,6,0.08
U0006,R2,3,7,0.68
U0006,R2,3,8,0.71
U0006,R2,3,9,0.71
U0006,R2,3,10,0.3
U0006,R2,3,11,0.3
U0006,R2,3,12,0.33
U0006,R2,3,13,0.33
U0006,R2,3,14,0.27
U0006,R2,3,15,0.3
U0006,R2,3,16,0.3
U0006,R2,3,17,0.71
U0006,R2,3,18,0.65
U0006,R2,3,19,0.65
U0006,R2,3,20,0.08
U0006,R2,3,21,0.14
U0006,R2,3,22,0.05
U0006,R2,3,23,0.05
U0006,R2,4,0,0.14
U0006,R2,4,1,0.11
U0006,R2,4,2,0.06
U0006,R2,4,3,0.08
U0006,R2,4,4,0.14
U0006,R2,4,5,0.11
U0006,R2,4,6,0.06
U0006,R2,4,7,0.71
U0006,R2,4,8,0.74
U0006,R2,4,9,0.74
U0006,R2,4,10,0.28
U0006,R2,4,11,0.33
U0006,R2,4,12,0.36
U0006,R2,4,13,0.36
U0006,R2,4,14,0.36
U0006,R2,4,15,0.33
U0006,R2,4,16,0.33
U0006,R2,4,17,0.74
U0006,R2,4,18,0.74
U0006,R2,4,19,0.66
U0006,R2,4,20,0.11
U0006,R2,4,21,0.11
U0006,R2,4,22,0.14
U0006,R2,4,23,0.14
U0006,R2,5,0,0.13
U0006,R2,5,1,0.05
U0006,R2,5,2,0.1
U0006,R2,5,3,0.13
U0006,R2,5,4,0.13
U0006,R2,5,5,0.08
U0006,R2,5,6,0.1
U0006,R2,5,7,0.7
U0006,R2,5,8,0.73
U0006,R2,5,9,0.68
U0006,R2,5,10,0.32
U0006,R2,5,11,0.32
U0006,R2,5,12,0.27
U0006,R2,5,13,0.35
U0006,R2,5,14,0.35
U0006,R2,5,15,0.32
U0006,R2,5,16,0.27
U0006,R2,5,17,0.65
U0006,R2,5,18,0.73
U0006,R2,5,19,0.73
U0006,R2,5,20,0.05
U0006,R2,5,21,0.05
U0006,R2,5,22,0.08
U0006,R2,5,23,0.13
U0006,R2,6,0,0.18
U0006,R2,6,1,0.18
U0006,R2,6,2,0.23
U0006,R2,6,3,0.15
U0006,R2,6,4,0.15
U0006,R2,6,5,0.18
U0006,R2,6,6,0.23
U0006,R2,6,7,0.75
U0006,R2,6,8,0.75
U0006,R2,6,9,0.81
U0006,R2,6,10,0.4
U0006,R2,6,11,0.4
U0006,R2,6,12,0.37
U0006,R2,6,13,0.43
U0006,R2,6,14,0.43
U0006,R2,6,15,0.45
U0006,R2,6,16,0.4
U0006,R2,6,17,0.81
U0006,R2,6,18,0.81
U0006,R2,6,19,0.83
U0006,R2,6,20,0.18
U0006,R2,6,21,0.18
U0006,R2,6,22,0.21
U0006,R2,6,23,0.15
U0006,R2,7,0,0.2
U0006,R2,7,1,0.22
U0006,R2,7,2,0.17
U0006,R2,7,3,0.2
U0006,R2,7,4,0.2
U0006,R2,7,5,0.22
U0006,R2,7,6,0.17
U0006,R2,7,7,0.77
U0006,R2,7,8,0.8
U0006,R2,7,9,0.85
U0006,R2,7,10,0.39
U0006,R2,7,11,0.39
U0006,R2,7,12,0.39
U0006,R2,7,13,0.42
U0006,R2,7,14,0.47
U0006,R2,7,15,0.39
U0006,R2,7,16,0.39
U0006,R2,7,17,0.8
U0006,R2,7,18,0.85
U0006,R2,7,19,0.8
U0006,R2,7,20,0.17
U0006,R2,7,21,0.23
U0006,R2,7,22,0.25
U0006,R2,7,23,0.2
U0007,R3,1,0,0.07
U0007,R3,1,1,0.07
U0007,R3,1,2,0.09
U0007,R3,1,3,0.04
U0007,R3,1,4,0.12
U0007,R3,1,5,0.07
U0007,R3,1,6,0.12
U0007,R3,1,7,0.64
U0007,R3,1,8,0.64
U0007,R3,1,9,0.67
U0007,R3,1,10,0.34
U0007,R3,1,11,0.34
U0007,R3,1,12,0.26
U0007,R3,1,13,0.26
U0007,R3,1,14,0.34
U0007,R3,1,15,0.34
U0007,R3,1,16,0.26
U0007,R3,1,17,0.64
U0007,R3,1,18,0.7
U0007,R3,1,19,0.72
U0007,R3,1,20,0.12
U0007,R3,1,21,0.04
U0007,R3,1,22,0.1
U0007,R3,1,23,0.12
U0007,R3,2,0,0.06
U0007,R3,2,1,0.11
U0007,R3,2,2,0.06
U0007,R3,2,3,0.14
U0007,R3,2,4,0.09
U0007,R3,2,5,0.11
U0007,R3,2,6,0.11
U0007,R3,2,7,0.74
U0007,R3,2,8,0.69
U0007,R3,2,9,0.74
U0007,R3,2,10,0.33
U0007,R3,2,11,0.28
U0007,R3,2,12,0.36
U0007,R3,2,13,0.36
U0007,R3,2,14,0.33
U0007,R3,2,15,0.28
U0007,R3,2,16,0.28
U0007,R3,2,17,0.69
U0007,R3,2,18,0.74
U0007,R3,2,19,0.66
U0007,R3,2,20,0.06
U0007,R3,2,21,0.06
U0007,R3,2,22,0.14
U0007,R3,2,23,0.14
U0007,R3,3,0,0.09
U0007,R3,3,1,0.09
U0007,R3,3,2,0.06
U0007,R3,3,3,0.06
U0007,R3,3,4,0.06
U0007,R3,3,5,0.09
U0007,R3,3,6,0.14
U0007,R3,3,7,0.66
U0007,R3,3,8,0.66
U0007,R3,3,9,0.72
U0007,R3,3,10,0.26
U0007,R3,3,11,0.31
U0007,R3,3,12,0.28
U0007,R3,3,13,0.34
U0007,R3,3,14,0.31
U0007,R3,3,15,0.31
U0007,R3,3,16,0.31
U0007,R3,3,17,0.72
U0007,R3,3,18,0.72
U0007,R3,3,19,0.69
U0007,R3,3,20,0.09
U0007,R3,3,21,0.12
U0007,R3,3,22,0.12
U0007,R3,3,23,0.06
U0007,R3,4,0,0.07
U0007,R3,4,1,0.07
U0007,R3,4,2,0.1
U0007,R3,4,3,0.1
U0007,R3,4,4,0.04
U0007,R3,4,5,0.07
U0007,R3,4,6,0.07
U0007,R3,4,7,0.7
U0007,R3,4,8,0.7
U0007,R3,4,9,0.67
U0007,R3,4,10,0.29
U0007,R3,4,11,0.29
U0007,R3,4,12,0.32
U0007,R3,4,13,0.26
U0007,R3,4,14,0.29
U0007,R3,4,15,0.29
U0007,R3,4,16,0.35
U0007,R3,4,17,0.64
U0007,R3,4,18,0.7
U0007,R3,4,19,0.67
U0007,R3,4,20,0.13
U0007,R3,4,21,0.04
U0007,R3,4,22,0.1
U0007,R3,4,23,0.1
U0007,R3,5,0,0.05
U0007,R3,5,1,0.05
U0007,R3,5,2,0.07
U0007,R3,5,3,0.13
U0007,R3,5,4,0.13
U0007,R3,5,5,0.05
U0007,R3,5,6,0.1
U0007,R3,5,7,0.73
U0007,R3,5,8,0.73
U0007,R3,5,9,0.65
U0007,R3,5,10,0.32
U0007,R3,5,11,0.32
U0007,R3,5,12,0.35
U0007,R3,5,13,0.35
U0007,R3,5,14,0.32
U0007,R3,5,15,0.32
U0007,R3,5,16,0.35
U0007,R3,5,17,0.73
U0007,R3,5,18,0.67
U0007,R3,5,19,0.7
U0007,R3,5,20,0.05
U0007,R3,5,21,0.13
U0007,R3,5,22,0.08
U0007,R3,5,23,0.13
U0007,R3,6,0,0.15
U0007,R3,6,1,0.2
U0007,R3,6,2,0.15
U0007,R3,6,3,0.23
U0007,R3,6,4,0.18
U0007,R3,6,5,0.2
U0007,R3,6,6,0.15
U0007,R3,6,7,0.83
U0007,R3,6,8,0.78
U0007,R3,6,9,0.83
U0007,R3,6,10,0.37
U0007,R3,6,11,0.37
U0007,R3,6,12,0.4
U0007,R3,6,13,0.45
U0007,R3,6,14,0.45
U0007,R3,6,15,0.37
U0007,R3,6,16,0.37
U0007,R3,6,17,0.83
U0007,R3,6,18,0.83
U0007,R3,6,19,0.75
U0007,R3,6,20,0.15
U0007,R3,6,21,0.2
U0007,R3,6,22,0.23
U0007,R3,6,23,0.23
U0007,R3,7,0,0.18
U0007,R3,7,1,0.18
U0007,R3,7,2,0.18
U0007,R3,7,3,0.15
U0007,R3,7,4,0.21
U0007,R3,7,5,0.18
U0007,R3,7,6,0.23
U0007,R3,7,7,0.75
U0007,R3,7,8,0.81
U0007,R3,7,9,0.81
U0007,R3,7,10,0.45
U0007,R3,7,11,0.4
U0007,R3,7,12,0.37
U0007,R3,7,13,0.43
U0007,R3,7,14,0.46
U0007,R3,7,15,0.4
U0007,R3,7,16,0.4
U0007,R3,7,17,0.81
U0007,R3,7,18,0.81
U0007,R3,7,19,0.78
U0007,R3,7,20,0.18
U0007,R3,7,21,0.18
U0007,R3,7,22,0.21
U0007,R3,7,23,0.15
U0008,R3,1,0,0.06
U0008,R3,1,1,0.06
U0008,R3,1,2,0.12
U0008,R3,1,3,0.09
U0008,R3,1,4,0.14
U0008,R3,1,5,0.06
U0008,R3,1,6,0.12
U0008,R3,1,7,0.69
U0008,R3,1,8,0.74
U0008,R3,1,9,0.69
U0008,R3,1,10,0.28
U0008,R3,1,11,0.34
U0008,R3,1,12,0.36
U0008,R3,1,13,0.31
U0008,R3,1,14,0.28
U0008,R3,1,15,0.34
U0008,R3,1,16,0.28
U0008,R3,1,17,0.69
U0008,R3,1,18,0.69
U0008,R3,1,19,0.72
U0008,R3,1,20,0.06
U0008,R3,1,21,0.06
U0008,R3,1,22,0.09
U0008,R3,1,23,0.09
U0008,R3,2,0,0.08
U0008,R3,2,1,0.11
U0008,R3,2,2,0.05
U0008,R3,2,3,0.08
U0008,R3,2,4,0.08
U0008,R3,2,5,0.11
U0008,R3,2,6,0.11
U0008,R3,2,7,0.65
U0008,R3,2,8,0.68
U0008,R3,2,9,0.68
U0008,R3,2,10,0.33
U0008,R3,2,11,0.27
U0008,R3,2,12,0.3
U0008,R3,2,13,0.3
U0008,R3,2,14,0.36
U0008,R3,2,15,0.27
U0008,R3,2,16,0.27
U0008,R3,2,17,0.68
U0008,R3,2,18,0.74
U0008,R3,2,19,0.68
U0008,R3,2,20,0.05
U0008,R3,2,21,0.11
U0008,R3,2,22,0.08
U0008,R3,2,23,0.08
U0008,R3,3,0,0.11
U0008,R3,3,1,0.14
U0008,R3,3,2,0.14
U0008,R3,3,3,0.06
U0008,R3,3,4,0.11
U0008,R3,3,5,0.14
U0008,R3,3,6,0.14
U0008,R3,3,7,0.74
U0008,R3,3,8,0.71
U0008,R3,3,9,0.71
U0008,R3,3,10,0.36
U0008,R3,3,11,0.36
U0008,R3,3,12,0.33
U0008,R3,3,13,0.33
U0008,R3,3,14,0.33
U0008,R3,3,15,0.36
U0008,R3,3,16,0.3
U0008,R3,3,17,0.71
U0008,R3,3,18,0.71
U0008,R3,3,19,0.74
U0008,R3,3,20,0.14
U0008,R3,3,21,0.14
U0008,R3,3,22,0.11
U0008,R3,3,23,0.06
U0008,R3,4,0,0.1
U0008,R3,4,1,0.13
U0008,R3,4,2,0.08
U0008,R3,4,3,0.1
U0008,R3,4,4,0.1
U0008,R3,4,5,0.05
U0008,R3,4,6,0.13
U0008,R3,4,7,0.73
U0008,R3,4,8,0.7
U0008,R3,4,9,0.65
U0008,R3,4,10,0.35
U0008,R3,4,11,0.35
U0008,R3,4,12,0.35
U0008,R3,4,13,0.27
U0008,R3,4,14,0.27
U0008,R3,4,15,0.29
U0008,R3,4,16,0.35
U0008,R3,4,17,0.73
U0008,R3,4,18,0.65
U0008,R3,4,19,0.7
U0008,R3,4,20,0.13
U0008,R3,4,21,0.13
U0008,R3,4,22,0.05
U0008,R3,4,23,0.05
U0008,R3,5,0,0.04
U0008,R3,5,1,0.04
U0008,R3,5,2,0.1
U0008,R3,5,3,0.12
U0008,R3,5,4,0.07
U0008,R3,5,5,0.04
U0008,R3,5,6,0.1
U0008,R3,5,7,0.72
U0008,R3,5,8,0.67
U0008,R3,5,9,0.67
U0008,R3,5,10,0.32
U0008,R3,5,11,0.32
U0008,R3,5,12,0.34
U0008,R3,5,13,0.29
U0008,R3,5,14,0.29
U0008,R3,5,15,0.32
U0008,R3,5,16,0.26
U0008,R3,5,17,0.67
U0008,R3,5,18,0.67
U0008,R3,5,19,0.7
U0008,R3,5,20,0.04
U0008,R3,5,21,0.04
U0008,R3,5,22,0.07
U0008,R3,5,23,0.07
U0008,R3,6,0,0.24
U0008,R3,6,1,0.18
U0008,R3,6,2,0.24
U0008,R3,6,3,0.21
U0008,R3,6,4,0.16
U0008,R3,6,5,0.18
U0008,R3,6,6,0.24
U0008,R3,6,7,0.81
U0008,R3,6,8,0.76
U0008,R3,6,9,0.81
U0008,R3,6,10,0.4
U0008,R3,6,11,0.46
U0008,R3,6,12,0.38
U0008,R3,6,13,0.43
U0008,R3,6,14,0.4
U0008,R3,6,15,0.46
U0008,R3,6,16,0.46
U0008,R3,6,17,0.81
U0008,R3,6,18,0.81
U0008,R3,6,19,0.84
U0008,R3,6,20,0.24
U0008,R3,6,21,0.18
U0008,R3,6,22,0.21
U0008,R3,6,23,0.21
U0008,R3,7,0,0.2
U0008,R3,7,1,0.23
U0008,R3,7,2,0.23
U0008,R3,7,3,0.15
U0008,R3,7,4,0.2
U0008,R3,7,5,0.23
U0008,R3,7,6,0.23
U0008,R3,7,7,0.83
U0008,R3,7,8,0.8
U0008,R3,7,9,0.8
U0008,R3,7,10,0.45
U0008,R3,7,11,0.45
U0008,R3,7,12,0.39
U0008,R3,7,13,0.42
U0008,R3,7,14,0.37
U0008,R3,7,15,0.45
U0008,R3,7,16,0.39
U0008,R3,7,17,0.8
U0008,R3,7,18,0.75
U0008,R3,7,19,0.75
U0008,R3,7,20,0.17
U0008,R3,7,21,0.23
U0008,R3,7,22,0.2
U0008,R3,7,23,0.15
U0009,R1,1,0,0.04
U0009,R1,1,1,0.12
U0009,R1,1,2,0.12
U0009,R1,1,3,0.04
U0009,R1,1,4,0.04
U0009,R1,1,5,0.06
U0009,R1,1,6,0.12
U0009,R1,1,7,0.72
U0009,R1,1,8,0.64
U0009,R1,1,9,0.69
U0009,R1,1,10,0.34
U0009,R1,1,11,0.34
U0009,R1,1,12,0.26
U0009,R1,1,13,0.31
U0009,R1,1,14,0.31
U0009,R1,1,15,0.34
U0009,R1,1,16,0.34
U0009,R1,1,17,0.64
U0009,R1,1,18,0.69
U0009,R1,1,19,0.64
U0009,R1,1,20,0.12
U0009,R1,1,21,0.07
U0009,R1,1,22,0.09
U0009,R1,1,23,0.04
U0009,R1,2,0,0.08
U0009,R1,2,1,0.11
U0009,R1,2,2,0.11
U0009,R1,2,3,0.14
U0009,R1,2,4,0.08
U0009,R1,2,5,0.14
U0009,R1,2,6,0.11
U0009,R1,2,7,0.66
U0009,R1,2,8,0.68
U0009,R1,2,9,0.74
U0009,R1,2,10,0.33
U0009,R1,2,11,0.28
U0009,R1,2,12,0.33
U0009,R1,2,13,0.3
U0009,R1,2,14,0.36
U0009,R1,2,15,0.28
U0009,R1,2,16,0.33
U0009,R1,2,17,0.71
U0009,R1,2,18,0.74
U0009,R1,2,19,0.74
U0009,R1,2,20,0.06
U0009,R1,2,21,0.11
U0009,R1,2,22,0.14
U0009,R1,2,23,0.14
U0009,R1,3,0,0.13
U0009,R1,3,1,0.13
U0009,R1,3,2,0.08
U0009,R1,3,3,0.05
U0009,R1,3,4,0.1
U0009,R1,3,5,0.13
U0009,R1,3,6,0.08
U0009,R1,3,7,0.65
U0009,R1,3,8,0.71
U0009,R1,3,9,0.65
U0009,R1,3,10,0.35
U0009,R1,3,11,0.3
U0009,R1,3,12,0.33
U0009,R1,3,13,0.27
U0009,R1,3,14,0.27
U0009,R1,3,15,0.3
U0009,R1,3,16,0.3
U0009,R1,3,17,0.65
U0009,R1,3,18,0.65
U0009,R1,3,19,0.68
U0009,R1,3,20,0.08
U0009,R1,3,21,0.13
U0009,R1,3,22,0.05
U0009,R1,3,23,0.05
U0009,R1,4,0,0.11
U0009,R1,4,1,0.11
U0009,R1,4,2,0.05
U0009,R1,4,3,0.08
U0009,R1,4,4,0.14
U0009,R1,4,5,0.11
U0009,R1,4,6,0.05
U0009,R1,4,7,0.68
U0009,R1,4,8,0.68
U0009,R1,4,9,0.74
U0009,R1,4,10,0.27
U0009,R1,4,11,0.33
U0009,R1,4,12,0.3
U0009,R1,4,13,0.36
U0009,R1,4,14,0.27
U0009,R1,4,15,0.33
U0009,R1,4,16,0.33
U0009,R1,4,17,0.74
U0009,R1,4,18,0.68
U0009,R1,4,19,0.71
U0009,R1,4,20,0.11
U0009,R1,4,21,0.11
U0009,R1,4,22,0.14
U0009,R1,4,23,0.08
U0009,R1,5,0,0.13
U0009,R1,5,1,0.1
U0009,R1,5,2,0.1
U0009,R1,5,3,0.13
U0009,R1,5,4,0.13
U0009,R1,5,5,0.1
U0009,R1,5,6,0.1
U0009,R1,5,7,0.7
U0009,R1,5,8,0.73
U0009,R1,5,9,0.67
U0009,R1,5,10,0.32
U0009,R1,5,11,0.32
U0009,R1,5,12,0.27
U0009,R1,5,13,0.29
U0009,R1,5,14,0.29
U0009,R1,5,15,0.32
U0009,R1,5,16,0.32
U0009,R1,5,17,0.67
U0009,R1,5,18,0.67
U0009,R1,5,19,0.73
U0009,R1,5,20,0.1
U0009,R1,5,21,0.1
U0009,R1,5,22,0.07
U0009,R1,5,23,0.13
U0009,R1,6,0,0.16
U0009,R1,6,1,0.19
U0009,R1,6,2,0.24
U0009,R1,6,3,0.16
U0009,R1,6,4,0.16
U0009,R1,6,5,0.19
U0009,R1,6,6,0.24
U0009,R1,6,7,0.84
U0009,R1,6,8,0.76
U0009,R1,6,9,0.76
U0009,R1,6,10,0.46
U0009,R1,6,11,0.46
U0009,R1,6,12,0.38
U0009,R1,6,13,0.38
U0009,R1,6,14,0.44
U0009,R1,6,15,0.46
U0009,R1,6,16,0.46
U0009,R1,6,17,0.76
U0009,R1,6,18,0.76
U0009,R1,6,19,0.76
U0009,R1,6,20,0.24
U0009,R1,6,21,0.19
U0009,R1,6,22,0.16
U0009,R1,6,23,0.21
U0009,R1,7,0,0.21
U0009,R1,7,1,0.23
U0009,R1,7,2,0.23
U0009,R1,7,3,0.15
U0009,R1,7,4,0.15
U0009,R1,7,5,0.15
U0009,R1,7,6,0.23
U0009,R1,7,7,0.78
U0009,R1,7,8,0.75
U0009,R1,7,9,0.75
U0009,R1,7,10,0.37
U0009,R1,7,11,0.4
U0009,R1,7,12,0.4
U0009,R1,7,13,0.42
U0009,R1,7,14,0.37
U0009,R1,7,15,0.4
U0009,R1,7,16,0.4
U0009,R1,7,17,0.78
U0009,R1,7,18,0.75
U0009,R1,7,19,0.75
U0009,R1,7,20,0.18
U0009,R1,7,21,0.18
U0009,R1,7,22,0.15
U0009,R1,7,23,0.15
U0010,R1,1,0,0.11
U0010,R1,1,1,0.11
U0010,R1,1,2,0.08
U0010,R1,1,3,0.08
U0010,R1,1,4,0.08
U0010,R1,1,5,0.11
U0010,R1,1,6,0.05
U0010,R1,1,7,0.68
U0010,R1,1,8,0.68
U0010,R1,1,9,0.71
U0010,R1,1,10,0.27
U0010,R1,1,11,0.27
U0010,R1,1,12,0.3
U0010,R1,1,13,0.36
U0010,R1,1,14,0.33
U0010,R1,1,15,0.27
U0010,R1,1,16,0.3
U0010,R1,1,17,0.68
U0010,R1,1,18,0.74
U0010,R1,1,19,0.65
U0010,R1,1,20,0.11
U0010,R1,1,21,0.08
U0010,R1,1,22,0.14
U0010,R1,1,23,0.05
U0010,R1,2,0,0.14
U0010,R1,2,1,0.14
U0010,R1,2,2,0.06
U0010,R1,2,3,0.06
U0010,R1,2,4,0.14
U0010,R1,2,5,0.14
U0010,R1,2,6,0.14
U0010,R1,2,7,0.66
U0010,R1,2,8,0.71
U0010,R1,2,9,0.74
U0010,R1,2,10,0.36
U0010,R1,2,11,0.31
U0010,R1,2,12,0.33
U0010,R1,2,13,0.33
U0010,R1,2,14,0.36
U0010,R1,2,15,0.36
U0010,R1,2,16,0.33
U0010,R1,2,17,0.71
U0010,R1,2,18,0.66
U0010,R1,2,19,0.74
U0010,R1,2,20,0.14
U0010,R1,2,21,0.11
U0010,R1,2,22,0.06
U0010,R1,2,23,0.14
U0010,R1,3,0,0.13
U0010,R1,3,1,0.08
U0010,R1,3,2,0.1
U0010,R1,3,3,0.1
U0010,R1,3,4,0.05
U0010,R1,3,5,0.13
U0010,R1,3,6,0.08
U0010,R1,3,7,0.7
U0010,R1,3,8,0.65
U0010,R1,3,9,0.65
U0010,R1,3,10,0.3
U0010,R1,3,11,0.35
U0010,R1,3,12,0.27
U0010,R1,3,13,0.27
U0010,R1,3,14,0.3
U0010,R1,3,15,0.35
U0010,R1,3,16,0.35
U0010,R1,3,17,0.65
U0010,R1,3,18,0.65
U0010,R1,3,19,0.73
U0010,R1,3,20,0.13
U0010,R1,3,21,0.05
U0010,R1,3,22,0.05
U0010,R1,3,23,0.1
U0010,R1,4,0,0.05
U0010,R1,4,1,0.05
U0010,R1,4,2,0.08
U0010,R1,4,3,0.08
U0010,R1,4,4,0.08
U0010,R1,4,5,0.05
U0010,R1,4,6,0.11
U0010,R1,4,7,0.68
U0010,R1,4,8,0.68
U0010,R1,4,9,0.65
U0010,R1,4,10,0.33
U0010,R1,4,11,0.33
U0010,R1,4,12,0.35
U0010,R1,4,13,0.3
U0010,R1,4,14,0.33
U0010,R1,4,15,0.33
U0010,R1,4,16,0.27
U0010,R1,4,17,0.68
U0010,R1,4,18,0.68
U0010,R1,4,19,0.71
U0010,R1,4,20,0.11
U0010,R1,4,21,0.08
U0010,R1,4,22,0.08
U0010,R1,4,23,0.08
U0010,R1,5,0,0.14
U0010,R1,5,1,0.08
U0010,R1,5,2,0.11
U0010,R1,5,3,0.11
U0010,R1,5,4,0.06
U0010,R1,5,5,0.08
U0010,R1,5,6,0.14
U0010,R1,5,7,0.71
U0010,R1,5,8,0.66
U0010,R1,5,9,0.74
U0010,R1,5,10,0.3
U0010,R1,5,11,0.36
U0010,R1,5,12,0.28
U0010,R1,5,13,0.28
U0010,R1,5,14,0.3
U0010,R1,5,15,0.36
U0010,R1,5,16,0.33
U0010,R1,5,17,0.66
U0010,R1,5,18,0.71
U0010,R1,5,19,0.74
U0010,R1,5,20,0.14
U0010,R1,5,21,0.06
U0010,R1,5,22,0.11
U0010,R1,5,23,0.11
U0010,R1,6,0,0.23
U0010,R1,6,1,0.23
U0010,R1,6,2,0.15
U0010,R1,6,3,0.2
U0010,R1,6,4,0.2
U0010,R1,6,5,0.23
U0010,R1,6,6,0.23
U0010,R1,6,7,0.8
U0010,R1,6,8,0.8
U0010,R1,6,9,0.83
U0010,R1,6,10,0.45
U0010,R1,6,11,0.4
U0010,R1,6,12,0.42
U0010,R1,6,13,0.37
U0010,R1,6,14,0.45
U0010,R1,6,15,0.4
U0010,R1,6,16,0.42
U0010,R1,6,17,0.8
U0010,R1,6,18,0.75
U0010,R1,6,19,0.78
U0010,R1,6,20,0.23
U0010,R1,6,21,0.2
U0010,R1,6,22,0.15
U0010,R1,6,23,0.23
U0010,R1,7,0,0.21
U0010,R1,7,1,0.15
U0010,R1,7,2,0.18
U0010,R1,7,3,0.18
U0010,R1,7,4,0.21
U0010,R1,7,5,0.15
U0010,R1,7,6,0.15
U0010,R1,7,7,0.78
U0010,R1,7,8,0.78
U0010,R1,7,9,0.75
U0010,R1,7,10,0.37
U0010,R1,7,11,0.43
U0010,R1,7,12,0.4
U0010,R1,7,13,0.45
U0010,R1,7,14,0.37
U0010,R1,7,15,0.37
U0010,R1,7,16,0.4
U0010,R1,7,17,0.83
U0010,R1,7,18,0.78
U0010,R1,7,19,0.75
U0010,R1,7,20,0.21
U0010,R1,7,21,0.23
U0010,R1,7,22,0.18
U0010,R1,7,23,0.15
U0011,R2,1,0,0.11
U0011,R2,1,1,0.14
U0011,R2,1,2,0.08
U0011,R2,1,3,0.11
U0011,R2,1,4,0.11
U0011,R2,1,5,0.14
U0011,R2,1,6,0.08
U0011,R2,1,7,0.68
U0011,R2,1,8,0.71
U0011,R2,1,9,0.66
U0011,R2,1,10,0.3
U0011,R2,1,11,0.3
U0011,R2,1,12,0.33
U0011,R2,1,13,0.28
U0011,R2,1,14,0.33
U0011,R2,1,15,0.3
U0011,R2,1,16,0.36
U0011,R2,1,17,0.71
U0011,R2,1,18,0.66
U0011,R2,1,19,0.68
U0011,R2,1,20,0.14
U0011,R2,1,21,0.14
U0011,R2,1,22,0.06
U0011,R2,1,23,0.11
U0011,R2,2,0,0.06
U0011,R2,2,1,0.06
U0011,R2,2,2,0.06
U0011,R2,2,3,0.14
U0011,R2,2,4,0.14
U0011,R2,2,5,0.06
U0011,R2,2,6,0.06
U0011,R2,2,7,0.72
U0011,R2,2,8,0.74
U0011,R2,2,9,0.74
U0011,R2,2,10,0.28
U0011,R2,2,11,0.34
U0011,R2,2,12,0.36
U0011,R2,2,13,0.36
U0011,R2,2,14,0.31
U0011,R2,2,15,0.28
U0011,R2,2,16,0.28
U0011,R2,2,17,0.74
U0011,R2,2,18,0.69
U0011,R2,2,19,0.66
U0011,R2,2,20,0.06
U0011,R2,2,21,0.06
U0011,R2,2,22,0.09
U0011,R2,2,23,0.09
U0011,R2,3,0,0.08
U0011,R2,3,1,0.05
U0011,R2,3,2,0.05
U0011,R2,3,3,0.13
U0011,R2,3,4,0.08
U0011,R2,3,5,0.08
U0011,R2,3,6,0.05
U0011,R2,3,7,0.65
U0011,R2,3,8,0.68
U0011,R2,3,9,0.68
U0011,R2,3,10,0.33
U0011,R2,3,11,0.27
U0011,R2,3,12,0.27
U0011,R2,3,13,0.3
U0011,R2,3,14,0.3
U0011,R2,3,15,0.27
U0011,R2,3,16,0.27
U0011,R2,3,17,0.68
U0011,R2,3,18,0.68
U0011,R2,3,19,0.73
U0011,R2,3,20,0.05
U0011,R2,3,21,0.05
U0011,R2,3,22,0.08
U0011,R2,3,23,0.13
U0011,R2,4,0,0.07
U0011,R2,4,1,0.13
U0011,R2,4,2,0.13
U0011,R2,4,3,0.1
U0011,R2,4,4,0.1
U0011,R2,4,5,0.13
U0011,R2,4,6,0.13
U0011,R2,4,7,0.64
U0011,R2,4,8,0.7
U0011,R2,4,9,0.7
U0011,R2,4,10,0.35
U0011,R2,4,11,0.29
U0011,R2,4,12,0.32
U0011,R2,4,13,0.32
U0011,R2,4,14,0.35
U0011,R2,4,15,0.29
U0011,R2,4,16,0.29
U0011,R2,4,17,0.7
U0011,R2,4,18,0.7
U0011,R2,4,19,0.67
U0011,R2,4,20,0.07
U0011,R2,4,21,0.1
U0011,R2,4,22,0.1
U0011,R2,4,23,0.05
U0011,R2,5,0,0.09
U0011,R2,5,1,0.12
U0011,R2,5,2,0.06
U0011,R2,5,3,0.09
U0011,R2,5,4,0.09
U0011,R2,5,5,0.12
U0011,R2,5,6,0.06
U0011,R2,5,7,0.72
U0011,R2,5,8,0.69
U0011,R2,5,9,0.64
U0011,R2,5,10,0.28
U0011,R2,5,11,0.34
U0011,R2,5,12,0.31
U0011,R2,5,13,0.26
U0011,R2,5,14,0.31
U0011,R2,5,15,0.28
U0011,R2,5,16,0.34
U0011,R2,5,17,0.64
U0011,R2,5,18,0.69
U0011,R2,5,19,0.69
U0011,R2,5,20,0.12
U0011,R2,5,21,0.12
U0011,R2,5,22,0.04
U0011,R2,5,23,0.09
U0011,R2,6,0,0.23
U0011,R2,6,1,0.15
U0011,R2,6,2,0.15
U0011,R2,6,3,0.23
U0011,R2,6,4,0.23
U0011,R2,6,5,0.15
U0011,R2,6,6,0.15
U0011,R2,6,7,0.8
U0011,R2,6,8,0.83
U0011,R2,6,9,0.78
U0011,R2,6,10,0.37
U0011,R2,6,11,0.42
U0011,R2,6,12,0.45
U0011,R2,6,13,0.4
U0011,R2,6,14,0.4
U0011,R2,6,15,0.43
U0011,R2,6,16,0.37
U0011,R2,6,17,0.83
U0011,R2,6,18,0.78
U0011,R2,6,19,0.81
U0011,R2,6,20,0.15
U0011,R2,6,21,0.15
U0011,R2,6,22,0.18
U0011,R2,6,23,0.18
U0011,R2,7,0,0.18
U0011,R2,7,1,0.18
U0011,R2,7,2,0.18
U0011,R2,7,3,0.21
U0011,R2,7,4,0.21
U0011,R2,7,5,0.18
U0011,R2,7,6,0.18
U0011,R2,7,7,0.84
U0011,R2,7,8,0.81
U0011,R2,7,9,0.75
U0011,R2,7,10,0.4
U0011,R2,7,11,0.46
U0011,R2,7,12,0.43
U0011,R2,7,13,0.37
U0011,R2,7,14,0.43
U0011,R2,7,15,0.4
U0011,R2,7,16,0.46
U0011,R2,7,17,0.75
U0011,R2,7,18,0.81
U0011,R2,7,19,0.78
U0011,R2,7,20,0.24
U0011,R2,7,21,0.18
U0011,R2,7,22,0.21
U0011,R2,7,23,0.21
U0012,R1,1,0,0.09
U0012,R1,1,1,0.14
U0012,R1,1,2,0.11
U0012,R1,1,3,0.06
U0012,R1,1,4,0.06
U0012,R1,1,5,0.14
U0012,R1,1,6,0.14
U0012,R1,1,7,0.66
U0012,R1,1,8,0.66
U0012,R1,1,9,0.74
U0012,R1,1,10,0.36
U0012,R1,1,11,0.36
U0012,R1,1,12,0.28
U0012,R1,1,13,0.33
U0012,R1,1,14,0.36
U0012,R1,1,15,0.36
U0012,R1,1,16,0.31
U0012,R1,1,17,0.66
U0012,R1,1,18,0.71
U0012,R1,1,19,0.74
U0012,R1,1,20,0.14
U0012,R1,1,21,0.06
U0012,R1,1,22,0.11
U0012,R1,1,23,0.06
U0012,R1,2,0,0.06
U0012,R1,2,1,0.12
U0012,R1,2,2,0.14
U0012,R1,2,3,0.09
U0012,R1,2,4,0.09
U0012,R1,2,5,0.12
U0012,R1,2,6,0.12
U0012,R1,2,7,0.69
U0012,R1,2,8,0.69
U0012,R1,2,9,0.72
U0012,R1,2,10,0.34
U0012,R1,2,11,0.28
U0012,R1,2,12,0.31
U0012,R1,2,13,0.31
U0012,R1,2,14,0.34
U0012,R1,2,15,0.28
U0012,R1,2,16,0.31
U0012,R1,2,17,0.69
U0012,R1,2,18,0.64
U0012,R1,2,19,0.66
U0012,R1,2,20,0.06
U0012,R1,2,21,0.09
U0012,R1,2,22,0.09
U0012,R1,2,23,0.09
U0012,R1,3,0,0.14
U0012,R1,3,1,0.14
U0012,R1,3,2,0.06
U0012,R1,3,3,0.11
U0012,R1,3,4,0.14
U0012,R1,3,5,0.14
U0012,R1,3,6,0.06
U0012,R1,3,7,0.71
U0012,R1,3,8,0.71
U0012,R1,3,9,0.74
U0012,R1,3,10,0.36
U0012,R1,3,11,0.33
U0012,R1,3,12,0.33
U0012,R1,3,13,0.36
U0012,R1,3,14,0.36
U0012,R1,3,15,0.3
U0012,R1,3,16,0.33
U0012,R1,3,17,0.71
U0012,R1,3,18,0.74
U0012,R1,3,19,0.74
U0012,R1,3,20,0.11
U0012,R1,3,21,0.11
U0012,R1,3,22,0.06
U0012,R1,3,23,0.14
U0012,R1,4,0,0.13
U0012,R1,4,1,0.08
U0012,R1,4,2,0.1
U0012,R1,4,3,0.1
U0012,R1,4,4,0.13
U0012,R1,4,5,0.13
U0012,R1,4,6,0.13
U0012,R1,4,7,0.7
U0012,R1,4,8,0.65
U0012,R1,4,9,0.73
U0012,R1,4,10,0.29
U0012,R1,4,11,0.32
U0012,R1,4,12,0.27
U0012,R1,4,13,0.27
U0012,R1,4,14,0.29
U0012,R1,4,15,0.35
U0012,R1,4,16,0.27
U0012,R1,4,17,0.65
U0012,R1,4,18,0.7
U0012,R1,4,19,0.73
U0012,R1,4,20,0.13
U0012,R1,4,21,0.05
U0012,R1,4,22,0.05
U0012,R1,4,23,0.13
U0012,R1,5,0,0.05
U0012,R1,5,1,0.05
U0012,R1,5,2,0.08
U0012,R1,5,3,0.13
U0012,R1,5,4,0.05
U0012,R1,5,5,0.05
U0012,R1,5,6,0.11
U0012,R1,5,7,0.73
U0012,R1,5,8,0.68
U0012,R1,5,9,0.65
U0012,R1,5,10,0.33
U0012,R1,5,11,0.3
U0012,R1,5,12,0.35
U0012,R1,5,13,0.3
U0012,R1,5,14,0.33
U0012,R1,5,15,0.33
U0012,R1,5,16,0.35
U0012,R1,5,17,0.68
U0012,R1,5,18,0.65
U0012,R1,5,19,0.71
U0012,R1,5,20,0.05
U0012,R1,5,21,0.08
U0012,R1,5,22,0.08
U0012,R1,5,23,0.11
U0012,R1,6,0,0.21
U0012,R1,6,1,0.21
U0012,R1,6,2,0.23
U0012,R1,6,3,0.18
U0012,R1,6,4,0.18
U0012,R1,6,5,0.21
U0012,R1,6,6,0.15
U0012,R1,6,7,0.78
U0012,R1,6,8,0.78
U0012,R1,6,9,0.81
U0012,R1,6,10,0.37
U0012,R1,6,11,0.37
U0012,R1,6,12,0.4
U0012,R1,6,13,0.4
U0012,R1,6,14,0.43
U0012,R1,6,15,0.37
U0012,R1,6,16,0.43
U0012,R1,6,17,0.78
U0012,R1,6,18,0.84
U0012,R1,6,19,0.75
U0012,R1,6,20,0.15
U0012,R1,6,21,0.18
U0012,R1,6,22,0.24
U0012,R1,6,23,0.18
U0012,R1,7,0,0.23
U0012,R1,7,1,0.23
U0012,R1,7,2,0.15
U0012,R1,7,3,0.2
U0012,R1,7,4,0.23
U0012,R1,7,5,0.23
U0012,R1,7,6,0.15
U0012,R1,7,7,0.8
U0012,R1,7,8,0.8
U0012,R1,7,9,0.83
U0012,R1,7,10,0.45
U0012,R1,7,11,0.42
U0012,R1,7,12,0.42
U0012,R1,7,13,0.45
U0012,R1,7,14,0.45
U0012,R1,7,15,0.39
U0012,R1,7,16,0.42
U0012,R1,7,17,0.8
U0012,R1,7,18,0.83
U0012,R1,7,19,0.77
U0012,R1,7,20,0.23
U0012,R1,7,21,0.2
U0012,R1,7,22,0.15
U0012,R1,7,23,0.17
U0013,R3,1,0,0.11
U0013,R3,1,1,0.14
U0013,R3,1,2,0.14
U0013,R3,1,3,0.11
U0013,R3,1,4,0.11
U0013,R3,1,5,0.14
U0013,R3,1,6,0.14
U0013,R3,1,7,0.68
U0013,R3,1,8,0.71
U0013,R3,1,9,0.66
U0013,R3,1,10,0.36
U0013,R3,1,11,0.3
U0013,R3,1,12,0.33
U0013,R3,1,13,0.33
U0013,R3,1,14,0.28
U0013,R3,1,15,0.31
U0013,R3,1,16,0.36
U0013,R3,1,17,0.71
U0013,R3,1,18,0.66
U0013,R3,1,19,0.66
U0013,R3,1,20,0.14
U0013,R3,1,21,0.14
U0013,R3,1,22,0.06
U0013,R3,1,23,0.06
U0013,R3,2,0,0.05
U0013,R3,2,1,0.08
U0013,R3,2,2,0.13
U0013,R3,2,3,0.1
U0013,R3,2,4,0.05
U0013,R3,2,5,0.05
U0013,R3,2,6,0.13
U0013,R3,2,7,0.73
U0013,R3,2,8,0.65
U0013,R3,2,9,0.65
U0013,R3,2,10,0.32
U0013,R3,2,11,0.35
U0013,R3,2,12,0.35
U0013,R3,2,13,0.27
U0013,R3,2,14,0.27
U0013,R3,2,15,0.35
U0013,R3,2,16,0.35
U0013,R3,2,17,0.68
U0013,R3,2,18,0.65
U0013,R3,2,19,0.7
U0013,R3,2,20,0.13
U0013,R3,2,21,0.13
U0013,R3,2,22,0.05
U0013,R3,2,23,0.1
U0013,R3,3,0,0.08
U0013,R3,3,1,0.05
U0013,R3,3,2,0.11
U0013,R3,3,3,0.13
U0013,R3,3,4,0.08
U0013,R3,3,5,0.08
U0013,R3,3,6,0.11
U0013,R3,3,7,0.71
U0013,R3,3,8,0.68
U0013,R3,3,9,0.68
U0013,R3,3,10,0.33
U0013,R3,3,11,0.33
U0013,R3,3,12,0.27
U0013,R3,3,13,0.3
U0013,R3,3,14,0.3
U0013,R3,3,15,0.33
U0013,R3,3,16,0.27
U0013,R3,3,17,0.65
U0013,R3,3,18,0.68
U0013,R3,3,19,0.74
U0013,R3,3,20,0.05
U0013,R3,3,21,0.05
U0013,R3,3,22,0.08
U0013,R3,3,23,0.08
U0013,R3,4,0,0.12
U0013,R3,4,1,0.14
U0013,R3,4,2,0.14
U0013,R3,4,3,0.06
U0013,R3,4,4,0.06
U0013,R3,4,5,0.12
U0013,R3,4,6,0.14
U0013,R3,4,7,0.69
U0013,R3,4,8,0.66
U0013,R3,4,9,0.72
U0013,R3,4,10,0.36
U0013,R3,4,11,0.31
U0013,R3,4,12,0.31
U0013,R3,4,13,0.34
U0013,R3,4,14,0.28
U0013,R3,4,15,0.31
U0013,R3,4,16,0.31
U0013,R3,4,17,0.72
U0013,R3,4,18,0.66
U0013,R3,4,19,0.66
U0013,R3,4,20,0.09
U0013,R3,4,21,0.09
U0013,R3,4,22,0.06
U0013,R3,4,23,0.06
U0013,R3,5,0,0.09
U0013,R3,5,1,0.12
U0013,R3,5,2,0.07
U0013,R3,5,3,0.09
U0013,R3,5,4,0.09
U0013,R3,5,5,0.12
U0013,R3,5,6,0.12
U0013,R3,5,7,0.72
U0013,R3,5,8,0.69
U0013,R3,5,9,0.64
U0013,R3,5,10,0.34
U0013,R3,5,11,0.28
U0013,R3,5,12,0.34
U0013,R3,5,13,0.26
U0013,R3,5,14,0.26
U0013,R3,5,15,0.28
U0013,R3,5,16,0.34
U0013,R3,5,17,0.64
U0013,R3,5,18,0.64
U0013,R3,5,19,0.64
U0013,R3,5,20,0.12
U0013,R3,5,21,0.12
U0013,R3,5,22,0.04
U0013,R3,5,23,0.04
U0013,R3,6,0,0.23
U0013,R3,6,1,0.15
U0013,R3,6,2,0.15
U0013,R3,6,3,0.18
U0013,R3,6,4,0.23
U0013,R3,6,5,0.15
U0013,R3,6,6,0.15
U0013,R3,6,7,0.81
U0013,R3,6,8,0.78
U0013,R3,6,9,0.78
U0013,R3,6,10,0.37
U0013,R3,6,11,0.43
U0013,R3,6,12,0.4
U0013,R3,6,13,0.45
U0013,R3,6,14,0.4
U0013,R3,6,15,0.43
U0013,R3,6,16,0.43
U0013,R3,6,17,0.83
U0013,R3,6,18,0.78
U0013,R3,6,19,0.78
U0013,R3,6,20,0.21
U0013,R3,6,21,0.15
U0013,R3,6,22,0.18
U0013,R3,6,23,0.18
U0013,R3,7,0,0.17
U0013,R3,7,1,0.2
U0013,R3,7,2,0.2
U0013,R3,7,3,0.22
U0013,R3,7,4,0.17
U0013,R3,7,5,0.17
U0013,R3,7,6,0.2
U0013,R3,7,7,0.85
U0013,R3,7,8,0.77
U0013,R3,7,9,0.77
U0013,R3,7,10,0.39
U0013,R3,7,11,0.42
U0013,R3,7,12,0.47
U0013,R3,7,13,0.39
U0013,R3,7,14,0.39
U0013,R3,7,15,0.42
U0013,R3,7,16,0.47
U0013,R3,7,17,0.8
U0013,R3,7,18,0.77
U0013,R3,7,19,0.83
U0013,R3,7,20,0.25
U0013,R3,7,21,0.25
U0013,R3,7,22,0.17
U0013,R3,7,23,0.23
U0014,R3,1,0,0.04
U0014,R3,1,1,0.09
U0014,R3,1,2,0.09
U0014,R3,1,3,0.12
U0014,R3,1,4,0.12
U0014,R3,1,5,0.04
U0014,R3,1,6,0.09
U0014,R3,1,7,0.72
U0014,R3,1,8,0.72
U0014,R3,1,9,0.67
U0014,R3,1,10,0.31
U0014,R3,1,11,0.26
U0014,R3,1,12,0.34
U0014,R3,1,13,0.29
U0014,R3,1,14,0.31
U0014,R3,1,15,0.26
U0014,R3,1,16,0.26
U0014,R3,1,17,0.67
U0014,R3,1,18,0.72
U0014,R3,1,19,0.64
U0014,R3,1,20,0.04
U0014,R3,1,21,0.07
U0014,R3,1,22,0.12
U0014,R3,1,23,0.12
U0014,R3,2,0,0.07
U0014,R3,2,1,0.07
U0014,R3,2,2,0.1
U0014,R3,2,3,0.04
U0014,R3,2,4,0.04
U0014,R3,2,5,0.07
U0014,R3,2,6,0.07
U0014,R3,2,7,0.64
U0014,R3,2,8,0.64
U0014,R3,2,9,0.7
U0014,R3,2,10,0.29
U0014,R3,2,11,0.29
U0014,R3,2,12,0.26
U0014,R3,2,13,0.32
U0014,R3,2,14,0.29
U0014,R3,2,15,0.34
U0014,R3,2,16,0.29
U0014,R3,2,17,0.7
U0014,R3,2,18,0.7
U0014,R3,2,19,0.73
U0014,R3,2,20,0.07
U0014,R3,2,21,0.04
U0014,R3,2,22,0.1
U0014,R3,2,23,0.1
U0014,R3,3,0,0.09
U0014,R3,3,1,0.12
U0014,R3,3,2,0.06
U0014,R3,3,3,0.09
U0014,R3,3,4,0.09
U0014,R3,3,5,0.12
U0014,R3,3,6,0.06
U0014,R3,3,7,0.66
U0014,R3,3,8,0.69
U0014,R3,3,9,0.69
U0014,R3,3,10,0.28
U0014,R3,3,11,0.28
U0014,R3,3,12,0.31
U0014,R3,3,13,0.31
U0014,R3,3,14,0.36
U0014,R3,3,15,0.28
U0014,R3,3,16,0.28
U0014,R3,3,17,0.69
U0014,R3,3,18,0.69
U0014,R3,3,19,0.66
U0014,R3,3,20,0.06
U0014,R3,3,21,0.12
U0014,R3,3,22,0.09
U0014,R3,3,23,0.14
U0014,R3,4,0,0.09
U0014,R3,4,1,0.04
U0014,R3,4,2,0.04
U0014,R3,4,3,0.06
U0014,R3,4,4,0.12
U0014,R3,4,5,0.04
U0014,R3,4,6,0.04
U0014,R3,4,7,0.64
U0014,R3,4,8,0.72
U0014,R3,4,9,0.72
U0014,R3,4,10,0.26
U0014,R3,4,11,0.26
U0014,R3,4,12,0.34
U0014,R3,4,13,0.34
U0014,R3,4,14,0.34
U0014,R3,4,15,0.26
U0014,R3,4,16,0.31
U0014,R3,4,17,0.72
U0014,R3,4,18,0.72
U0014,R3,4,19,0.64
U0014,R3,4,20,0.09
U0014,R3,4,21,0.09
U0014,R3,4,22,0.12
U0014,R3,4,23,0.07
U0014,R3,5,0,0.11
U0014,R3,5,1,0.06
U0014,R3,5,2,0.14
U0014,R3,5,3,0.09
U0014,R3,5,4,0.11
U0014,R3,5,5,0.06
U0014,R3,5,6,0.06
U0014,R3,5,7,0.69
U0014,R3,5,8,0.74
U0014,R3,5,9,0.66
U0014,R3,5,10,0.28
U0014,R3,5,11,0.28
U0014,R3,5,12,0.36
U0014,R3,5,13,0.36
U0014,R3,5,14,0.28
U0014,R3,5,15,0.28
U0014,R3,5,16,0.36
U0014,R3,5,17,0.74
U0014,R3,5,18,0.74
U0014,R3,5,19,0.66
U0014,R3,5,20,0.12
U0014,R3,5,21,0.14
U0014,R3,5,22,0.14
U0014,R3,5,23,0.06
U0014,R3,6,0,0.16
U0014,R3,6,1,0.16
U0014,R3,6,2,0.22
U0014,R3,6,3,0.24
U0014,R3,6,4,0.24
U0014,R3,6,5,0.16
U0014,R3,6,6,0.22
U0014,R3,6,7,0.84
U0014,R3,6,8,0.84
U0014,R3,6,9,0.79
U0014,R3,6,10,0.44
U0014,R3,6,11,0.38
U0014,R3,6,12,0.46
U0014,R3,6,13,0.41
U0014,R3,6,14,0.38
U0014,R3,6,15,0.38
U0014,R3,6,16,0.38
U0014,R3,6,17,0.79
U0014,R3,6,18,0.79
U0014,R3,6,19,0.81
U0014,R3,6,20,0.16
U0014,R3,6,21,0.19
U0014,R3,6,22,0.19
U0014,R3,6,23,0.19
U0014,R3,7,0,0.19
U0014,R3,7,1,0.19
U0014,R3,7,2,0.22
U0014,R3,7,3,0.22
U0014,R3,7,4,0.16
U0014,R3,7,5,0.19
U0014,R3,7,6,0.19
U0014,R3,7,7,0.82
U0014,R3,7,8,0.76
U0014,R3,7,9,0.82
U0014,R3,7,10,0.41
U0014,R3,7,11,0.47
U0014,R3,7,12,0.44
U0014,R3,7,13,0.44
U0014,R3,7,14,0.41
U0014,R3,7,15,0.47
U0014,R3,7,16,0.47
U0014,R3,7,17,0.82
U0014,R3,7,18,0.82
U0014,R3,7,19,0.85
U0014,R3,7,20,0.25
U0014,R3,7,21,0.16
U0014,R3,7,22,0.22
U0014,R3,7,23,0.22
U0015,R2,1,0,0.14
U0015,R2,1,1,0.09
U0015,R2,1,2,0.06
U0015,R2,1,3,0.11
U0015,R2,1,4,0.14
U0015,R2,1,5,0.14
U0015,R2,1,6,0.09
U0015,R2,1,7,0.71
U0015,R2,1,8,0.66
U0015,R2,1,9,0.74
U0015,R2,1,10,0.31
U0015,R2,1,11,0.36
U0015,R2,1,12,0.28
U0015,R2,1,13,0.28
U0015,R2,1,14,0.31
U0015,R2,1,15,0.36
U0015,R2,1,16,0.28
U0015,R2,1,17,0.66
U0015,R2,1,18,0.66
U0015,R2,1,19,0.69
U0015,R2,1,20,0.14
U0015,R2,1,21,0.06
U0015,R2,1,22,0.06
U0015,R2,1,23,0.09
U0015,R2,2,0,0.06
U0015,R2,2,1,0.06
U0015,R2,2,2,0.09
U0015,R2,2,3,0.09
U0015,R2,2,4,0.06
U0015,R2,2,5,0.06
U0015,R2,2,6,0.12
U0015,R2,2,7,0.69
U0015,R2,2,8,0.64
U0015,R2,2,9,0.66
U0015,R2,2,10,0.34
U0015,R2,2,11,0.31
U0015,R2,2,12,0.26
U0015,R2,2,13,0.31
U0015,R2,2,14,0.34
U0015,R2,2,15,0.34
U0015,R2,2,16,0.26
U0015,R2,2,17,0.69
U0015,R2,2,18,0.69
U0015,R2,2,19,0.72
U0015,R2,2,20,0.12
U0015,R2,2,21,0.09
U0015,R2,2,22,0.09
U0015,R2,2,23,0.12
U0015,R2,3,0,0.11
U0015,R2,3,1,0.11
U0015,R2,3,2,0.14
U0015,R2,3,3,0.08
U0015,R2,3,4,0.08
U0015,R2,3,5,0.11
U0015,R2,3,6,0.11
U0015,R2,3,7,0.68
U0015,R2,3,8,0.68
U0015,R2,3,9,0.68
U0015,R2,3,10,0.33
U0015,R2,3,11,0.28
U0015,R2,3,12,0.3
U0015,R2,3,13,0.3
U0015,R2,3,14,0.33
U0015,R2,3,15,0.33
U0015,R2,3,16,0.33
U0015,R2,3,17,0.68
U0015,R2,3,18,0.74
U0015,R2,3,19,0.71
U0015,R2,3,20,0.11
U0015,R2,3,21,0.08
U0015,R2,3,22,0.14
U0015,R2,3,23,0.14
U0015,R2,4,0,0.09
U0015,R2,4,1,0.14
U0015,R2,4,2,0.06
U0015,R2,4,3,0.06
U0015,R2,4,4,0.06
U0015,R2,4,5,0.14
U0015,R2,4,6,0.14
U0015,R2,4,7,0.66
U0015,R2,4,8,0.66
U0015,R2,4,9,0.74
U0015,R2,4,10,0.36
U0015,R2,4,11,0.36
U0015,R2,4,12,0.28
U0015,R2,4,13,0.33
U0015,R2,4,14,0.36
U0015,R2,4,15,0.36
U0015,R2,4,16,0.31
U0015,R2,4,17,0.71
U0015,R2,4,18,0.66
U0015,R2,4,19,0.74
U0015,R2,4,20,0.09
U0015,R2,4,21,0.11
U0015,R2,4,22,0.11
U0015,R2,4,23,0.06
U0015,R2,5,0,0.11
U0015,R2,5,1,0.05
U0015,R2,5,2,0.08
U0015,R2,5,3,0.08
U0015,R2,5,4,0.11
U0015,R2,5,5,0.05
U0015,R2,5,6,0.08
U0015,R2,5,7,0.68
U0015,R2,5,8,0.68
U0015,R2,5,9,0.65
U0015,R2,5,10,0.27
U0015,R2,5,11,0.3
U0015,R2,5,12,0.3
U0015,R2,5,13,0.33
U0015,R2,5,14,0.27
U0015,R2,5,15,0.33
U0015,R2,5,16,0.3
U0015,R2,5,17,0.74
U0015,R2,5,18,0.65
U0015,R2,5,19,0.65
U0015,R2,5,20,0.11
U0015,R2,5,21,0.14
U0015,R2,5,22,0.08
U0015,R2,5,23,0.05
U0015,R2,6,0,0.15
U0015,R2,6,1,0.21
U0015,R2,6,2,0.18
U0015,R2,6,3,0.24
U0015,R2,6,4,0.15
U0015,R2,6,5,0.15
U0015,R2,6,6,0.21
U0015,R2,6,7,0.84
U0015,R2,6,8,0.78
U0015,R2,6,9,0.75
U0015,R2,6,10,0.43
U0015,R2,6,11,0.43
U0015,R2,6,12,0.4
U0015,R2,6,13,0.4
U0015,R2,6,14,0.43
U0015,R2,6,15,0.43
U0015,R2,6,16,0.46
U0015,R2,6,17,0.78
U0015,R2,6,18,0.78
U0015,R2,6,19,0.81
U0015,R2,6,20,0.21
U0015,R2,6,21,0.18
U0015,R2,6,22,0.18
U0015,R2,6,23,0.21
U0015,R2,7,0,0.24
U0015,R2,7,1,0.18
U0015,R2,7,2,0.21
U0015,R2,7,3,0.21
U0015,R2,7,4,0.24
U0015,R2,7,5,0.19
U0015,R2,7,6,0.24
U0015,R2,7,7,0.81
U0015,R2,7,8,0.76
U0015,R2,7,9,0.79
U0015,R2,7,10,0.46
U0015,R2,7,11,0.43
U0015,R2,7,12,0.38
U0015,R2,7,13,0.38
U0015,R2,7,14,0.46
U0015,R2,7,15,0.46
U0015,R2,7,16,0.38
U0015,R2,7,17,0.76
U0015,R2,7,18,0.81
U0015,R2,7,19,0.84
U0015,R2,7,20,0.24
U0015,R2,7,21,0.16
U0015,R2,7,22,0.21
U0015,R2,7,23,0.24
U0016,R1,1,0,0.12
U0016,R1,1,1,0.12
U0016,R1,1,2,0.14
U0016,R1,1,3,0.09
U0016,R1,1,4,0.12
U0016,R1,1,5,0.12
U0016,R1,1,6,0.14
U0016,R1,1,7,0.69
U0016,R1,1,8,0.69
U0016,R1,1,9,0.72
U0016,R1,1,10,0.28
U0016,R1,1,11,0.31
U0016,R1,1,12,0.31
U0016,R1,1,13,0.34
U0016,R1,1,14,0.34
U0016,R1,1,15,0.28
U0016,R1,1,16,0.31
U0016,R1,1,17,0.69
U0016,R1,1,18,0.72
U0016,R1,1,19,0.66
U0016,R1,1,20,0.09
U0016,R1,1,21,0.09
U0016,R1,1,22,0.04
U0016,R1,1,23,0.06
U0016,R1,2,0,0.14
U0016,R1,2,1,0.06
U0016,R1,2,2,0.11
U0016,R1,2,3,0.08
U0016,R1,2,4,0.14
U0016,R1,2,5,0.14
U0016,R1,2,6,0.06
U0016,R1,2,7,0.71
U0016,R1,2,8,0.74
U0016,R1,2,9,0.74
U0016,R1,2,10,0.28
U0016,R1,2,11,0.33
U0016,R1,2,12,0.33
U0016,R1,2,13,0.36
U0016,R1,2,14,0.36
U0016,R1,2,15,0.33
U0016,R1,2,16,0.33
U0016,R1,2,17,0.74
U0016,R1,2,18,0.74
U0016,R1,2,19,0.68
U0016,R1,2,20,0.11
U0016,R1,2,21,0.11
U0016,R1,2,22,0.14
U0016,R1,2,23,0.08
U0016,R1,3,0,0.13
U0016,R1,3,1,0.1
U0016,R1,3,2,0.1
U0016,R1,3,3,0.05
U0016,R1,3,4,0.13
U0016,R1,3,5,0.08
U0016,R1,3,6,0.1
U0016,R1,3,7,0.7
U0016,R1,3,8,0.73
U0016,R1,3,9,0.68
U0016,R1,3,10,0.35
U0016,R1,3,11,0.32
U0016,R1,3,12,0.27
U0016,R1,3,13,0.35
U0016,R1,3,14,0.35
U0016,R1,3,15,0.32
U0016,R1,3,16,0.27
U0016,R1,3,17,0.65
U0016,R1,3,18,0.73
U0016,R1,3,19,0.73
U0016,R1,3,20,0.05
U0016,R1,3,21,0.05
U0016,R1,3,22,0.1
U0016,R1,3,23,0.13
U0016,R1,4,0,0.05
U0016,R1,4,1,0.08
U0016,R1,4,2,0.08
U0016,R1,4,3,0.13
U0016,R1,4,4,0.05
U0016,R1,4,5,0.05
U0016,R1,4,6,0.08
U0016,R1,4,7,0.73
U0016,R1,4,8,0.65
U0016,R1,4,9,0.65
U0016,R1,4,10,0.33
U0016,R1,4,11,0.35
U0016,R1,4,12,0.3
U0016,R1,4,13,0.27
U0016,R1,4,14,0.33
U0016,R1,4,15,0.35
U0016,R1,4,16,0.3
U0016,R1,4,17,0.68
U0016,R1,4,18,0.71
U0016,R1,4,19,0.71
U0016,R1,4,20,0.13
U0016,R1,4,21,0.08
U0016,R1,4,22,0.11
U0016,R1,4,23,0.11
U0016,R1,5,0,0.08
U0016,R1,5,1,0.11
U0016,R1,5,2,0.11
U0016,R1,5,3,0.14
U0016,R1,5,4,0.08
U0016,R1,5,5,0.08
U0016,R1,5,6,0.11
U0016,R1,5,7,0.71
U0016,R1,5,8,0.74
U0016,R1,5,9,0.68
U0016,R1,5,10,0.36
U0016,R1,5,11,0.33
U0016,R1,5,12,0.28
U0016,R1,5,13,0.3
U0016,R1,5,14,0.36
U0016,R1,5,15,0.33
U0016,R1,5,16,0.28
U0016,R1,5,17,0.71
U0016,R1,5,18,0.68
U0016,R1,5,19,0.74
U0016,R1,5,20,0.06
U0016,R1,5,21,0.11
U0016,R1,5,22,0.08
U0016,R1,5,23,0.14
U0016,R1,6,0,0.23
U0016,R1,6,1,0.15
U0016,R1,6,2,0.2
U0016,R1,6,3,0.17
U0016,R1,6,4,0.23
U0016,R1,6,5,0.23
U0016,R1,6,6,0.2
U0016,R1,6,7,0.8
U0016,R1,6,8,0.83
U0016,R1,6,9,0.83
U0016,R1,6,10,0.37
U0016,R1,6,11,0.42
U0016,R1,6,12,0.42
U0016,R1,6,13,0.45
U0016,R1,6,14,0.45
U0016,R1,6,15,0.42
U0016,R1,6,16,0.42
U0016,R1,6,17,0.75
U0016,R1,6,18,0.83
U0016,R1,6,19,0.77
U0016,R1,6,20,0.2
U0016,R1,6,21,0.15
U0016,R1,6,22,0.23
U0016,R1,6,23,0.17
U0016,R1,7,0,0.15
U0016,R1,7,1,0.23
U0016,R1,7,2,0.18
U0016,R1,7,3,0.21
U0016,R1,7,4,0.15
U0016,R1,7,5,0.15
U0016,R1,7,6,0.18
U0016,R1,7,7,0.78
U0016,R1,7,8,0.75
U0016,R1,7,9,0.75
U0016,R1,7,10,0.4
U0016,R1,7,11,0.4
U0016,R1,7,12,0.45
U0016,R1,7,13,0.37
U0016,R1,7,14,0.37
U0016,R1,7,15,0.4
U0016,R1,7,16,0.45
U0016,R1,7,17,0.75
U0016,R1,7,18,0.75
U0016,R1,7,19,0.81
U0016,R1,7,20,0.23
U0016,R1,7,21,0.23
U0016,R1,7,22,0.15
U0016,R1,7,23,0.15
U0017,R2,1,0,0.07
U0017,R2,1,1,0.07
U0017,R2,1,2,0.1
U0017,R2,1,3,0.1
U0017,R2,1,4,0.12
U0017,R2,1,5,0.07
U0017,R2,1,6,0.07
U0017,R2,1,7,0.7
U0017,R2,1,8,0.64
U0017,R2,1,9,0.67
U0017,R2,1,10,0.29
U0017,R2,1,11,0.32
U0017,R2,1,12,0.26
U0017,R2,1,13,0.26
U0017,R2,1,14,0.29
U0017,R2,1,15,0.29
U0017,R2,1,16,0.26
U0017,R2,1,17,0.64
U0017,R2,1,18,0.67
U0017,R2,1,19,0.67
U0017,R2,1,20,0.12
U0017,R2,1,21,0.04
U0017,R2,1,22,0.1
U0017,R2,1,23,0.07
U0017,R2,2,0,0.09
U0017,R2,2,1,0.06
U0017,R2,2,2,0.12
U0017,R2,2,3,0.04
U0017,R2,2,4,0.09
U0017,R2,2,5,0.09
U0017,R2,2,6,0.12
U0017,R2,2,7,0.72
U0017,R2,2,8,0.69
U0017,R2,2,9,0.69
U0017,R2,2,10,0.31
U0017,R2,2,11,0.34
U0017,R2,2,12,0.28
U0017,R2,2,13,0.31
U0017,R2,2,14,0.31
U0017,R2,2,15,0.34
U0017,R2,2,16,0.34
U0017,R2,2,17,0.66
U0017,R2,2,18,0.69
U0017,R2,2,19,0.64
U0017,R2,2,20,0.12
U0017,R2,2,21,0.06
U0017,R2,2,22,0.09
U0017,R2,2,23,0.09
U0017,R2,3,0,0.08
U0017,R2,3,1,0.14
U0017,R2,3,2,0.11
U0017,R2,3,3,0.05
U0017,R2,3,4,0.08
U0017,R2,3,5,0.14
U0017,R2,3,6,0.11
U0017,R2,3,7,0.65
U0017,R2,3,8,0.71
U0017,R2,3,9,0.68
U0017,R2,3,10,0.36
U0017,R2,3,11,0.27
U0017,R2,3,12,0.33
U0017,R2,3,13,0.3
U0017,R2,3,14,0.36
U0017,R2,3,15,0.3
U0017,R2,3,16,0.33
U0017,R2,3,17,0.71
U0017,R2,3,18,0.74
U0017,R2,3,19,0.74
U0017,R2,3,20,0.11
U0017,R2,3,21,0.11
U0017,R2,3,22,0.11
U0017,R2,3,23,0.14
U0017,R2,4,0,0.11
U0017,R2,4,1,0.14
U0017,R2,4,2,0.14
U0017,R2,4,3,0.09
U0017,R2,4,4,0.11
U0017,R2,4,5,0.11
U0017,R2,4,6,0.14
U0017,R2,4,7,0.69
U0017,R2,4,8,0.69
U0017,R2,4,9,0.71
U0017,R2,4,10,0.28
U0017,R2,4,11,0.36
U0017,R2,4,12,0.31
U0017,R2,4,13,0.33
U0017,R2,4,14,0.28
U0017,R2,4,15,0.28
U0017,R2,4,16,0.31
U0017,R2,4,17,0.74
U0017,R2,4,18,0.66
U0017,R2,4,19,0.66
U0017,R2,4,20,0.09
U0017,R2,4,21,0.14
U0017,R2,4,22,0.14
U0017,R2,4,23,0.06
U0017,R2,5,0,0.05
U0017,R2,5,1,0.05
U0017,R2,5,2,0.08
U0017,R2,5,3,0.13
U0017,R2,5,4,0.05
U0017,R2,5,5,0.05
U0017,R2,5,6,0.05
U0017,R2,5,7,0.73
U0017,R2,5,8,0.73
U0017,R2,5,9,0.65
U0017,R2,5,10,0.27
U0017,R2,5,11,0.3
U0017,R2,5,12,0.35
U0017,R2,5,13,0.35
U0017,R2,5,14,0.27
U0017,R2,5,15,0.33
U0017,R2,5,16,0.35
U0017,R2,5,17,0.73
U0017,R2,5,18,0.65
U0017,R2,5,19,0.65
U0017,R2,5,20,0.05
U0017,R2,5,21,0.13
U0017,R2,5,22,0.08
U0017,R2,5,23,0.05
U0017,R2,6,0,0.18
U0017,R2,6,1,0.21
U0017,R2,6,2,0.21
U0017,R2,6,3,0.21
U0017,R2,6,4,0.18
U0017,R2,6,5,0.18
U0017,R2,6,6,0.21
U0017,R2,6,7,0.81
U0017,R2,6,8,0.78
U0017,R2,6,9,0.78
U0017,R2,6,10,0.4
U0017,R2,6,11,0.43
U0017,R2,6,12,0.37
U0017,R2,6,13,0.4
U0017,R2,6,14,0.4
U0017,R2,6,15,0.43
U0017,R2,6,16,0.37
U0017,R2,6,17,0.81
U0017,R2,6,18,0.78
U0017,R2,6,19,0.84
U0017,R2,6,20,0.15
U0017,R2,6,21,0.21
U0017,R2,6,22,0.21
U0017,R2,6,23,0.24
U0017,R2,7,0,0.16
U0017,R2,7,1,0.18
U0017,R2,7,2,0.24
U0017,R2,7,3,0.16
U0017,R2,7,4,0.16
U0017,R2,7,5,0.21
U0017,R2,7,6,0.24
U0017,R2,7,7,0.84
U0017,R2,7,8,0.76
U0017,R2,7,9,0.81
U0017,R2,7,10,0.43
U0017,R2,7,11,0.46
U0017,R2,7,12,0.46
U0017,R2,7,13,0.38
U0017,R2,7,14,0.43
U0017,R2,7,15,0.46
U0017,R2,7,16,0.46
U0017,R2,7,17,0.79
U0017,R2,7,18,0.81
U0017,R2,7,19,0.76
U0017,R2,7,20,0.24
U0017,R2,7,21,0.19
U0017,R2,7,22,0.21
U0017,R2,7,23,0.21
U0018,R3,1,0,0.04
U0018,R3,1,1,0.12
U0018,R3,1,2,0.12
U0018,R3,1,3,0.12
U0018,R3,1,4,0.04
U0018,R3,1,5,0.09
U0018,R3,1,6,0.12
U0018,R3,1,7,0.72
U0018,R3,1,8,0.64
U0018,R3,1,9,0.64
U0018,R3,1,10,0.31
U0018,R3,1,11,0.34
U0018,R3,1,12,0.29
U0018,R3,1,13,0.26
U0018,R3,1,14,0.31
U0018,R3,1,15,0.26
U0018,R3,1,16,0.34
U0018,R3,1,17,0.67
U0018,R3,1,18,0.69
U0018,R3,1,19,0.64
U0018,R3,1,20,0.12
U0018,R3,1,21,0.07
U0018,R3,1,22,0.12
U0018,R3,1,23,0.04
U0018,R3,2,0,0.08
U0018,R3,2,1,0.14
U0018,R3,2,2,0.11
U0018,R3,2,3,0.06
U0018,R3,2,4,0.08
U0018,R3,2,5,0.14
U0018,R3,2,6,0.14
U0018,R3,2,7,0.66
U0018,R3,2,8,0.71
U0018,R3,2,9,0.74
U0018,R3,2,10,0.36
U0018,R3,2,11,0.28
U0018,R3,2,12,0.28
U0018,R3,2,13,0.33
U0018,R3,2,14,0.36
U0018,R3,2,15,0.36
U0018,R3,2,16,0.28
U0018,R3,2,17,0.71
U0018,R3,2,18,0.74
U0018,R3,2,19,0.74
U0018,R3,2,20,0.09
U0018,R3,2,21,0.11
U0018,R3,2,22,0.11
U0018,R3,2,23,0.14
U0018,R3,3,0,0.06
U0018,R3,3,1,0.12
U0018,R3,3,2,0.14
U0018,R3,3,3,0.09
U0018,R3,3,4,0.06
U0018,R3,3,5,0.12
U0018,R3,3,6,0.14
U0018,R3,3,7,0.69
U0018,R3,3,8,0.69
U0018,R3,3,9,0.72
U0018,R3,3,10,0.28
U0018,R3,3,11,0.31
U0018,R3,3,12,0.31
U0018,R3,3,13,0.31
U0018,R3,3,14,0.28
U0018,R3,3,15,0.28
U0018,R3,3,16,0.31
U0018,R3,3,17,0.69
U0018,R3,3,18,0.66
U0018,R3,3,19,0.66
U0018,R3,3,20,0.06
U0018,R3,3,21,0.09
U0018,R3,3,22,0.14
U0018,R3,3,23,0.06
U0018,R3,4,0,0.05
U0018,R3,4,1,0.05
U0018,R3,4,2,0.08
U0018,R3,4,3,0.08
U0018,R3,4,4,0.14
U0018,R3,4,5,0.05
U0018,R3,4,6,0.05
U0018,R3,4,7,0.68
U0018,R3,4,8,0.74
U0018,R3,4,9,0.65
U0018,R3,4,10,0.27
U0018,R3,4,11,0.33
U0018,R3,4,12,0.3
U0018,R3,4,13,0.3
U0018,R3,4,14,0.27
U0018,R3,4,15,0.33
U0018,R3,4,16,0.3
U0018,R3,4,17,0.68
U0018,R3,4,18,0.68
U0018,R3,4,19,0.71
U0018,R3,4,20,0.11
U0018,R3,4,21,0.13
U0018,R3,4,22,0.08
U0018,R3,4,23,0.11
U0018,R3,5,0,0.13
U0018,R3,5,1,0.1
U0018,R3,5,2,0.1
U0018,R3,5,3,0.1
U0018,R3,5,4,0.13
U0018,R3,5,5,0.07
U0018,R3,5,6,0.1
U0018,R3,5,7,0.7
U0018,R3,5,8,0.65
U0018,R3,5,9,0.67
U0018,R3,5,10,0.35
U0018,R3,5,11,0.32
U0018,R3,5,12,0.27
U0018,R3,5,13,0.29
U0018,R3,5,14,0.29
U0018,R3,5,15,0.35
U0018,R3,5,16,0.27
U0018,R3,5,17,0.65
U0018,R3,5,18,0.67
U0018,R3,5,19,0.73
U0018,R3,5,20,0.05
U0018,R3,5,21,0.05
U0018,R3,5,22,0.1
U0018,R3,5,23,0.13
U0018,R3,6,0,0.17
U0018,R3,6,1,0.23
U0018,R3,6,2,0.15
U0018,R3,6,3,0.15
U0018,R3,6,4,0.17
U0018,R3,6,5,0.23
U0018,R3,6,6,0.23
U0018,R3,6,7,0.75
U0018,R3,6,8,0.8
U0018,R3,6,9,0.83
U0018,R3,6,10,0.45
U0018,R3,6,11,0.37
U0018,R3,6,12,0.42
U0018,R3,6,13,0.42
U0018,R3,6,14,0.45
U0018,R3,6,15,0.45
U0018,R3,6,16,0.37
U0018,R3,6,17,0.8
U0018,R3,6,18,0.83
U0018,R3,6,19,0.83
U0018,R3,6,20,0.18
U0018,R3,6,21,0.2
U0018,R3,6,22,0.15
U0018,R3,6,23,0.23
U0018,R3,7,0,0.21
U0018,R3,7,1,0.15
U0018,R3,7,2,0.23
U0018,R3,7,3,0.18
U0018,R3,7,4,0.21
U0018,R3,7,5,0.21
U0018,R3,7,6,0.15
U0018,R3,7,7,0.78
U0018,R3,7,8,0.78
U0018,R3,7,9,0.81
U0018,R3,7,10,0.37
U0018,R3,7,11,0.4
U0018,R3,7,12,0.4
U0018,R3,7,13,0.4
U0018,R3,7,14,0.37
U0018,R3,7,15,0.37
U0018,R3,7,16,0.4
U0018,R3,7,17,0.78
U0018,R3,7,18,0.75
U0018,R3,7,19,0.75
U0018,R3,7,20,0.21
U0018,R3,7,21,0.18
U0018,R3,7,22,0.23
U0018,R3,7,23,0.15
U0019,R2,1,0,0.12
U0019,R2,1,1,0.14
U0019,R2,1,2,0.09
U0019,R2,1,3,0.06
U0019,R2,1,4,0.12
U0019,R2,1,5,0.06
U0019,R2,1,6,0.09
U0019,R2,1,7,0.69
U0019,R2,1,8,0.72
U0019,R2,1,9,0.66
U0019,R2,1,10,0.31
U0019,R2,1,11,0.31
U0019,R2,1,12,0.31
U0019,R2,1,13,0.34
U0019,R2,1,14,0.28
U0019,R2,1,15,0.31
U0019,R2,1,16,0.31
U0019,R2,1,17,0.64
U0019,R2,1,18,0.66
U0019,R2,1,19,0.66
U0019,R2,1,20,0.09
U0019,R2,1,21,0.09
U0019,R2,1,22,0.06
U0019,R2,1,23,0.06
U0019,R2,2,0,0.04
U0019,R2,2,1,0.12
U0019,R2,2,2,0.07
U0019,R2,2,3,0.09
U0019,R2,2,4,0.04
U0019,R2,2,5,0.04
U0019,R2,2,6,0.07
U0019,R2,2,7,0.72
U0019,R2,2,8,0.64
U0019,R2,2,9,0.64
U0019,R2,2,10,0.29
U0019,R2,2,11,0.34
U0019,R2,2,12,0.34
U0019,R2,2,13,0.26
U0019,R2,2,14,0.26
U0019,R2,2,15,0.34
U0019,R2,2,16,0.34
U0019,R2,2,17,0.64
U0019,R2,2,18,0.64
U0019,R2,2,19,0.69
U0019,R2,2,20,0.12
U0019,R2,2,21,0.12
U0019,R2,2,22,0.04
U0019,R2,2,23,0.09
U0019,R2,3,0,0.14
U0019,R2,3,1,0.11
U0019,R2,3,2,0.11
U0019,R2,3,3,0.11
U0019,R2,3,4,0.14
U0019,R2,3,5,0.14
U0019,R2,3,6,0.11
U0019,R2,3,7,0.71
U0019,R2,3,8,0.74
U0019,R2,3,9,0.74
U0019,R2,3,10,0.36
U0019,R2,3,11,0.33
U0019,R2,3,12,0.28
U0019,R2,3,13,0.36
U0019,R2,3,14,0.3
U0019,R2,3,15,0.36
U0019,R2,3,16,0.28
U0019,R2,3,17,0.66
U0019,R2,3,18,0.68
U0019,R2,3,19,0.74
U0019,R2,3,20,0.11
U0019,R2,3,21,0.06
U0019,R2,3,22,0.11
U0019,R2,3,23,0.14
U0019,R2,4,0,0.05
U0019,R2,4,1,0.08
U0019,R2,4,2,0.13
U0019,R2,4,3,0.05
U0019,R2,4,4,0.05
U0019,R2,4,5,0.08
U0019,R2,4,6,0.13
U0019,R2,4,7,0.68
U0019,R2,4,8,0.65
U0019,R2,4,9,0.71
U0019,R2,4,10,0.35
U0019,R2,4,11,0.35
U0019,R2,4,12,0.27
U0019,R2,4,13,0.33
U0019,R2,4,14,0.27
U0019,R2,4,15,0.35
U0019,R2,4,16,0.3
U0019,R2,4,17,0.65
U0019,R2,4,18,0.71
U0019,R2,4,19,0.65
U0019,R2,4,20,0.08
U0019,R2,4,21,0.08
U0019,R2,4,22,0.11
U0019,R2,4,23,0.05
U0019,R2,5,0,0.1
U0019,R2,5,1,0.12
U0019,R2,5,2,0.07
U0019,R2,5,3,0.04
U0019,R2,5,4,0.1
U0019,R2,5,5,0.04
U0019,R2,5,6,0.07
U0019,R2,5,7,0.67
U0019,R2,5,8,0.7
U0019,R2,5,9,0.64
U0019,R2,5,10,0.26
U0019,R2,5,11,0.29
U0019,R2,5,12,0.29
U0019,R2,5,13,0.26
U0019,R2,5,14,0.26
U0019,R2,5,15,0.29
U0019,R2,5,16,0.29
U0019,R2,5,17,0.73
U0019,R2,5,18,0.64
U0019,R2,5,19,0.64
U0019,R2,5,20,0.07
U0019,R2,5,21,0.13
U0019,R2,5,22,0.04
U0019,R2,5,23,0.04
U0019,R2,6,0,0.24
U0019,R2,6,1,0.21
U0019,R2,6,2,0.21
U0019,R2,6,3,0.18
U0019,R2,6,4,0.24
U0019,R2,6,5,0.24
U0019,R2,6,6,0.21
U0019,R2,6,7,0.81
U0019,R2,6,8,0.84
U0019,R2,6,9,0.84
U0019,R2,6,10,0.38
U0019,R2,6,11,0.43
U0019,R2,6,12,0.43
U0019,R2,6,13,0.46
U0019,R2,6,14,0.46
U0019,R2,6,15,0.43
U0019,R2,6,16,0.43
U0019,R2,6,17,0.81
U0019,R2,6,18,0.84
U0019,R2,6,19,0.78
U0019,R2,6,20,0.21
U0019,R2,6,21,0.21
U0019,R2,6,22,0.24
U0019,R2,6,23,0.18
U0019,R2,7,0,0.16
U0019,R2,7,1,0.24
U0019,R2,7,2,0.19
U0019,R2,7,3,0.16
U0019,R2,7,4,0.16
U0019,R2,7,5,0.16
U0019,R2,7,6,0.19
U0019,R2,7,7,0.79
U0019,R2,7,8,0.76
U0019,R2,7,9,0.76
U0019,R2,7,10,0.41
U0019,R2,7,11,0.41
U0019,R2,7,12,0.46
U0019,R2,7,13,0.38
U0019,R2,7,14,0.38
U0019,R2,7,15,0.41
U0019,R2,7,16,0.46
U0019,R2,7,17,0.76
U0019,R2,7,18,0.76
U0019,R2,7,19,0.76
U0019,R2,7,20,0.24
U0019,R2,7,21,0.24
U0019,R2,7,22,0.16
U0019,R2,7,23,0.16
U0020,R3,1,0,0.04
U0020,R3,1,1,0.07
U0020,R3,1,2,0.12
U0020,R3,1,3,0.04
U0020,R3,1,4,0.04
U0020,R3,1,5,0.07
U0020,R3,1,6,0.12
U0020,R3,1,7,0.72
U0020,R3,1,8,0.64
U0020,R3,1,9,0.7
U0020,R3,1,10,0.29
U0020,R3,1,11,0.34
U0020,R3,1,12,0.26
U0020,R3,1,13,0.26
U0020,R3,1,14,0.32
U0020,R3,1,15,0.34
U0020,R3,1,16,0.29
U0020,R3,1,17,0.64
U0020,R3,1,18,0.7
U0020,R3,1,19,0.64
U0020,R3,1,20,0.07
U0020,R3,1,21,0.07
U0020,R3,1,22,0.1
U0020,R3,1,23,0.04
U0020,R3,2,0,0.1
U0020,R3,2,1,0.1
U0020,R3,2,2,0.1
U0020,R3,2,3,0.13
U0020,R3,2,4,0.07
U0020,R3,2,5,0.1
U0020,R3,2,6,0.1
U0020,R3,2,7,0.65
U0020,R3,2,8,0.67
U0020,R3,2,9,0.67
U0020,R3,2,10,0.32
U0020,R3,2,11,0.32
U0020,R3,2,12,0.29
U0020,R3,2,13,0.29
U0020,R3,2,14,0.35
U0020,R3,2,15,0.32
U0020,R3,2,16,0.32
U0020,R3,2,17,0.67
U0020,R3,2,18,0.73
U0020,R3,2,19,0.7
U0020,R3,2,20,0.04
U0020,R3,2,21,0.1
U0020,R3,2,22,0.13
U0020,R3,2,23,0.13
U0020,R3,3,0,0.08
U0020,R3,3,1,0.14
U0020,R3,3,2,0.08
U0020,R3,3,3,0.11
U0020,R3,3,4,0.11
U0020,R3,3,5,0.14
U0020,R3,3,6,0.08
U0020,R3,3,7,0.71
U0020,R3,3,8,0.71
U0020,R3,3,9,0.71
U0020,R3,3,10,0.3
U0020,R3,3,11,0.3
U0020,R3,3,12,0.33
U0020,R3,3,13,0.33
U0020,R3,3,14,0.27
U0020,R3,3,15,0.3
U0020,R3,3,16,0.3
U0020,R3,3,17,0.71
U0020,R3,3,18,0.65
U0020,R3,3,19,0.68
U0020,R3,3,20,0.08
U0020,R3,3,21,0.14
U0020,R3,3,22,0.05
U0020,R3,3,23,0.11
U0020,R3,4,0,0.11
U0020,R3,4,1,0.06
U0020,R3,4,2,0.06
U0020,R3,4,3,0.08
U0020,R3,4,4,0.14
U0020,R3,4,5,0.06
U0020,R3,4,6,0.06
U0020,R3,4,7,0.68
U0020,R3,4,8,0.74
U0020,R3,4,9,0.74
U0020,R3,4,10,0.28
U0020,R3,4,11,0.33
U0020,R3,4,12,0.36
U0020,R3,4,13,0.36
U0020,R3,4,14,0.28
U0020,R3,4,15,0.28
U0020,R3,4,16,0.33
U0020,R3,4,17,0.74
U0020,R3,4,18,0.74
U0020,R3,4,19,0.66
U0020,R3,4,20,0.11
U0020,R3,4,21,0.06
U0020,R3,4,22,0.14
U0020,R3,4,23,0.09
U0020,R3,5,0,0.13
U0020,R3,5,1,0.05
U0020,R3,5,2,0.1
U0020,R3,5,3,0.13
U0020,R3,5,4,0.13
U0020,R3,5,5,0.05
U0020,R3,5,6,0.1
U0020,R3,5,7,0.65
U0020,R3,5,8,0.73
U0020,R3,5,9,0.68
U0020,R3,5,10,0.32
U0020,R3,5,11,0.32
U0020,R3,5,12,0.27
U0020,R3,5,13,0.3
U0020,R3,5,14,0.35
U0020,R3,5,15,0.32
U0020,R3,5,16,0.27
U0020,R3,5,17,0.73
U0020,R3,5,18,0.68
U0020,R3,5,19,0.73
U0020,R3,5,20,0.05
U0020,R3,5,21,0.05
U0020,R3,5,22,0.08
U0020,R3,5,23,0.13
U0020,R3,6,0,0.16
U0020,R3,6,1,0.19
U0020,R3,6,2,0.19
U0020,R3,6,3,0.16
U0020,R3,6,4,0.16
U0020,R3,6,5,0.19
U0020,R3,6,6,0.19
U0020,R3,6,7,0.85
U0020,R3,6,8,0.76
U0020,R3,6,9,0.76
U0020,R3,6,10,0.41
U0020,R3,6,11,0.47
U0020,R3,6,12,0.38
U0020,R3,6,13,0.38
U0020,R3,6,14,0.44
U0020,R3,6,15,0.47
U0020,R3,6,16,0.41
U0020,R3,6,17,0.76
U0020,R3,6,18,0.82
U0020,R3,6,19,0.82
U0020,R3,6,20,0.19
U0020,R3,6,21,0.19
U0020,R3,6,22,0.22
U0020,R3,6,23,0.22
U0020,R3,7,0,0.17
U0020,R3,7,1,0.17
U0020,R3,7,2,0.17
U0020,R3,7,3,0.2
U0020,R3,7,4,0.2
U0020,R3,7,5,0.17
U0020,R3,7,6,0.17
U0020,R3,7,7,0.77
U0020,R3,7,8,0.8
U0020,R3,7,9,0.8
U0020,R3,7,10,0.39
U0020,R3,7,11,0.39
U0020,R3,7,12,0.42
U0020,R3,7,13,0.42
U0020,R3,7,14,0.47
U0020,R3,7,15,0.39
U0020,R3,7,16,0.39
U0020,R3,7,17,0.8
U0020,R3,7,18,0.85
U0020,R3,7,19,0.77
U0020,R3,7,20,0.17
U0020,R3,7,21,0.23
U0020,R3,7,22,0.25
U0020,R3,7,23,0.2
U0021,R2,1,0,0.1
U0021,R2,1,1,0.1
U0021,R2,1,2,0.04
U0021,R2,1,3,0.07
U0021,R2,1,4,0.07
U0021,R2,1,5,0.1
U0021,R2,1,6,0.04
U0021,R2,1,7,0.67
U0021,R2,1,8,0.67
U0021,R2,1,9,0.73
U0021,R2,1,10,0.26
U0021,R2,1,11,0.32
U0021,R2,1,12,0.29
U0021,R2,1,13,0.35
U0021,R2,1,14,0.26
U0021,R2,1,15,0.26
U0021,R2,1,16,0.32
U0021,R2,1,17,0.73
U0021,R2,1,18,0.67
U0021,R2,1,19,0.64
U0021,R2,1,20,0.1
U0021,R2,1,21,0.1
U0021,R2,1,22,0.07
U0021,R2,1,23,0.07
U0021,R2,2,0,0.13
U0021,R2,2,1,0.13
U0021,R2,2,2,0.05
U0021,R2,2,3,0.1
U0021,R2,2,4,0.1
U0021,R2,2,5,0.13
U0021,R2,2,6,0.13
U0021,R2,2,7,0.7
U0021,R2,2,8,0.7
U0021,R2,2,9,0.65
U0021,R2,2,10,0.35
U0021,R2,2,11,0.29
U0021,R2,2,12,0.32
U0021,R2,2,13,0.32
U0021,R2,2,14,0.35
U0021,R2,2,15,0.3
U0021,R2,2,16,0.35
U0021,R2,2,17,0.7
U0021,R2,2,18,0.65
U0021,R2,2,19,0.68
U0021,R2,2,20,0.13
U0021,R2,2,21,0.1
U0021,R2,2,22,0.05
U0021,R2,2,23,0.05
U0021,R2,3,0,0.04
U0021,R2,3,1,0.07
U0021,R2,3,2,0.12
U0021,R2,3,3,0.09
U0021,R2,3,4,0.04
U0021,R2,3,5,0.07
U0021,R2,3,6,0.12
U0021,R2,3,7,0.72
U0021,R2,3,8,0.64
U0021,R2,3,9,0.64
U0021,R2,3,10,0.34
U0021,R2,3,11,0.34
U0021,R2,3,12,0.26
U0021,R2,3,13,0.26
U0021,R2,3,14,0.31
U0021,R2,3,15,0.34
U0021,R2,3,16,0.34
U0021,R2,3,17,0.64
U0021,R2,3,18,0.64
U0021,R2,3,19,0.69
U0021,R2,3,20,0.12
U0021,R2,3,21,0.07
U0021,R2,3,22,0.04
U0021,R2,3,23,0.09
U0021,R2,4,0,0.04
U0021,R2,4,1,0.04
U0021,R2,4,2,0.1
U0021,R2,4,3,0.12
U0021,R2,4,4,0.07
U0021,R2,4,5,0.04
U0021,R2,4,6,0.1
U0021,R2,4,7,0.7
U0021,R2,4,8,0.67
U0021,R2,4,9,0.67
U0021,R2,4,10,0.32
U0021,R2,4,11,0.32
U0021,R2,4,12,0.29
U0021,R2,4,13,0.29
U0021,R2,4,14,0.29
U0021,R2,4,15,0.32
U0021,R2,4,16,0.26
U0021,R2,4,17,0.67
U0021,R2,4,18,0.67
U0021,R2,4,19,0.7
U0021,R2,4,20,0.04
U0021,R2,4,21,0.04
U0021,R2,4,22,0.07
U0021,R2,4,23,0.07
U0021,R2,5,0,0.06
U0021,R2,5,1,0.12
U0021,R2,5,2,0.09
U0021,R2,5,3,0.04
U0021,R2,5,4,0.06
U0021,R2,5,5,0.12
U0021,R2,5,6,0.12
U0021,R2,5,7,0.64
U0021,R2,5,8,0.69
U0021,R2,5,9,0.72
U0021,R2,5,10,0.34
U0021,R2,5,11,0.34
U0021,R2,5,12,0.31
U0021,R2,5,13,0.31
U0021,R2,5,14,0.34
U0021,R2,5,15,0.34
U0021,R2,5,16,0.31
U0021,R2,5,17,0.69
U0021,R2,5,18,0.69
U0021,R2,5,19,0.72
U0021,R2,5,20,0.12
U0021,R2,5,21,0.09
U0021,R2,5,22,0.09
U0021,R2,5,23,0.12
U0021,R2,6,0,0.22
U0021,R2,6,1,0.22
U0021,R2,6,2,0.17
U0021,R2,6,3,0.19
U0021,R2,6,4,0.19
U0021,R2,6,5,0.22
U0021,R2,6,6,0.22
U0021,R2,6,7,0.79
U0021,R2,6,8,0.79
U0021,R2,6,9,0.85
U0021,R2,6,10,0.44
U0021,R2,6,11,0.44
U0021,R2,6,12,0.41
U0021,R2,6,13,0.47
U0021,R2,6,14,0.44
U0021,R2,6,15,0.38
U0021,R2,6,16,0.44
U0021,R2,6,17,0.85
U0021,R2,6,18,0.85
U0021,R2,6,19,0.76
U0021,R2,6,20,0.22
U0021,R2,6,21,0.22
U0021,R2,6,22,0.25
U0021,R2,6,23,0.25
U0021,R2,7,0,0.25
U0021,R2,7,1,0.25
U0021,R2,7,2,0.17
U0021,R2,7,3,0.17
U0021,R2,7,4,0.22
U0021,R2,7,5,0.25
U0021,R2,7,6,0.25
U0021,R2,7,7,0.77
U0021,R2,7,8,0.82
U0021,R2,7,9,0.77
U0021,R2,7,10,0.47
U0021,R2,7,11,0.42
U0021,R2,7,12,0.39
U0021,R2,7,13,0.44
U0021,R2,7,14,0.47
U0021,R2,7,15,0.42
U0021,R2,7,16,0.42
U0021,R2,7,17,0.82
U0021,R2,7,18,0.77
U0021,R2,7,19,0.85
U0021,R2,7,20,0.2
U0021,R2,7,21,0.22
U0021,R2,7,22,0.17
U0021,R2,7,23,0.17
U0022,R3,1,0,0.06
U0022,R3,1,1,0.14
U0022,R3,1,2,0.14
U0022,R3,1,3,0.14
U0022,R3,1,4,0.06
U0022,R3,1,5,0.06
U0022,R3,1,6,0.14
U0022,R3,1,7,0.74
U0022,R3,1,8,0.69
U0022,R3,1,9,0.66
U0022,R3,1,10,0.33
U0022,R3,1,11,0.36
U0022,R3,1,12,0.36
U0022,R3,1,13,0.28
U0022,R3,1,14,0.33
U0022,R3,1,15,0.28
U0022,R3,1,16,0.36
U0022,R3,1,17,0.69
U0022,R3,1,18,0.71
U0022,R3,1,19,0.66
U0022,R3,1,20,0.14
U0022,R3,1,21,0.09
U0022,R3,1,22,0.14
U0022,R3,1,23,0.06
U0022,R3,2,0,0.04
U0022,R3,2,1,0.12
U0022,R3,2,2,0.07
U0022,R3,2,3,0.07
U0022,R3,2,4,0.04
U0022,R3,2,5,0.04
U0022,R3,2,6,0.07
U0022,R3,2,7,0.67
U0022,R3,2,8,0.69
U0022,R3,2,9,0.64
U0022,R3,2,10,0.26
U0022,R3,2,11,0.29
U0022,R3,2,12,0.34
U0022,R3,2,13,0.26
U0022,R3,2,14,0.26
U0022,R3,2,15,0.29
U0022,R3,2,16,0.34
U0022,R3,2,17,0.72
U0022,R3,2,18,0.64
U0022,R3,2,19,0.64
U0022,R3,2,20,0.12
U0022,R3,2,21,0.12
U0022,R3,2,22,0.07
U0022,R3,2,23,0.04
U0022,R3,3,0,0.13
U0022,R3,3,1,0.04
U0022,R3,3,2,0.1
U0022,R3,3,3,0.1
U0022,R3,3,4,0.13
U0022,R3,3,5,0.07
U0022,R3,3,6,0.1
U0022,R3,3,7,0.7
U0022,R3,3,8,0.73
U0022,R3,3,9,0.67
U0022,R3,3,10,0.29
U0022,R3,3,11,0.32
U0022,R3,3,12,0.32
U0022,R3,3,13,0.29
U0022,R3,3,14,0.29
U0022,R3,3,15,0.32
U0022,R3,3,16,0.32
U0022,R3,3,17,0.7
U0022,R3,3,18,0.67
U0022,R3,3,19,0.67
U0022,R3,3,20,0.1
U0022,R3,3,21,0.1
U0022,R3,3,22,0.07
U0022,R3,3,23,0.07
U0022,R3,4,0,0.06
U0022,R3,4,1,0.06
U0022,R3,4,2,0.09
U0022,R3,4,3,0.09
U0022,R3,4,4,0.06
U0022,R3,4,5,0.06
U0022,R3,4,6,0.09
U0022,R3,4,7,0.69
U0022,R3,4,8,0.69
U0022,R3,4,9,0.66
U0022,R3,4,10,0.34
U0022,R3,4,11,0.31
U0022,R3,4,12,0.36
U0022,R3,4,13,0.28
U0022,R3,4,14,0.34
U0022,R3,4,15,0.34
U0022,R3,4,16,0.36
U0022,R3,4,17,0.69
U0022,R3,4,18,0.66
U0022,R3,4,19,0.72
U0022,R3,4,20,0.12
U0022,R3,4,21,0.09
U0022,R3,4,22,0.09
U0022,R3,4,23,0.12
U0022,R3,5,0,0.04
U0022,R3,5,1,0.09
U0022,R3,5,2,0.12
U0022,R3,5,3,0.12
U0022,R3,5,4,0.04
U0022,R3,5,5,0.09
U0022,R3,5,6,0.12
U0022,R3,5,7,0.72
U0022,R3,5,8,0.67
U0022,R3,5,9,0.64
U0022,R3,5,10,0.31
U0022,R3,5,11,0.34
U0022,R3,5,12,0.29
U0022,R3,5,13,0.26
U0022,R3,5,14,0.31
U0022,R3,5,15,0.26
U0022,R3,5,16,0.34
U0022,R3,5,17,0.67
U0022,R3,5,18,0.69
U0022,R3,5,19,0.64
U0022,R3,5,20,0.12
U0022,R3,5,21,0.07
U0022,R3,5,22,0.12
U0022,R3,5,23,0.04
U0022,R3,6,0,0.24
U0022,R3,6,1,0.21
U0022,R3,6,2,0.16
U0022,R3,6,3,0.21
U0022,R3,6,4,0.24
U0022,R3,6,5,0.24
U0022,R3,6,6,0.16
U0022,R3,6,7,0.81
U0022,R3,6,8,0.81
U0022,R3,6,9,0.84
U0022,R3,6,10,0.46
U0022,R3,6,11,0.38
U0022,R3,6,12,0.43
U0022,R3,6,13,0.46
U0022,R3,6,14,0.46
U0022,R3,6,15,0.41
U0022,R3,6,16,0.43
U0022,R3,6,17,0.81
U0022,R3,6,18,0.84
U0022,R3,6,19,0.79
U0022,R3,6,20,0.21
U0022,R3,6,21,0.21
U0022,R3,6,22,0.16
U0022,R3,6,23,0.24
U0022,R3,7,0,0.22
U0022,R3,7,1,0.24
U0022,R3,7,2,0.19
U0022,R3,7,3,0.19
U0022,R3,7,4,0.22
U0022,R3,7,5,0.16
U0022,R3,7,6,0.19
U0022,R3,7,7,0.79
U0022,R3,7,8,0.82
U0022,R3,7,9,0.76
U0022,R3,7,10,0.38
U0022,R3,7,11,0.41
U0022,R3,7,12,0.41
U0022,R3,7,13,0.38
U0022,R3,7,14,0.38
U0022,R3,7,15,0.38
U0022,R3,7,16,0.41
U0022,R3,7,17,0.84
U0022,R3,7,18,0.76
U0022,R3,7,19,0.76
U0022,R3,7,20,0.19
U0022,R3,7,21,0.24
U0022,R3,7,22,0.19
U0022,R3,7,23,0.16
U0023,R2,1,0,0.14
U0023,R2,1,1,0.08
U0023,R2,1,2,0.11
U0023,R2,1,3,0.11
U0023,R2,1,4,0.14
U0023,R2,1,5,0.14
U0023,R2,1,6,0.08
U0023,R2,1,7,0.71
U0023,R2,1,8,0.66
U0023,R2,1,9,0.74
U0023,R2,1,10,0.3
U0023,R2,1,11,0.36
U0023,R2,1,12,0.28
U0023,R2,1,13,0.28
U0023,R2,1,14,0.3
U0023,R2,1,15,0.36
U0023,R2,1,16,0.33
U0023,R2,1,17,0.66
U0023,R2,1,18,0.71
U0023,R2,1,19,0.74
U0023,R2,1,20,0.14
U0023,R2,1,21,0.06
U0023,R2,1,22,0.11
U0023,R2,1,23,0.14
U0023,R2,2,0,0.07
U0023,R2,2,1,0.13
U0023,R2,2,2,0.13
U0023,R2,2,3,0.05
U0023,R2,2,4,0.1
U0023,R2,2,5,0.13
U0023,R2,2,6,0.13
U0023,R2,2,7,0.65
U0023,R2,2,8,0.65
U0023,R2,2,9,0.7
U0023,R2,2,10,0.35
U0023,R2,2,11,0.35
U0023,R2,2,12,0.27
U0023,R2,2,13,0.32
U0023,R2,2,14,0.35
U0023,R2,2,15,0.35
U0023,R2,2,16,0.3
U0023,R2,2,17,0.7
U0023,R2,2,18,0.7
U0023,R2,2,19,0.73
U0023,R2,2,20,0.08
U0023,R2,2,21,0.13
U0023,R2,2,22,0.1
U0023,R2,2,23,0.05
U0023,R2,3,0,0.05
U0023,R2,3,1,0.11
U0023,R2,3,2,0.13
U0023,R2,3,3,0.08
U0023,R2,3,4,0.08
U0023,R2,3,5,0.11
U0023,R2,3,6,0.05
U0023,R2,3,7,0.68
U0023,R2,3,8,0.68
U0023,R2,3,9,0.68
U0023,R2,3,10,0.27
U0023,R2,3,11,0.27
U0023,R2,3,12,0.3
U0023,R2,3,13,0.3
U0023,R2,3,14,0.27
U0023,R2,3,15,0.27
U0023,R2,3,16,0.27
U0023,R2,3,17,0.68
U0023,R2,3,18,0.73
U0023,R2,3,19,0.65
U0023,R2,3,20,0.05
U0023,R2,3,21,0.08
U0023,R2,3,22,0.14
U0023,R2,3,23,0.08
U0023,R2,4,0,0.13
U0023,R2,4,1,0.13
U0023,R2,4,2,0.1
U0023,R2,4,3,0.1
U0023,R2,4,4,0.13
U0023,R2,4,5,0.13
U0023,R2,4,6,0.07
U0023,R2,4,7,0.7
U0023,R2,4,8,0.7
U0023,R2,4,9,0.73
U0023,R2,4,10,0.35
U0023,R2,4,11,0.32
U0023,R2,4,12,0.32
U0023,R2,4,13,0.32
U0023,R2,4,14,0.35
U0023,R2,4,15,0.29
U0023,R2,4,16,0.32
U0023,R2,4,17,0.7
U0023,R2,4,18,0.73
U0023,R2,4,19,0.67
U0023,R2,4,20,0.13
U0023,R2,4,21,0.1
U0023,R2,4,22,0.05
U0023,R2,4,23,0.07
U0023,R2,5,0,0.12
U0023,R2,5,1,0.06
U0023,R2,5,2,0.09
U0023,R2,5,3,0.09
U0023,R2,5,4,0.04
U0023,R2,5,5,0.06
U0023,R2,5,6,0.12
U0023,R2,5,7,0.69
U0023,R2,5,8,0.64
U0023,R2,5,9,0.66
U0023,R2,5,10,0.34
U0023,R2,5,11,0.34
U0023,R2,5,12,0.26
U0023,R2,5,13,0.26
U0023,R2,5,14,0.28
U0023,R2,5,15,0.34
U0023,R2,5,16,0.26
U0023,R2,5,17,0.64
U0023,R2,5,18,0.69
U0023,R2,5,19,0.72
U0023,R2,5,20,0.12
U0023,R2,5,21,0.04
U0023,R2,5,22,0.09
U0023,R2,5,23,0.09
U0023,R2,6,0,0.15
U0023,R2,6,1,0.15
U0023,R2,6,2,0.18
U0023,R2,6,3,0.23
U0023,R2,6,4,0.15
U0023,R2,6,5,0.15
U0023,R2,6,6,0.21
U0023,R2,6,7,0.83
U0023,R2,6,8,0.78
U0023,R2,6,9,0.75
U0023,R2,6,10,0.43
U0023,R2,6,11,0.37
U0023,R2,6,12,0.4
U0023,R2,6,13,0.4
U0023,R2,6,14,0.43
U0023,R2,6,15,0.37
U0023,R2,6,16,0.45
U0023,R2,6,17,0.78
U0023,R2,6,18,0.78
U0023,R2,6,19,0.75
U0023,R2,6,20,0.15
U0023,R2,6,21,0.18
U0023,R2,6,22,0.18
U0023,R2,6,23,0.15
U0023,R2,7,0,0.2
U0023,R2,7,1,0.25
U0023,R2,7,2,0.25
U0023,R2,7,3,0.17
U0023,R2,7,4,0.17
U0023,R2,7,5,0.2
U0023,R2,7,6,0.25
U0023,R2,7,7,0.77
U0023,R2,7,8,0.77
U0023,R2,7,9,0.77
U0023,R2,7,10,0.47
U0023,R2,7,11,0.47
U0023,R2,7,12,0.39
U0023,R2,7,13,0.39
U0023,R2,7,14,0.47
U0023,R2,7,15,0.47
U0023,R2,7,16,0.42
U0023,R2,7,17,0.77
U0023,R2,7,18,0.82
U0023,R2,7,19,0.85
U0023,R2,7,20,0.2
U0023,R2,7,21,0.2
U0023,R2,7,22,0.22
U0023,R2,7,23,0.17
U0024,R2,1,0,0.09
U0024,R2,1,1,0.06
U0024,R2,1,2,0.12
U0024,R2,1,3,0.14
U0024,R2,1,4,0.09
U0024,R2,1,5,0.09
U0024,R2,1,6,0.12
U0024,R2,1,7,0.66
U0024,R2,1,8,0.69
U0024,R2,1,9,0.69
U0024,R2,1,10,0.31
U0024,R2,1,11,0.28
U0024,R2,1,12,0.28
U0024,R2,1,13,0.31
U0024,R2,1,14,0.31
U0024,R2,1,15,0.28
U0024,R2,1,16,0.28
U0024,R2,1,17,0.66
U0024,R2,1,18,0.69
U0024,R2,1,19,0.74
U0024,R2,1,20,0.06
U0024,R2,1,21,0.06
U0024,R2,1,22,0.09
U0024,R2,1,23,0.09
U0024,R2,2,0,0.08
U0024,R2,2,1,0.14
U0024,R2,2,2,0.14
U0024,R2,2,3,0.05
U0024,R2,2,4,0.11
U0024,R2,2,5,0.14
U0024,R2,2,6,0.14
U0024,R2,2,7,0.68
U0024,R2,2,8,0.71
U0024,R2,2,9,0.71
U0024,R2,2,10,0.36
U0024,R2,2,11,0.36
U0024,R2,2,12,0.33
U0024,R2,2,13,0.33
U0024,R2,2,14,0.33
U0024,R2,2,15,0.36
U0024,R2,2,16,0.3
U0024,R2,2,17,0.71
U0024,R2,2,18,0.71
U0024,R2,2,19,0.74
U0024,R2,2,20,0.08
U0024,R2,2,21,0.14
U0024,R2,2,22,0.11
U0024,R2,2,23,0.06
U0024,R2,3,0,0.06
U0024,R2,3,1,0.11
U0024,R2,3,2,0.06
U0024,R2,3,3,0.09
U0024,R2,3,4,0.09
U0024,R2,3,5,0.11
U0024,R2,3,6,0.06
U0024,R2,3,7,0.74
U0024,R2,3,8,0.69
U0024,R2,3,9,0.74
U0024,R2,3,10,0.28
U0024,R2,3,11,0.28
U0024,R2,3,12,0.31
U0024,R2,3,13,0.36
U0024,R2,3,14,0.36
U0024,R2,3,15,0.28
U0024,R2,3,16,0.28
U0024,R2,3,17,0.74
U0024,R2,3,18,0.74
U0024,R2,3,19,0.66
U0024,R2,3,20,0.06
U0024,R2,3,21,0.11
U0024,R2,3,22,0.14
U0024,R2,3,23,0.14
U0024,R2,4,0,0.13
U0024,R2,4,1,0.05
U0024,R2,4,2,0.05
U0024,R2,4,3,0.08
U0024,R2,4,4,0.13
U0024,R2,4,5,0.08
U0024,R2,4,6,0.05
U0024,R2,4,7,0.71
U0024,R2,4,8,0.73
U0024,R2,4,9,0.73
U0024,R2,4,10,0.27
U0024,R2,4,11,0.33
U0024,R2,4,12,0.27
U0024,R2,4,13,0.35
U0024,R2,4,14,0.3
U0024,R2,4,15,0.33
U0024,R2,4,16,0.27
U0024,R2,4,17,0.73
U0024,R2,4,18,0.68
U0024,R2,4,19,0.68
U0024,R2,4,20,0.05
U0024,R2,4,21,0.05
U0024,R2,4,22,0.08
U0024,R2,4,23,0.08
U0024,R2,5,0,0.11
U0024,R2,5,1,0.08
U0024,R2,5,2,0.08
U0024,R2,5,3,0.11
U0024,R2,5,4,0.11
U0024,R2,5,5,0.08
U0024,R2,5,6,0.08
U0024,R2,5,7,0.74
U0024,R2,5,8,0.71
U0024,R2,5,9,0.65
U0024,R2,5,10,0.3
U0024,R2,5,11,0.3
U0024,R2,5,12,0.36
U0024,R2,5,13,0.27
U0024,R2,5,14,0.33
U0024,R2,5,15,0.3
U0024,R2,5,16,0.36
U0024,R2,5,17,0.71
U0024,R2,5,18,0.71
U0024,R2,5,19,0.71
U0024,R2,5,20,0.14
U0024,R2,5,21,0.14
U0024,R2,5,22,0.11
U0024,R2,5,23,0.11
U0024,R2,6,0,0.2
U0024,R2,6,1,0.23
U0024,R2,6,2,0.23
U0024,R2,6,3,0.2
U0024,R2,6,4,0.2
U0024,R2,6,5,0.23
U0024,R2,6,6,0.23
U0024,R2,6,7,0.77
U0024,R2,6,8,0.8
U0024,R2,6,9,0.8
U0024,R2,6,10,0.45
U0024,R2,6,11,0.39
U0024,R2,6,12,0.42
U0024,R2,6,13,0.42
U0024,R2,6,14,0.42
U0024,R2,6,15,0.45
U0024,R2,6,16,0.39
U0024,R2,6,17,0.8
U0024,R2,6,18,0.8
U0024,R2,6,19,0.83
U0024,R2,6,20,0.17
U0024,R2,6,21,0.23
U0024,R2,6,22,0.2
U0024,R2,6,23,0.15
U0024,R2,7,0,0.2
U0024,R2,7,1,0.15
U0024,R2,7,2,0.15
U0024,R2,7,3,0.18
U0024,R2,7,4,0.23
U0024,R2,7,5,0.15
U0024,R2,7,6,0.15
U0024,R2,7,7,0.75
U0024,R2,7,8,0.78
U0024,R2,7,9,0.83
U0024,R2,7,10,0.37
U0024,R2,7,11,0.37
U0024,R2,7,12,0.4
U0024,R2,7,13,0.45
U0024,R2,7,14,0.45
U0024,R2,7,15,0.37
U0024,R2,7,16,0.37
U0024,R2,7,17,0.83
U0024,R2,7,18,0.83
U0024,R2,7,19,0.75
U0024,R2,7,20,0.15
U0024,R2,7,21,0.2
U0024,R2,7,22,0.23
U0024,R2,7,23,0.18
U0025,R1,1,0,0.1
U0025,R1,1,1,0.04
U0025,R1,1,2,0.1
U0025,R1,1,3,0.07
U0025,R1,1,4,0.13
U0025,R1,1,5,0.1
U0025,R1,1,6,0.1
U0025,R1,1,7,0.67
U0025,R1,1,8,0.73
U0025,R1,1,9,0.73
U0025,R1,1,10,0.32
U0025,R1,1,11,0.32
U0025,R1,1,12,0.35
U0025,R1,1,13,0.35
U0025,R1,1,14,0.29
U0025,R1,1,15,0.32
U0025,R1,1,16,0.32
U0025,R1,1,17,0.73
U0025,R1,1,18,0.67
U0025,R1,1,19,0.7
U0025,R1,1,20,0.1
U0025,R1,1,21,0.1
U0025,R1,1,22,0.07
U0025,R1,1,23,0.07
U0025,R1,2,0,0.06
U0025,R1,2,1,0.09
U0025,R1,2,2,0.09
U0025,R1,2,3,0.12
U0025,R1,2,4,0.06
U0025,R1,2,5,0.06
U0025,R1,2,6,0.09
U0025,R1,2,7,0.69
U0025,R1,2,8,0.72
U0025,R1,2,9,0.66
U0025,R1,2,10,0.31
U0025,R1,2,11,0.31
U0025,R1,2,12,0.26
U0025,R1,2,13,0.28
U0025,R1,2,14,0.34
U0025,R1,2,15,0.31
U0025,R1,2,16,0.26
U0025,R1,2,17,0.66
U0025,R1,2,18,0.72
U0025,R1,2,19,0.72
U0025,R1,2,20,0.04
U0025,R1,2,21,0.09
U0025,R1,2,22,0.06
U0025,R1,2,23,0.12
U0025,R1,3,0,0.04
U0025,R1,3,1,0.07
U0025,R1,3,2,0.12
U0025,R1,3,3,0.04
U0025,R1,3,4,0.04
U0025,R1,3,5,0.07
U0025,R1,3,6,0.12
U0025,R1,3,7,0.72
U0025,R1,3,8,0.64
U0025,R1,3,9,0.64
U0025,R1,3,10,0.34
U0025,R1,3,11,0.34
U0025,R1,3,12,0.29
U0025,R1,3,13,0.26
U0025,R1,3,14,0.31
U0025,R1,3,15,0.34
U0025,R1,3,16,0.29
U0025,R1,3,17,0.64
U0025,R1,3,18,0.69
U0025,R1,3,19,0.64
U0025,R1,3,20,0.12
U0025,R1,3,21,0.07
U0025,R1,3,22,0.1
U0025,R1,3,23,0.04
U0025,R1,4,0,0.07
U0025,R1,4,1,0.1
U0025,R1,4,2,0.1
U0025,R1,4,3,0.07
U0025,R1,4,4,0.07
U0025,R1,4,5,0.1
U0025,R1,4,6,0.1
U0025,R1,4,7,0.64
U0025,R1,4,8,0.67
U0025,R1,4,9,0.67
U0025,R1,4,10,0.32
U0025,R1,4,11,0.32
U0025,R1,4,12,0.29
U0025,R1,4,13,0.29
U0025,R1,4,14,0.35
U0025,R1,4,15,0.32
U0025,R1,4,16,0.26
U0025,R1,4,17,0.67
U0025,R1,4,18,0.73
U0025,R1,4,19,0.73
U0025,R1,4,20,0.04
U0025,R1,4,21,0.1
U0025,R1,4,22,0.07
U0025,R1,4,23,0.13
U0025,R1,5,0,0.12
U0025,R1,5,1,0.09
U0025,R1,5,2,0.14
U0025,R1,5,3,0.06
U0025,R1,5,4,0.12
U0025,R1,5,5,0.12
U0025,R1,5,6,0.14
U0025,R1,5,7,0.69
U0025,R1,5,8,0.66
U0025,R1,5,9,0.72
U0025,R1,5,10,0.28
U0025,R1,5,11,0.31
U0025,R1,5,12,0.31
U0025,R1,5,13,0.34
U0025,R1,5,14,0.34
U0025,R1,5,15,0.31
U0025,R1,5,16,0.31
U0025,R1,5,17,0.69
U0025,R1,5,18,0.72
U0025,R1,5,19,0.66
U0025,R1,5,20,0.09
U0025,R1,5,21,0.09
U0025,R1,5,22,0.12
U0025,R1,5,23,0.06
U0025,R1,6,0,0.22
U0025,R1,6,1,0.17
U0025,R1,6,2,0.17
U0025,R1,6,3,0.19
U0025,R1,6,4,0.25
U0025,R1,6,5,0.22
U0025,R1,6,6,0.17
U0025,R1,6,7,0.79
U0025,R1,6,8,0.85
U0025,R1,6,9,0.85
U0025,R1,6,10,0.39
U0025,R1,6,11,0.44
U0025,R1,6,12,0.47
U0025,R1,6,13,0.47
U0025,R1,6,14,0.47
U0025,R1,6,15,0.44
U0025,R1,6,16,0.44
U0025,R1,6,17,0.85
U0025,R1,6,18,0.85
U0025,R1,6,19,0.82
U0025,R1,6,20,0.22
U0025,R1,6,21,0.22
U0025,R1,6,22,0.25
U0025,R1,6,23,0.19
U0025,R1,7,0,0.24
U0025,R1,7,1,0.21
U0025,R1,7,2,0.21
U0025,R1,7,3,0.24
U0025,R1,7,4,0.24
U0025,R1,7,5,0.19
U0025,R1,7,6,0.21
U0025,R1,7,7,0.81
U0025,R1,7,8,0.84
U0025,R1,7,9,0.79
U0025,R1,7,10,0.43
U0025,R1,7,11,0.43
U0025,R1,7,12,0.38
U0025,R1,7,13,0.46
U0025,R1,7,14,0.46
U0025,R1,7,15,0.43
U0025,R1,7,16,0.38
U0025,R1,7,17,0.84
U0025,R1,7,18,0.84
U0025,R1,7,19,0.84
U0025,R1,7,20,0.16
U0025,R1,7,21,0.16
U0025,R1,7,22,0.18
U0025,R1,7,23,0.24
U0026,R1,1,0,0.06
U0026,R1,1,1,0.06
U0026,R1,1,2,0.09
U0026,R1,1,3,0.14
U0026,R1,1,4,0.06
U0026,R1,1,5,0.06
U0026,R1,1,6,0.06
U0026,R1,1,7,0.74
U0026,R1,1,8,0.74
U0026,R1,1,9,0.66
U0026,R1,1,10,0.28
U0026,R1,1,11,0.36
U0026,R1,1,12,0.36
U0026,R1,1,13,0.31
U0026,R1,1,14,0.28
U0026,R1,1,15,0.33
U0026,R1,1,16,0.36
U0026,R1,1,17,0.69
U0026,R1,1,18,0.69
U0026,R1,1,19,0.71
U0026,R1,1,20,0.06
U0026,R1,1,21,0.09
U0026,R1,1,22,0.09
U0026,R1,1,23,0.12
U0026,R1,2,0,0.08
U0026,R1,2,1,0.11
U0026,R1,2,2,0.11
U0026,R1,2,3,0.05
U0026,R1,2,4,0.08
U0026,R1,2,5,0.08
U0026,R1,2,6,0.11
U0026,R1,2,7,0.65
U0026,R1,2,8,0.68
U0026,R1,2,9,0.68
U0026,R1,2,10,0.36
U0026,R1,2,11,0.33
U0026,R1,2,12,0.27
U0026,R1,2,13,0.3
U0026,R1,2,14,0.36
U0026,R1,2,15,0.33
U0026,R1,2,16,0.27
U0026,R1,2,17,0.71
U0026,R1,2,18,0.68
U0026,R1,2,19,0.74
U0026,R1,2,20,0.05
U0026,R1,2,21,0.11
U0026,R1,2,22,0.11
U0026,R1,2,23,0.14
U0026,R1,3,0,0.13
U0026,R1,3,1,0.13
U0026,R1,3,2,0.04
U0026,R1,3,3,0.1
U0026,R1,3,4,0.07
U0026,R1,3,5,0.13
U0026,R1,3,6,0.04
U0026,R1,3,7,0.7
U0026,R1,3,8,0.7
U0026,R1,3,9,0.73
U0026,R1,3,10,0.29
U0026,R1,3,11,0.32
U0026,R1,3,12,0.32
U0026,R1,3,13,0.32
U0026,R1,3,14,0.35
U0026,R1,3,15,0.29
U0026,R1,3,16,0.32
U0026,R1,3,17,0.7
U0026,R1,3,18,0.73
U0026,R1,3,19,0.67
U0026,R1,3,20,0.07
U0026,R1,3,21,0.1
U0026,R1,3,22,0.05
U0026,R1,3,23,0.07
U0026,R1,4,0,0.1
U0026,R1,4,1,0.05
U0026,R1,4,2,0.08
U0026,R1,4,3,0.08
U0026,R1,4,4,0.1
U0026,R1,4,5,0.05
U0026,R1,4,6,0.13
U0026,R1,4,7,0.68
U0026,R1,4,8,0.73
U0026,R1,4,9,0.65
U0026,R1,4,10,0.27
U0026,R1,4,11,0.3
U0026,R1,4,12,0.35
U0026,R1,4,13,0.27
U0026,R1,4,14,0.27
U0026,R1,4,15,0.27
U0026,R1,4,16,0.35
U0026,R1,4,17,0.73
U0026,R1,4,18,0.65
U0026,R1,4,19,0.65
U0026,R1,4,20,0.1
U0026,R1,4,21,0.13
U0026,R1,4,22,0.13
U0026,R1,4,23,0.05
U0026,R1,5,0,0.14
U0026,R1,5,1,0.05
U0026,R1,5,2,0.05
U0026,R1,5,3,0.11
U0026,R1,5,4,0.08
U0026,R1,5,5,0.08
U0026,R1,5,6,0.05
U0026,R1,5,7,0.71
U0026,R1,5,8,0.71
U0026,R1,5,9,0.68
U0026,R1,5,10,0.3
U0026,R1,5,11,0.33
U0026,R1,5,12,0.33
U0026,R1,5,13,0.35
U0026,R1,5,14,0.3
U0026,R1,5,15,0.3
U0026,R1,5,16,0.33
U0026,R1,5,17,0.71
U0026,R1,5,18,0.68
U0026,R1,5,19,0.68
U0026,R1,5,20,0.11
U0026,R1,5,21,0.11
U0026,R1,5,22,0.05
U0026,R1,5,23,0.08
U0026,R1,6,0,0.17
U0026,R1,6,1,0.2
U0026,R1,6,2,0.2
U0026,R1,6,3,0.25
U0026,R1,6,4,0.17
U0026,R1,6,5,0.17
U0026,R1,6,6,0.2
U0026,R1,6,7,0.85
U0026,R1,6,8,0.77
U0026,R1,6,9,0.77
U0026,R1,6,10,0.45
U0026,R1,6,11,0.47
U0026,R1,6,12,0.42
U0026,R1,6,13,0.39
U0026,R1,6,14,0.45
U0026,R1,6,15,0.45
U0026,R1,6,16,0.42
U0026,R1,6,17,0.8
U0026,R1,6,18,0.83
U0026,R1,6,19,0.83
U0026,R1,6,20,0.25
U0026,R1,6,21,0.2
U0026,R1,6,22,0.2
U0026,R1,6,23,0.23
U0026,R1,7,0,0.2
U0026,R1,7,1,0.23
U0026,R1,7,2,0.23
U0026,R1,7,3,0.23
U0026,R1,7,4,0.2
U0026,R1,7,5,0.2
U0026,R1,7,6,0.23
U0026,R1,7,7,0.83
U0026,R1,7,8,0.75
U0026,R1,7,9,0.8
U0026,R1,7,10,0.37
U0026,R1,7,11,0.45
U0026,R1,7,12,0.4
U0026,R1,7,13,0.42
U0026,R1,7,14,0.37
U0026,R1,7,15,0.45
U0026,R1,7,16,0.4
U0026,R1,7,17,0.83
U0026,R1,7,18,0.8
U0026,R1,7,19,0.75
U0026,R1,7,20,0.18
U0026,R1,7,21,0.23
U0026,R1,7,22,0.23
U0026,R1,7,23,0.15
U0027,R2,1,0,0.08
U0027,R2,1,1,0.08
U0027,R2,1,2,0.11
U0027,R2,1,3,0.05
U0027,R2,1,4,0.05
U0027,R2,1,5,0.08
U0027,R2,1,6,0.08
U0027,R2,1,7,0.65
U0027,R2,1,8,0.65
U0027,R2,1,9,0.68
U0027,R2,1,10,0.3
U0027,R2,1,11,0.35
U0027,R2,1,12,0.27
U0027,R2,1,13,0.33
U0027,R2,1,14,0.3
U0027,R2,1,15,0.36
U0027,R2,1,16,0.3
U0027,R2,1,17,0.65
U0027,R2,1,18,0.71
U0027,R2,1,19,0.74
U0027,R2,1,20,0.08
U0027,R2,1,21,0.05
U0027,R2,1,22,0.11
U0027,R2,1,23,0.11
U0027,R2,2,0,0.12
U0027,R2,2,1,0.06
U0027,R2,2,2,0.14
U0027,R2,2,3,0.09
U0027,R2,2,4,0.09
U0027,R2,2,5,0.06
U0027,R2,2,6,0.06
U0027,R2,2,7,0.69
U0027,R2,2,8,0.69
U0027,R2,2,9,0.66
U0027,R2,2,10,0.28
U0027,R2,2,11,0.28
U0027,R2,2,12,0.31
U0027,R2,2,13,0.36
U0027,R2,2,14,0.28
U0027,R2,2,15,0.28
U0027,R2,2,16,0.31
U0027,R2,2,17,0.69
U0027,R2,2,18,0.74
U0027,R2,2,19,0.66
U0027,R2,2,20,0.12
U0027,R2,2,21,0.09
U0027,R2,2,22,0.14
U0027,R2,2,23,0.09
U0027,R2,3,0,0.09
U0027,R2,3,1,0.04
U0027,R2,3,2,0.06
U0027,R2,3,3,0.12
U0027,R2,3,4,0.09
U0027,R2,3,5,0.04
U0027,R2,3,6,0.04
U0027,R2,3,7,0.72
U0027,R2,3,8,0.72
U0027,R2,3,9,0.64
U0027,R2,3,10,0.26
U0027,R2,3,11,0.31
U0027,R2,3,12,0.34
U0027,R2,3,13,0.34
U0027,R2,3,14,0.26
U0027,R2,3,15,0.31
U0027,R2,3,16,0.34
U0027,R2,3,17,0.72
U0027,R2,3,18,0.67
U0027,R2,3,19,0.69
U0027,R2,3,20,0.09
U0027,R2,3,21,0.12
U0027,R2,3,22,0.12
U0027,R2,3,23,0.09
U0027,R2,4,0,0.12
U0027,R2,4,1,0.07
U0027,R2,4,2,0.04
U0027,R2,4,3,0.1
U0027,R2,4,4,0.12
U0027,R2,4,5,0.07
U0027,R2,4,6,0.07
U0027,R2,4,7,0.7
U0027,R2,4,8,0.64
U0027,R2,4,9,0.67
U0027,R2,4,10,0.29
U0027,R2,4,11,0.32
U0027,R2,4,12,0.26
U0027,R2,4,13,0.26
U0027,R2,4,14,0.29
U0027,R2,4,15,0.29
U0027,R2,4,16,0.26
U0027,R2,4,17,0.64
U0027,R2,4,18,0.64
U0027,R2,4,19,0.67
U0027,R2,4,20,0.13
U0027,R2,4,21,0.04
U0027,R2,4,22,0.04
U0027,R2,4,23,0.07
U0027,R2,5,0,0.06
U0027,R2,5,1,0.06
U0027,R2,5,2,0.09
U0027,R2,5,3,0.14
U0027,R2,5,4,0.14
U0027,R2,5,5,0.06
U0027,R2,5,6,0.12
U0027,R2,5,7,0.74
U0027,R2,5,8,0.74
U0027,R2,5,9,0.69
U0027,R2,5,10,0.28
U0027,R2,5,11,0.28
U0027,R2,5,12,0.36
U0027,R2,5,13,0.31
U0027,R2,5,14,0.28
U0027,R2,5,15,0.28
U0027,R2,5,16,0.28
U0027,R2,5,17,0.69
U0027,R2,5,18,0.69
U0027,R2,5,19,0.71
U0027,R2,5,20,0.06
U0027,R2,5,21,0.09
U0027,R2,5,22,0.09
U0027,R2,5,23,0.09
U0027,R2,6,0,0.19
U0027,R2,6,1,0.19
U0027,R2,6,2,0.22
U0027,R2,6,3,0.16
U0027,R2,6,4,0.19
U0027,R2,6,5,0.19
U0027,R2,6,6,0.22
U0027,R2,6,7,0.76
U0027,R2,6,8,0.82
U0027,R2,6,9,0.79
U0027,R2,6,10,0.47
U0027,R2,6,11,0.44
U0027,R2,6,12,0.38
U0027,R2,6,13,0.44
U0027,R2,6,14,0.47
U0027,R2,6,15,0.47
U0027,R2,6,16,0.38
U0027,R2,6,17,0.82
U0027,R2,6,18,0.85
U0027,R2,6,19,0.85
U0027,R2,6,20,0.19
U0027,R2,6,21,0.22
U0027,R2,6,22,0.22
U0027,R2,6,23,0.25
U0027,R2,7,0,0.24
U0027,R2,7,1,0.24
U0027,R2,7,2,0.15
U0027,R2,7,3,0.21
U0027,R2,7,4,0.21
U0027,R2,7,5,0.24
U0027,R2,7,6,0.18
U0027,R2,7,7,0.81
U0027,R2,7,8,0.81
U0027,R2,7,9,0.84
U0027,R2,7,10,0.4
U0027,R2,7,11,0.4
U0027,R2,7,12,0.43
U0027,R2,7,13,0.43
U0027,R2,7,14,0.46
U0027,R2,7,15,0.4
U0027,R2,7,16,0.43
U0027,R2,7,17,0.81
U0027,R2,7,18,0.76
U0027,R2,7,19,0.78
U0027,R2,7,20,0.24
U0027,R2,7,21,0.21
U0027,R2,7,22,0.16
U0027,R2,7,23,0.21
U0028,R2,1,0,0.05
U0028,R2,1,1,0.13
U0028,R2,1,2,0.13
U0028,R2,1,3,0.05
U0028,R2,1,4,0.05
U0028,R2,1,5,0.11
U0028,R2,1,6,0.13
U0028,R2,1,7,0.68
U0028,R2,1,8,0.65
U0028,R2,1,9,0.71
U0028,R2,1,10,0.35
U0028,R2,1,11,0.35
U0028,R2,1,12,0.3
U0028,R2,1,13,0.33
U0028,R2,1,14,0.27
U0028,R2,1,15,0.35
U0028,R2,1,16,0.3
U0028,R2,1,17,0.65
U0028,R2,1,18,0.65
U0028,R2,1,19,0.65
U0028,R2,1,20,0.08
U0028,R2,1,21,0.08
U0028,R2,1,22,0.05
U0028,R2,1,23,0.05
U0028,R2,2,0,0.08
U0028,R2,2,1,0.11
U0028,R2,2,2,0.11
U0028,R2,2,3,0.08
U0028,R2,2,4,0.08
U0028,R2,2,5,0.11
U0028,R2,2,6,0.11
U0028,R2,2,7,0.65
U0028,R2,2,8,0.68
U0028,R2,2,9,0.68
U0028,R2,2,10,0.33
U0028,R2,2,11,0.27
U0028,R2,2,12,0.33
U0028,R2,2,13,0.3
U0028,R2,2,14,0.36
U0028,R2,2,15,0.27
U0028,R2,2,16,0.33
U0028,R2,2,17,0.68
U0028,R2,2,18,0.74
U0028,R2,2,19,0.74
U0028,R2,2,20,0.11
U0028,R2,2,21,0.11
U0028,R2,2,22,0.14
U0028,R2,2,23,0.14
U0028,R2,3,0,0.13
U0028,R2,3,1,0.05
U0028,R2,3,2,0.1
U0028,R2,3,3,0.07
U0028,R2,3,4,0.13
U0028,R2,3,5,0.13
U0028,R2,3,6,0.1
U0028,R2,3,7,0.7
U0028,R2,3,8,0.73
U0028,R2,3,9,0.73
U0028,R2,3,10,0.29
U0028,R2,3,11,0.32
U0028,R2,3,12,0.32
U0028,R2,3,13,0.35
U0028,R2,3,14,0.29
U0028,R2,3,15,0.32
U0028,R2,3,16,0.32
U0028,R2,3,17,0.7
U0028,R2,3,18,0.67
U0028,R2,3,19,0.67
U0028,R2,3,20,0.1
U0028,R2,3,21,0.1
U0028,R2,3,22,0.13
U0028,R2,3,23,0.07
U0028,R2,4,0,0.12
U0028,R2,4,1,0.07
U0028,R2,4,2,0.12
U0028,R2,4,3,0.04
U0028,R2,4,4,0.04
U0028,R2,4,5,0.07
U0028,R2,4,6,0.12
U0028,R2,4,7,0.72
U0028,R2,4,8,0.64
U0028,R2,4,9,0.64
U0028,R2,4,10,0.29
U0028,R2,4,11,0.34
U0028,R2,4,12,0.26
U0028,R2,4,13,0.26
U0028,R2,4,14,0.26
U0028,R2,4,15,0.34
U0028,R2,4,16,0.34
U0028,R2,4,17,0.64
U0028,R2,4,18,0.64
U0028,R2,4,19,0.72
U0028,R2,4,20,0.12
U0028,R2,4,21,0.07
U0028,R2,4,22,0.04
U0028,R2,4,23,0.09
U0028,R2,5,0,0.14
U0028,R2,5,1,0.11
U0028,R2,5,2,0.11
U0028,R2,5,3,0.14
U0028,R2,5,4,0.14
U0028,R2,5,5,0.14
U0028,R2,5,6,0.11
U0028,R2,5,7,0.66
U0028,R2,5,8,0.74
U0028,R2,5,9,0.69
U0028,R2,5,10,0.33
U0028,R2,5,11,0.28
U0028,R2,5,12,0.28
U0028,R2,5,13,0.31
U0028,R2,5,14,0.36
U0028,R2,5,15,0.33
U0028,R2,5,16,0.28
U0028,R2,5,17,0.69
U0028,R2,5,18,0.74
U0028,R2,5,19,0.74
U0028,R2,5,20,0.06
U0028,R2,5,21,0.06
U0028,R2,5,22,0.14
U0028,R2,5,23,0.14
U0028,R2,6,0,0.17
U0028,R2,6,1,0.2
U0028,R2,6,2,0.2
U0028,R2,6,3,0.17
U0028,R2,6,4,0.17
U0028,R2,6,5,0.23
U0028,R2,6,6,0.2
U0028,R2,6,7,0.85
U0028,R2,6,8,0.77
U0028,R2,6,9,0.83
U0028,R2,6,10,0.42
U0028,R2,6,11,0.47
U0028,R2,6,12,0.42
U0028,R2,6,13,0.45
U0028,R2,6,14,0.45
U0028,R2,6,15,0.47
U0028,R2,6,16,0.42
U0028,R2,6,17,0.77
U0028,R2,6,18,0.83
U0028,R2,6,19,0.77
U0028,R2,6,20,0.2
U0028,R2,6,21,0.2
U0028,R2,6,22,0.23
U0028,R2,6,23,0.23
U0028,R2,7,0,0.2
U0028,R2,7,1,0.23
U0028,R2,7,2,0.23
U0028,R2,7,3,0.15
U0028,R2,7,4,0.2
U0028,R2,7,5,0.23
U0028,R2,7,6,0.23
U0028,R2,7,7,0.78
U0028,R2,7,8,0.8
U0028,R2,7,9,0.8
U0028,R2,7,10,0.45
U0028,R2,7,11,0.4
U0028,R2,7,12,0.45
U0028,R2,7,13,0.42
U0028,R2,7,14,0.37
U0028,R2,7,15,0.45
U0028,R2,7,16,0.4
U0028,R2,7,17,0.8
U0028,R2,7,18,0.75
U0028,R2,7,19,0.75
U0028,R2,7,20,0.18
U0028,R2,7,21,0.23
U0028,R2,7,22,0.15
U0028,R2,7,23,0.15
U0029,R1,1,0,0.04
U0029,R1,1,1,0.1
U0029,R1,1,2,0.12
U0029,R1,1,3,0.07
U0029,R1,1,4,0.04
U0029,R1,1,5,0.1
U0029,R1,1,6,0.04
U0029,R1,1,7,0.67
U0029,R1,1,8,0.67
U0029,R1,1,9,0.7
U0029,R1,1,10,0.26
U0029,R1,1,11,0.26
U0029,R1,1,12,0.29
U0029,R1,1,13,0.29
U0029,R1,1,14,0.32
U0029,R1,1,15,0.26
U0029,R1,1,16,0.29
U0029,R1,1,17,0.67
U0029,R1,1,18,0.67
U0029,R1,1,19,0.64
U0029,R1,1,20,0.04
U0029,R1,1,21,0.07
U0029,R1,1,22,0.07
U0029,R1,1,23,0.04
U0029,R1,2,0,0.12
U0029,R1,2,1,0.09
U0029,R1,2,2,0.04
U0029,R1,2,3,0.09
U0029,R1,2,4,0.12
U0029,R1,2,5,0.12
U0029,R1,2,6,0.04
U0029,R1,2,7,0.69
U0029,R1,2,8,0.66
U0029,R1,2,9,0.72
U0029,R1,2,10,0.34
U0029,R1,2,11,0.31
U0029,R1,2,12,0.31
U0029,R1,2,13,0.34
U0029,R1,2,14,0.34
U0029,R1,2,15,0.28
U0029,R1,2,16,0.31
U0029,R1,2,17,0.69
U0029,R1,2,18,0.72
U0029,R1,2,19,0.66
U0029,R1,2,20,0.09
U0029,R1,2,21,0.09
U0029,R1,2,22,0.04
U0029,R1,2,23,0.06
U0029,R1,3,0,0.11
U0029,R1,3,1,0.05
U0029,R1,3,2,0.08
U0029,R1,3,3,0.08
U0029,R1,3,4,0.11
U0029,R1,3,5,0.11
U0029,R1,3,6,0.11
U0029,R1,3,7,0.68
U0029,R1,3,8,0.74
U0029,R1,3,9,0.71
U0029,R1,3,10,0.27
U0029,R1,3,11,0.3
U0029,R1,3,12,0.36
U0029,R1,3,13,0.36
U0029,R1,3,14,0.27
U0029,R1,3,15,0.33
U0029,R1,3,16,0.3
U0029,R1,3,17,0.74
U0029,R1,3,18,0.65
U0029,R1,3,19,0.71
U0029,R1,3,20,0.11
U0029,R1,3,21,0.14
U0029,R1,3,22,0.08
U0029,R1,3,23,0.11
U0029,R1,4,0,0.14
U0029,R1,4,1,0.14
U0029,R1,4,2,0.06
U0029,R1,4,3,0.11
U0029,R1,4,4,0.14
U0029,R1,4,5,0.14
U0029,R1,4,6,0.06
U0029,R1,4,7,0.71
U0029,R1,4,8,0.71
U0029,R1,4,9,0.74
U0029,R1,4,10,0.31
U0029,R1,4,11,0.33
U0029,R1,4,12,0.33
U0029,R1,4,13,0.28
U0029,R1,4,14,0.31
U0029,R1,4,15,0.36
U0029,R1,4,16,0.33
U0029,R1,4,17,0.66
U0029,R1,4,18,0.74
U0029,R1,4,19,0.69
U0029,R1,4,20,0.14
U0029,R1,4,21,0.06
U0029,R1,4,22,0.06
U0029,R1,4,23,0.09
U0029,R1,5,0,0.08
U0029,R1,5,1,0.08
U0029,R1,5,2,0.1
U0029,R1,5,3,0.05
U0029,R1,5,4,0.05
U0029,R1,5,5,0.08
U0029,R1,5,6,0.13
U0029,R1,5,7,0.65
U0029,R1,5,8,0.65
U0029,R1,5,9,0.68
U0029,R1,5,10,0.35
U0029,R1,5,11,0.35
U0029,R1,5,12,0.27
U0029,R1,5,13,0.27
U0029,R1,5,14,0.35
U0029,R1,5,15,0.35
U0029,R1,5,16,0.27
U0029,R1,5,17,0.65
U0029,R1,5,18,0.7
U0029,R1,5,19,0.73
U0029,R1,5,20,0.13
U0029,R1,5,21,0.05
U0029,R1,5,22,0.11
U0029,R1,5,23,0.05
U0029,R1,6,0,0.21
U0029,R1,6,1,0.21
U0029,R1,6,2,0.18
U0029,R1,6,3,0.18
U0029,R1,6,4,0.21
U0029,R1,6,5,0.21
U0029,R1,6,6,0.23
U0029,R1,6,7,0.78
U0029,R1,6,8,0.78
U0029,R1,6,9,0.81
U0029,R1,6,10,0.43
U0029,R1,6,11,0.4
U0029,R1,6,12,0.4
U0029,R1,6,13,0.43
U0029,R1,6,14,0.43
U0029,R1,6,15,0.37
U0029,R1,6,16,0.4
U0029,R1,6,17,0.78
U0029,R1,6,18,0.81
U0029,R1,6,19,0.75
U0029,R1,6,20,0.18
U0029,R1,6,21,0.18
U0029,R1,6,22,0.24
U0029,R1,6,23,0.15
U0029,R1,7,0,0.2
U0029,R1,7,1,0.25
U0029,R1,7,2,0.17
U0029,R1,7,3,0.17
U0029,R1,7,4,0.2
U0029,R1,7,5,0.25
U0029,R1,7,6,0.2
U0029,R1,7,7,0.77
U0029,R1,7,8,0.83
U0029,R1,7,9,0.85
U0029,R1,7,10,0.42
U0029,R1,7,11,0.39
U0029,R1,7,12,0.45
U0029,R1,7,13,0.45
U0029,R1,7,14,0.42
U0029,R1,7,15,0.42
U0029,R1,7,16,0.45
U0029,R1,7,17,0.83
U0029,R1,7,18,0.77
U0029,R1,7,19,0.8
U0029,R1,7,20,0.2
U0029,R1,7,21,0.23
U0029,R1,7,22,0.17
U0029,R1,7,23,0.2
U0030,R1,1,0,0.07
U0030,R1,1,1,0.07
U0030,R1,1,2,0.07
U0030,R1,1,3,0.04
U0030,R1,1,4,0.04
U0030,R1,1,5,0.07
U0030,R1,1,6,0.07
U0030,R1,1,7,0.7
U0030,R1,1,8,0.64
U0030,R1,1,9,0.64
U0030,R1,1,10,0.29
U0030,R1,1,11,0.29
U0030,R1,1,12,0.26
U0030,R1,1,13,0.26
U0030,R1,1,14,0.29
U0030,R1,1,15,0.29
U0030,R1,1,16,0.34
U0030,R1,1,17,0.64
U0030,R1,1,18,0.7
U0030,R1,1,19,0.67
U0030,R1,1,20,0.12
U0030,R1,1,21,0.07
U0030,R1,1,22,0.1
U0030,R1,1,23,0.1
U0030,R1,2,0,0.05
U0030,R1,2,1,0.1
U0030,R1,2,2,0.07
U0030,R1,2,3,0.13
U0030,R1,2,4,0.13
U0030,R1,2,5,0.1
U0030,R1,2,6,0.1
U0030,R1,2,7,0.73
U0030,R1,2,8,0.73
U0030,R1,2,9,0.67
U0030,R1,2,10,0.32
U0030,R1,2,11,0.32
U0030,R1,2,12,0.35
U0030,R1,2,13,0.29
U0030,R1,2,14,0.32
U0030,R1,2,15,0.32
U0030,R1,2,16,0.27
U0030,R1,2,17,0.67
U0030,R1,2,18,0.67
U0030,R1,2,19,0.7
U0030,R1,2,20,0.05
U0030,R1,2,21,0.13
U0030,R1,2,22,0.07
U0030,R1,2,23,0.13
U0030,R1,3,0,0.12
U0030,R1,3,1,0.09
U0030,R1,3,2,0.04
U0030,R1,3,3,0.12
U0030,R1,3,4,0.06
U0030,R1,3,5,0.09
U0030,R1,3,6,0.04
U0030,R1,3,7,0.64
U0030,R1,3,8,0.66
U0030,R1,3,9,0.72
U0030,R1,3,10,0.31
U0030,R1,3,11,0.26
U0030,R1,3,12,0.28
U0030,R1,3,13,0.34
U0030,R1,3,14,0.34
U0030,R1,3,15,0.26
U0030,R1,3,16,0.31
U0030,R1,3,17,0.72
U0030,R1,3,18,0.72
U0030,R1,3,19,0.72
U0030,R1,3,20,0.04
U0030,R1,3,21,0.09
U0030,R1,3,22,0.12
U0030,R1,3,23,0.12
U0030,R1,4,0,0.11
U0030,R1,4,1,0.11
U0030,R1,4,2,0.14
U0030,R1,4,3,0.09
U0030,R1,4,4,0.14
U0030,R1,4,5,0.11
U0030,R1,4,6,0.06
U0030,R1,4,7,0.74
U0030,R1,4,8,0.74
U0030,R1,4,9,0.71
U0030,R1,4,10,0.28
U0030,R1,4,11,0.28
U0030,R1,4,12,0.31
U0030,R1,4,13,0.36
U0030,R1,4,14,0.28
U0030,R1,4,15,0.28
U0030,R1,4,16,0.31
U0030,R1,4,17,0.74
U0030,R1,4,18,0.74
U0030,R1,4,19,0.66
U0030,R1,4,20,0.06
U0030,R1,4,21,0.14
U0030,R1,4,22,0.14
U0030,R1,4,23,0.14
U0030,R1,5,0,0.05
U0030,R1,5,1,0.05
U0030,R1,5,2,0.05
U0030,R1,5,3,0.13
U0030,R1,5,4,0.13
U0030,R1,5,5,0.05
U0030,R1,5,6,0.05
U0030,R1,5,7,0.73
U0030,R1,5,8,0.73
U0030,R1,5,9,0.73
U0030,R1,5,10,0.27
U0030,R1,5,11,0.33
U0030,R1,5,12,0.35
U0030,R1,5,13,0.35
U0030,R1,5,14,0.3
U0030,R1,5,15,0.27
U0030,R1,5,16,0.27
U0030,R1,5,17,0.73
U0030,R1,5,18,0.68
U0030,R1,5,19,0.65
U0030,R1,5,20,0.05
U0030,R1,5,21,0.05
U0030,R1,5,22,0.08
U0030,R1,5,23,0.08
U0030,R1,6,0,0.24
U0030,R1,6,1,0.19
U0030,R1,6,2,0.19
U0030,R1,6,3,0.22
U0030,R1,6,4,0.22
U0030,R1,6,5,0.19
U0030,R1,6,6,0.19
U0030,R1,6,7,0.82
U0030,R1,6,8,0.82
U0030,R1,6,9,0.76
U0030,R1,6,10,0.41
U0030,R1,6,11,0.41
U0030,R1,6,12,0.44
U0030,R1,6,13,0.38
U0030,R1,6,14,0.41
U0030,R1,6,15,0.41
U0030,R1,6,16,0.47
U0030,R1,6,17,0.76
U0030,R1,6,18,0.82
U0030,R1,6,19,0.79
U0030,R1,6,20,0.25
U0030,R1,6,21,0.19
U0030,R1,6,22,0.22
U0030,R1,6,23,0.22
U0030,R1,7,0,0.17
U0030,R1,7,1,0.17
U0030,R1,7,2,0.19
U0030,R1,7,3,0.25
U0030,R1,7,4,0.25
U0030,R1,7,5,0.17
U0030,R1,7,6,0.22
U0030,R1,7,7,0.85
U0030,R1,7,8,0.85
U0030,R1,7,9,0.85
U0030,R1,7,10,0.44
U0030,R1,7,11,0.44
U0030,R1,7,12,0.47
U0030,R1,7,13,0.47
U0030,R1,7,14,0.44
U0030,R1,7,15,0.44
U0030,R1,7,16,0.39
U0030,R1,7,17,0.85
U0030,R1,7,18,0.8
U0030,R1,7,19,0.82
U0030,R1,7,20,0.17
U0030,R1,7,21,0.25
U0030,R1,7,22,0.2
U0030,R1,7,23,0.25
