event_id,plate_hash,region_id,event_type,event_ts
EVT-00000001,plate_R1_001,R1,out,2026-01-01T00:00:00
EVT-00000002,plate_R1_002,R1,out,2026-01-01T00:00:00
EVT-00000003,plate_R2_003,R2,out,2026-01-01T00:00:00
EVT-00000004,plate_R2_004,R2,out,2026-01-01T00:00:00
EVT-00000005,plate_R3_005,R3,out,2026-01-01T00:00:00
EVT-00000006,plate_R3_006,R3,out,2026-01-01T00:00:00
EVT-00000007,plate_R1_007,R1,out,2026-01-01T00:15:00
EVT-00000008,plate_R1_008,R1,out,2026-01-01T00:15:00
EVT-00000009,plate_R2_009,R2,out,2026-01-01T00:15:00
EVT-00000010,plate_R2_010,R2,out,2026-01-01T00:15:00
EVT-00000011,plate_R3_011,R3,out,2026-01-01T00:15:00
EVT-00000012,plate_R3_012,R3,out,2026-01-01T00:15:00
EVT-00000013,plate_R1_013,R1,out,2026-01-01T00:30:00
EVT-00000014,plate_R1_014,R1,out,2026-01-01T00:30:00
EVT-00000015,plate_R2_015,R2,out,2026-01-01T00:30:00
EVT-00000016,plate_R2_016,R2,out,2026-01-01T00:30:00
EVT-00000017,plate_R3_017,R3,out,2026-01-01T00:30:00
EVT-00000018,plate_R3_018,R3,out,2026-01-01T00:30:00
EVT-00000019,plate_R1_019,R1,out,2026-01-01T00:45:00
EVT-00000020,plate_R1_020,R1,out,2026-01-01T00:45:00
EVT-00000021,plate_R2_021,R2,out,2026-01-01T00:45:00
EVT-00000022,plate_R2_022,R2,out,2026-01-01T00:45:00
EVT-00000023,plate_R3_023,R3,out,2026-01-01T00:45:00
EVT-00000024,plate_R3_024,R3,out,2026-01-01T00:45:00
EVT-00000025,plate_R1_025,R1,out,2026-01-01T01:00:00
EVT-00000026,plate_R1_026,R1,out,2026-01-01T01:00:00
EVT-00000027,plate_R2_027,R2,out,2026-01-01T01:00:00
EVT-00000028,plate_R2_028,R2,out,2026-01-01T01:00:00
EVT-00000029,plate_R3_029,R3,out,2026-01-01T01:00:00
EVT-00000030,plate_R3_030,R3,out,2026-01-01T01:00:00
EVT-00000031,plate_R1_031,R1,out,2026-01-01T01:15:00
EVT-00000032,plate_R1_032,R1,out,2026-01-01T01:15:00
EVT-00000033,plate_R2_033,R2,out,2026-01-01T01:15:00
EVT-00000034,plate_R2_034,R2,out,2026-01-01T01:15:00
EVT-00000035,plate_R3_035,R3,out,2026-01-01T01:15:00
EVT-00000036,plate_R3_036,R3,out,2026-01-01T01:15:00
EVT-00000037,plate_R1_037,R1,out,2026-01-01T01:30:00
EVT-00000038,plate_R1_038,R1,out,2026-01-01T01:30:00
EVT-00000039,plate_R2_039,R2,out,2026-01-01T01:30:00
EVT-00000040,plate_R2_040,R2,out,2026-01-01T01:30:00
EVT-00000041,plate_R3_041,R3,out,2026-01-01T01:30:00
EVT-00000042,plate_R3_042,R3,out,2026-01-01T01:30:00
EVT-00000043,plate_R1_043,R1,out,2026-01-01T01:45:00
EVT-00000044,plate_R1_044,R1,out,2026-01-01T01:45:00
EVT-00000045,plate_R2_045,R2,out,2026-01-01T01:45:00
EVT-00000046,plate_R2_046,R2,out,2026-01-01T01:45:00
EVT-00000047,plate_R3_047,R3,out,2026-01-01T01:45:00
EVT-00000048,plate_R3_048,R3,out,2026-01-01T01:45:00
EVT-00000049,plate_R1_049,R1,out,2026-01-01T02:00:00
EVT-00000050,plate_R1_050,R1,out,2026-01-01T02:00:00
EVT-00000051,plate_R2_051,R2,out,2026-01-01T02:00:00
EVT-00000052,plate_R2_052,R2,out,2026-01-01T02:00:00
EVT-00000053,plate_R3_053,R3,out,2026-01-01T02:00:00
EVT-00000054,plate_R3_054,R3,out,2026-01-01T02:00:00
EVT-00000055,plate_R1_055,R1,out,2026-01-01T02:15:00
EVT-00000056,plate_R1_056,R1,out,2026-01-01T02:15:00
EVT-00000057,plate_R2_057,R2,out,2026-01-01T02:15:00
EVT-00000058,plate_R2_058,R2,out,2026-01-01T02:15:00
EVT-00000059,plate_R3_059,R3,out,2026-01-01T02:15:00
EVT-00000060,plate_R3_060,R3,out,2026-01-01T02:15:00
EVT-00000061,plate_R1_061,R1,out,2026-01-01T02:30:00
EVT-00000062,plate_R1_062,R1,out,2026-01-01T02:30:00
EVT-00000063,plate_R2_063,R2,out,2026-01-01T02:30:00
EVT-00000064,plate_R2_064,R2,out,2026-01-01T02:30:00
EVT-00000065,plate_R3_065,R3,out,2026-01-01T02:30:00
EVT-00000066,plate_R3_066,R3,out,2026-01-01T02:30:00
EVT-00000067,plate_R1_067,R1,out,2026-01-01T02:45:00
EVT-00000068,plate_R1_068,R1,out,2026-01-01T02:45:00
EVT-00000069,plate_R2_069,R2,out,2026-01-01T02:45:00
EVT-00000070,plate_R2_070,R2,out,2026-01-01T02:45:00
EVT-00000071,plate_R3_071,R3,out,2026-01-01T02:45:00
EVT-00000072,plate_R3_072,R3,out,2026-01-01T02:45:00
EVT-00000073,plate_R1_073,R1,out,2026-01-01T03:00:00
EVT-00000074,plate_R1_074,R1,out,2026-01-01T03:00:00
EVT-00000075,plate_R2_075,R2,out,2026-01-01T03:00:00
EVT-00000076,plate_R2_076,R2,out,2026-01-01T03:00:00
EVT-00000077,plate_R3_077,R3,out,2026-01-01T03:00:00
EVT-00000078,plate_R3_078,R3,out,2026-01-01T03:00:00
EVT-00000079,plate_R1_079,R1,out,2026-01-01T03:15:00
EVT-00000080,plate_R1_080,R1,out,2026-01-01T03:15:00
EVT-00000081,plate_R2_081,R2,out,2026-01-01T03:15:00
EVT-00000082,plate_R2_082,R2,out,2026-01-01T03:15:00
EVT-00000083,plate_R3_083,R3,out,2026-01-01T03:15:00
EVT-00000084,plate_R3_084,R3,out,2026-01-01T03:15:00
EVT-00000085,plate_R1_085,R1,out,2026-01-01T03:30:00
EVT-00000086,plate_R1_086,R1,out,2026-01-01T03:30:00
EVT-00000087,plate_R2_087,R2,out,2026-01-01T03:30:00
EVT-00000088,plate_R2_088,R2,out,2026-01-01T03:30:00
EVT-00000089,plate_R3_089,R3,out,2026-01-01T03:30:00
EVT-00000090,plate_R3_090,R3,out,2026-01-01T03:30:00
EVT-00000091,plate_R1_091,R1,out,2026-01-01T03:45:00
EVT-00000092,plate_R1_092,R1,out,2026-01-01T03:45:00
EVT-00000093,plate_R2_093,R2,out,2026-01-01T03:45:00
EVT-00000094,plate_R2_094,R2,out,2026-01-01T03:45:00
EVT-00000095,plate_R3_095,R3,out,2026-01-01T03:45:00
EVT-00000096,plate_R3_096,R3,out,2026-01-01T03:45:00
EVT-00000097,plate_R1_097,R1,out,2026-01-01T04:00:00
EVT-00000098,plate_R1_098,R1,out,2026-01-01T04:00:00
EVT-00000099,plate_R2_099,R2,out,2026-01-01T04:00:00
EVT-00000100,plate_R2_100,R2,out,2026-01-01T04:00:00
EVT-00000101,plate_R3_101,R3,out,2026-01-01T04:00:00
EVT-00000102,plate_R3_102,R3,out,2026-01-01T04:00:00
EVT-00000103,plate_R1_103,R1,out,2026-01-01T04:15:00
EVT-00000104,plate_R1_104,R1,out,2026-01-01T04:15:00
EVT-00000105,plate_R2_105,R2,out,2026-01-01T04:15:00
EVT-00000106,plate_R2_106,R2,out,2026-01-01T04:15:00
EVT-00000107,plate_R3_107,R3,out,2026-01-01T04:15:00
EVT-00000108,plate_R3_108,R3,out,2026-01-01T04:15:00
EVT-00000109,plate_R1_109,R1,out,2026-01-01T04:30:00
EVT-00000110,plate_R1_110,R1,out,2026-01-01T04:30:00
EVT-00000111,plate_R2_111,R2,out,2026-01-01T04:30:00
EVT-00000112,plate_R2_112,R2,out,2026-01-01T04:30:00
EVT-00000113,plate_R3_113,R3,out,2026-01-01T04:30:00
EVT-00000114,plate_R3_114,R3,out,2026-01-01T04:30:00
EVT-00000115,plate_R1_115,R1,out,2026-01-01T04:45:00
EVT-00000116,plate_R1_116,R1,out,2026-01-01T04:45:00
EVT-00000117,plate_R2_117,R2,out,2026-01-01T04:45:00
EVT-00000118,plate_R2_118,R2,out,2026-01-01T04:45:00
EVT-00000119,plate_R3_119,R3,out,2026-01-01T04:45:00
EVT-00000120,plate_R3_120,R3,out,2026-01-01T04:45:00
EVT-00000121,plate_R1_121,R1,out,2026-01-01T05:00:00
EVT-00000122,plate_R1_122,R1,out,2026-01-01T05:00:00
EVT-00000123,plate_R2_123,R2,out,2026-01-01T05:00:00
EVT-00000124,plate_R2_124,R2,out,2026-01-01T05:00:00
EVT-00000125,plate_R3_125,R3,out,2026-01-01T05:00:00
EVT-00000126,plate_R3_126,R3,out,2026-01-01T05:00:00
EVT-00000127,plate_R1_127,R1,out,2026-01-01T05:15:00
EVT-00000128,plate_R1_128,R1,out,2026-01-01T05:15:00
EVT-00000129,plate_R2_129,R2,out,2026-01-01T05:15:00
EVT-00000130,plate_R2_130,R2,out,2026-01-01T05:15:00
EVT-00000131,plate_R3_131,R3,out,2026-01-01T05:15:00
EVT-00000132,plate_R3_132,R3,out,2026-01-01T05:15:00
EVT-00000133,plate_R1_133,R1,out,2026-01-01T05:30:00
EVT-00000134,plate_R1_134,R1,out,2026-01-01T05:30:00
EVT-00000135,plate_R2_135,R2,out,2026-01-01T05:30:00
EVT-00000136,plate_R2_136,R2,out,2026-01-01T05:30:00
EVT-00000137,plate_R3_137,R3,out,2026-01-01T05:30:00
EVT-00000138,plate_R3_138,R3,out,2026-01-01T05:30:00
EVT-00000139,plate_R1_139,R1,out,2026-01-01T05:45:00
EVT-00000140,plate_R1_140,R1,out,2026-01-01T05:45:00
EVT-00000141,plate_R2_141,R2,out,2026-01-01T05:45:00
EVT-00000142,plate_R2_142,R2,out,2026-01-01T05:45:00
EVT-00000143,plate_R3_143,R3,out,2026-01-01T05:45:00
EVT-00000144,plate_R3_144,R3,out,2026-01-01T05:45:00
EVT-00000145,plate_R1_145,R1,out,2026-01-01T06:00:00
EVT-00000146,plate_R1_146,R1,out,2026-01-01T06:00:00
EVT-00000147,plate_R2_147,R2,out,2026-01-01T06:00:00
EVT-00000148,plate_R2_148,R2,out,2026-01-01T06:00:00
EVT-00000149,plate_R3_149,R3,out,2026-01-01T06:00:00
EVT-00000150,plate_R3_150,R3,out,2026-01-01T06:00:00
EVT-00000151,plate_R1_151,R1,out,2026-01-01T06:15:00
EVT-00000152,plate_R1_152,R1,out,2026-01-01T06:15:00
EVT-00000153,plate_R2_153,R2,out,2026-01-01T06:15:00
EVT-00000154,plate_R2_154,R2,out,2026-01-01T06:15:00
EVT-00000155,plate_R3_155,R3,out,2026-01-01T06:15:00
EVT-00000156,plate_R3_156,R3,out,2026-01-01T06:15:00
EVT-00000157,plate_R1_157,R1,out,2026-01-01T06:30:00
EVT-00000158,plate_R1_158,R1,out,2026-01-01T06:30:00
EVT-00000159,plate_R2_159,R2,out,2026-01-01T06:30:00
EVT-00000160,plate_R2_160,R2,out,2026-01-01T06:30:00
EVT-00000161,plate_R3_161,R3,out,2026-01-01T06:30:00
EVT-00000162,plate_R3_162,R3,out,2026-01-01T06:30:00
EVT-00000163,plate_R1_163,R1,out,2026-01-01T06:45:00
EVT-00000164,plate_R1_164,R1,out,2026-01-01T06:45:00
EVT-00000165,plate_R2_165,R2,out,2026-01-01T06:45:00
EVT-00000166,plate_R2_166,R2,out,2026-01-01T06:45:00
EVT-00000167,plate_R3_167,R3,out,2026-01-01T06:45:00
EVT-00000168,plate_R3_168,R3,out,2026-01-01T06:45:00
EVT-00000169,plate_R1_169,R1,out,2026-01-01T07:00:00
EVT-00000170,plate_R1_170,R1,out,2026-01-01T07:00:00
EVT-00000171,plate_R2_171,R2,out,2026-01-01T07:00:00
EVT-00000172,plate_R2_172,R2,out,2026-01-01T07:00:00
EVT-00000173,plate_R3_173,R3,out,2026-01-01T07:00:00
EVT-00000174,plate_R3_174,R3,out,2026-01-01T07:00:00
EVT-00000175,plate_R1_175,R1,out,2026-01-01T07:15:00
EVT-00000176,plate_R1_176,R1,out,2026-01-01T07:15:00
EVT-00000177,plate_R2_177,R2,out,2026-01-01T07:15:00
EVT-00000178,plate_R2_178,R2,out,2026-01-01T07:15:00
EVT-00000179,plate_R3_179,R3,out,2026-01-01T07:15:00
EVT-00000180,plate_R3_180,R3,out,2026-01-01T07:15:00
EVT-00000181,plate_R1_181,R1,out,2026-01-01T07:30:00
EVT-00000182,plate_R1_182,R1,out,2026-01-01T07:30:00
EVT-00000183,plate_R2_183,R2,out,2026-01-01T07:30:00
EVT-00000184,plate_R2_184,R2,out,2026-01-01T07:30:00
EVT-00000185,plate_R3_185,R3,out,2026-01-01T07:30:00
EVT-00000186,plate_R3_186,R3,out,2026-01-01T07:30:00
EVT-00000187,plate_R1_187,R1,out,2026-01-01T07:45:00
EVT-00000188,plate_R1_188,R1,out,2026-01-01T07:45:00
EVT-00000189,plate_R2_189,R2,out,2026-01-01T07:45:00
EVT-00000190,plate_R2_190,R2,out,2026-01-01T07:45:00
EVT-00000191,plate_R3_191,R3,out,2026-01-01T07:45:00
EVT-00000192,plate_R3_192,R3,out,2026-01-01T07:45:00
EVT-00000193,plate_R1_193,R1,out,2026-01-01T08:00:00
EVT-00000194,plate_R1_194,R1,out,2026-01-01T08:00:00
EVT-00000195,plate_R2_195,R2,out,2026-01-01T08:00:00
EVT-00000196,plate_R2_196,R2,out,2026-01-01T08:00:00
EVT-00000197,plate_R3_197,R3,out,2026-01-01T08:00:00
EVT-00000198,plate_R3_198,R3,out,2026-01-01T08:00:00
EVT-00000199,plate_R1_199,R1,out,2026-01-01T08:15:00
EVT-00000200,plate_R1_200,R1,out,2026-01-01T08:15:00
EVT-00000201,plate_R2_201,R2,out,2026-01-01T08:15:00
EVT-00000202,plate_R2_202,R2,out,2026-01-01T08:15:00
EVT-00000203,plate_R3_203,R3,out,2026-01-01T08:15:00
EVT-00000204,plate_R3_204,R3,out,2026-01-01T08:15:00
EVT-00000205,plate_R1_205,R1,out,2026-01-01T08:30:00
EVT-00000206,plate_R1_206,R1,out,2026-01-01T08:30:00
EVT-00000207,plate_R2_207,R2,out,2026-01-01T08:30:00
EVT-00000208,plate_R2_208,R2,out,2026-01-01T08:30:00
EVT-00000209,plate_R3_209,R3,out,2026-01-01T08:30:00
EVT-00000210,plate_R3_210,R3,out,2026-01-01T08:30:00
EVT-00000211,plate_R1_211,R1,out,2026-01-01T08:45:00
EVT-00000212,plate_R1_212,R1,out,2026-01-01T08:45:00
EVT-00000213,plate_R2_213,R2,out,2026-01-01T08:45:00
EVT-00000214,plate_R2_214,R2,out,2026-01-01T08:45:00
EVT-00000215,plate_R3_215,R3,out,2026-01-01T08:45:00
EVT-00000216,plate_R3_216,R3,out,2026-01-01T08:45:00
EVT-00000217,plate_R1_217,R1,out,2026-01-01T09:00:00
EVT-00000218,plate_R1_218,R1,out,2026-01-01T09:00:00
EVT-00000219,plate_R2_219,R2,out,2026-01-01T09:00:00
EVT-00000220,plate_R2_220,R2,out,2026-01-01T09:00:00
EVT-00000221,plate_R3_221,R3,out,2026-01-01T09:00:00
EVT-00000222,plate_R3_222,R3,out,2026-01-01T09:00:00
EVT-00000223,plate_R1_223,R1,out,2026-01-01T09:15:00
EVT-00000224,plate_R1_224,R1,out,2026-01-01T09:15:00
EVT-00000225,plate_R2_225,R2,out,2026-01-01T09:15:00
EVT-00000226,plate_R2_226,R2,out,2026-01-01T09:15:00
EVT-00000227,plate_R3_227,R3,out,2026-01-01T09:15:00
EVT-00000228,plate_R3_228,R3,out,2026-01-01T09:15:00
EVT-00000229,plate_R1_229,R1,out,2026-01-01T09:30:00
EVT-00000230,plate_R1_230,R1,out,2026-01-01T09:30:00
EVT-00000231,plate_R2_231,R2,out,2026-01-01T09:30:00
EVT-00000232,plate_R2_232,R2,out,2026-01-01T09:30:00
EVT-00000233,plate_R3_233,R3,out,2026-01-01T09:30:00
EVT-00000234,plate_R3_234,R3,out,2026-01-01T09:30:00
EVT-00000235,plate_R1_235,R1,out,2026-01-01T09:45:00
EVT-00000236,plate_R1_236,R1,out,2026-01-01T09:45:00
EVT-00000237,plate_R2_237,R2,out,2026-01-01T09:45:00
EVT-00000238,plate_R2_238,R2,out,2026-01-01T09:45:00
EVT-00000239,plate_R3_239,R3,out,2026-01-01T09:45:00
EVT-00000240,plate_R3_240,R3,out,2026-01-01T09:45:00
EVT-00000241,plate_R1_241,R1,out,2026-01-01T10:00:00
EVT-00000242,plate_R1_242,R1,out,2026-01-01T10:00:00
EVT-00000243,plate_R2_243,R2,out,2026-01-01T10:00:00
EVT-00000244,plate_R2_244,R2,out,2026-01-01T10:00:00
EVT-00000245,plate_R3_245,R3,out,2026-01-01T10:00:00
EVT-00000246,plate_R3_246,R3,out,2026-01-01T10:00:00
EVT-00000247,plate_R1_247,R1,out,2026-01-01T10:15:00
EVT-00000248,plate_R1_248,R1,out,2026-01-01T10:15:00
EVT-00000249,plate_R2_249,R2,out,2026-01-01T10:15:00
EVT-00000250,plate_R2_250,R2,out,2026-01-01T10:15:00
EVT-00000251,plate_R3_251,R3,out,2026-01-01T10:15:00
EVT-00000252,plate_R3_252,R3,out,2026-01-01T10:15:00
EVT-00000253,plate_R1_253,R1,out,2026-01-01T10:30:00
EVT-00000254,plate_R1_254,R1,out,2026-01-01T10:30:00
EVT-00000255,plate_R2_255,R2,out,2026-01-01T10:30:00
EVT-00000256,plate_R2_256,R2,out,2026-01-01T10:30:00
EVT-00000257,plate_R3_257,R3,out,2026-01-01T10:30:00
EVT-00000258,plate_R3_258,R3,out,2026-01-01T10:30:00
EVT-00000259,plate_R1_259,R1,out,2026-01-01T10:45:00
EVT-00000260,plate_R1_260,R1,out,2026-01-01T10:45:00
EVT-00000261,plate_R2_261,R2,out,2026-01-01T10:45:00
EVT-00000262,plate_R2_262,R2,out,2026-01-01T10:45:00
EVT-00000263,plate_R3_263,R3,out,2026-01-01T10:45:00
EVT-00000264,plate_R3_264,R3,out,2026-01-01T10:45:00
EVT-00000265,plate_R1_265,R1,out,2026-01-01T11:00:00
EVT-00000266,plate_R1_266,R1,out,2026-01-01T11:00:00
EVT-00000267,plate_R2_267,R2,out,2026-01-01T11:00:00
EVT-00000268,plate_R2_268,R2,out,2026-01-01T11:00:00
EVT-00000269,plate_R3_269,R3,out,2026-01-01T11:00:00
EVT-00000270,plate_R3_270,R3,out,2026-01-01T11:00:00
EVT-00000271,plate_R1_271,R1,out,2026-01-01T11:15:00
EVT-00000272,plate_R1_272,R1,out,2026-01-01T11:15:00
EVT-00000273,plate_R2_273,R2,out,2026-01-01T11:15:00
EVT-00000274,plate_R2_274,R2,out,2026-01-01T11:15:00
EVT-00000275,plate_R3_275,R3,out,2026-01-01T11:15:00
EVT-00000276,plate_R3_276,R3,out,2026-01-01T11:15:00
EVT-00000277,plate_R1_277,R1,out,2026-01-01T11:30:00
EVT-00000278,plate_R1_278,R1,out,2026-01-01T11:30:00
EVT-00000279,plate_R2_279,R2,out,2026-01-01T11:30:00
EVT-00000280,plate_R2_280,R2,out,2026-01-01T11:30:00
EVT-00000281,plate_R3_281,R3,out,2026-01-01T11:30:00
EVT-00000282,plate_R3_282,R3,out,2026-01-01T11:30:00
EVT-00000283,plate_R1_283,R1,out,2026-01-01T11:45:00
EVT-00000284,plate_R1_284,R1,out,2026-01-01T11:45:00
EVT-00000285,plate_R2_285,R2,out,2026-01-01T11:45:00
EVT-00000286,plate_R2_286,R2,out,2026-01-01T11:45:00
EVT-00000287,plate_R3_287,R3,out,2026-01-01T11:45:00
EVT-00000288,plate_R3_288,R3,out,2026-01-01T11:45:00
EVT-00000289,plate_R1_289,R1,out,2026-01-01T12:00:00
EVT-00000290,plate_R1_290,R1,out,2026-01-01T12:00:00
EVT-00000291,plate_R2_291,R2,out,2026-01-01T12:00:00
EVT-00000292,plate_R2_292,R2,out,2026-01-01T12:00:00
EVT-00000293,plate_R3_293,R3,out,2026-01-01T12:00:00
EVT-00000294,plate_R3_294,R3,out,2026-01-01T12:00:00
EVT-00000295,plate_R1_295,R1,out,2026-01-01T12:15:00
EVT-00000296,plate_R1_296,R1,out,2026-01-01T12:15:00
EVT-00000297,plate_R2_297,R2,out,2026-01-01T12:15:00
EVT-00000298,plate_R2_298,R2,out,2026-01-01T12:15:00
EVT-00000299,plate_R3_299,R3,out,2026-01-01T12:15:00
EVT-00000300,plate_R3_300,R3,out,2026-01-01T12:15:00
EVT-00000301,plate_R1_301,R1,out,2026-01-01T12:30:00
EVT-00000302,plate_R1_302,R1,out,2026-01-01T12:30:00
EVT-00000303,plate_R2_303,R2,out,2026-01-01T12:30:00
EVT-00000304,plate_R2_304,R2,out,2026-01-01T12:30:00
EVT-00000305,plate_R3_305,R3,out,2026-01-01T12:30:00
EVT-00000306,plate_R3_306,R3,out,2026-01-01T12:30:00
EVT-00000307,plate_R1_307,R1,out,2026-01-01T12:45:00
EVT-00000308,plate_R1_308,R1,out,2026-01-01T12:45:00
EVT-00000309,plate_R2_309,R2,out,2026-01-01T12:45:00
EVT-00000310,plate_R2_310,R2,out,2026-01-01T12:45:00
EVT-00000311,plate_R3_311,R3,out,2026-01-01T12:45:00
EVT-00000312,plate_R3_312,R3,out,2026-01-01T12:45:00
EVT-00000313,plate_R1_313,R1,out,2026-01-01T13:00:00
EVT-00000314,plate_R1_314,R1,out,2026-01-01T13:00:00
EVT-00000315,plate_R2_315,R2,out,2026-01-01T13:00:00
EVT-00000316,plate_R2_316,R2,out,2026-01-01T13:00:00
EVT-00000317,plate_R3_317,R3,out,2026-01-01T13:00:00
EVT-00000318,plate_R3_318,R3,out,2026-01-01T13:00:00
EVT-00000319,plate_R1_319,R1,out,2026-01-01T13:15:00
EVT-00000320,plate_R1_320,R1,out,2026-01-01T13:15:00
EVT-00000321,plate_R2_321,R2,out,2026-01-01T13:15:00
EVT-00000322,plate_R2_322,R2,out,2026-01-01T13:15:00
EVT-00000323,plate_R3_323,R3,out,2026-01-01T13:15:00
EVT-00000324,plate_R3_324,R3,out,2026-01-01T13:15:00
EVT-00000325,plate_R1_325,R1,out,2026-01-01T13:30:00
EVT-00000326,plate_R1_326,R1,out,2026-01-01T13:30:00
EVT-00000327,plate_R2_327,R2,out,2026-01-01T13:30:00
EVT-00000328,plate_R2_328,R2,out,2026-01-01T13:30:00
EVT-00000329,plate_R3_329,R3,out,2026-01-01T13:30:00
EVT-00000330,plate_R3_330,R3,out,2026-01-01T13:30:00
EVT-00000331,plate_R1_331,R1,out,2026-01-01T13:45:00
EVT-00000332,plate_R1_332,R1,out,2026-01-01T13:45:00
EVT-00000333,plate_R2_333,R2,out,2026-01-01T13:45:00
EVT-00000334,plate_R2_334,R2,out,2026-01-01T13:45:00
EVT-00000335,plate_R3_335,R3,out,2026-01-01T13:45:00
EVT-00000336,plate_R3_336,R3,out,2026-01-01T13:45:00
EVT-00000337,plate_R1_337,R1,out,2026-01-01T14:00:00
EVT-00000338,plate_R1_338,R1,out,2026-01-01T14:00:00
EVT-00000339,plate_R2_339,R2,out,2026-01-01T14:00:00
EVT-00000340,plate_R2_340,R2,out,2026-01-01T14:00:00
EVT-00000341,plate_R3_341,R3,out,2026-01-01T14:00:00
EVT-00000342,plate_R3_342,R3,out,2026-01-01T14:00:00
EVT-00000343,plate_R1_343,R1,out,2026-01-01T14:15:00
EVT-00000344,plate_R1_344,R1,out,2026-01-01T14:15:00
EVT-00000345,plate_R2_345,R2,out,2026-01-01T14:15:00
EVT-00000346,plate_R2_346,R2,out,2026-01-01T14:15:00
EVT-00000347,plate_R3_347,R3,out,2026-01-01T14:15:00
EVT-00000348,plate_R3_348,R3,out,2026-01-01T14:15:00
EVT-00000349,plate_R1_349,R1,out,2026-01-01T14:30:00
EVT-00000350,plate_R1_350,R1,out,2026-01-01T14:30:00
EVT-00000351,plate_R2_351,R2,out,2026-01-01T14:30:00
EVT-00000352,plate_R2_352,R2,out,2026-01-01T14:30:00
EVT-00000353,plate_R3_353,R3,out,2026-01-01T14:30:00
EVT-00000354,plate_R3_354,R3,out,2026-01-01T14:30:00
EVT-00000355,plate_R1_355,R1,out,2026-01-01T14:45:00
EVT-00000356,plate_R1_356,R1,out,2026-01-01T14:45:00
EVT-00000357,plate_R2_357,R2,out,2026-01-01T14:45:00
EVT-00000358,plate_R2_358,R2,out,2026-01-01T14:45:00
EVT-00000359,plate_R3_359,R3,out,2026-01-01T14:45:00
EVT-00000360,plate_R3_360,R3,out,2026-01-01T14:45:00
EVT-00000361,plate_R1_361,R1,out,2026-01-01T15:00:00
EVT-00000362,plate_R1_362,R1,out,2026-01-01T15:00:00
EVT-00000363,plate_R2_363,R2,out,2026-01-01T15:00:00
EVT-00000364,plate_R2_364,R2,out,2026-01-01T15:00:00
EVT-00000365,plate_R3_365,R3,out,2026-01-01T15:00:00
EVT-00000366,plate_R3_366,R3,out,2026-01-01T15:00:00
EVT-00000367,plate_R1_367,R1,out,2026-01-01T15:15:00
EVT-00000368,plate_R1_368,R1,out,2026-01-01T15:15:00
EVT-00000369,plate_R2_369,R2,out,2026-01-01T15:15:00
EVT-00000370,plate_R2_370,R2,out,2026-01-01T15:15:00
EVT-00000371,plate_R3_371,R3,out,2026-01-01T15:15:00
EVT-00000372,plate_R3_372,R3,out,2026-01-01T15:15:00
EVT-00000373,plate_R1_373,R1,out,2026-01-01T15:30:00
EVT-00000374,plate_R1_374,R1,out,2026-01-01T15:30:00
EVT-00000375,plate_R2_375,R2,out,2026-01-01T15:30:00
EVT-00000376,plate_R2_376,R2,out,2026-01-01T15:30:00
EVT-00000377,plate_R3_377,R3,out,2026-01-01T15:30:00
EVT-00000378,plate_R3_378,R3,out,2026-01-01T15:30:00
EVT-00000379,plate_R1_379,R1,out,2026-01-01T15:45:00
EVT-00000380,plate_R1_380,R1,out,2026-01-01T15:45:00
EVT-00000381,plate_R2_381,R2,out,2026-01-01T15:45:00
EVT-00000382,plate_R2_382,R2,out,2026-01-01T15:45:00
EVT-00000383,plate_R3_383,R3,out,2026-01-01T15:45:00
EVT-00000384,plate_R3_384,R3,out,2026-01-01T15:45:00
EVT-00000385,plate_R1_385,R1,out,2026-01-01T16:00:00
EVT-00000386,plate_R1_386,R1,out,2026-01-01T16:00:00
EVT-00000387,plate_R2_387,R2,out,2026-01-01T16:00:00
EVT-00000388,plate_R2_388,R2,out,2026-01-01T16:00:00
EVT-00000389,plate_R3_389,R3,out,2026-01-01T16:00:00
EVT-00000390,plate_R3_390,R3,out,2026-01-01T16:00:00
EVT-00000391,plate_R1_391,R1,out,2026-01-01T16:15:00
EVT-00000392,plate_R1_392,R1,out,2026-01-01T16:15:00
EVT-00000393,plate_R2_393,R2,out,2026-01-01T16:15:00
EVT-00000394,plate_R2_394,R2,out,2026-01-01T16:15:00
EVT-00000395,plate_R3_395,R3,out,2026-01-01T16:15:00
EVT-00000396,plate_R3_396,R3,out,2026-01-01T16:15:00
EVT-00000397,plate_R1_397,R1,out,2026-01-01T16:30:00
EVT-00000398,plate_R1_398,R1,out,2026-01-01T16:30:00
EVT-00000399,plate_R2_399,R2,out,2026-01-01T16:30:00
EVT-00000400,plate_R2_400,R2,out,2026-01-01T16:30:00
EVT-00000401,plate_R3_401,R3,out,2026-01-01T16:30:00
EVT-00000402,plate_R3_402,R3,out,2026-01-01T16:30:00
EVT-00000403,plate_R1_403,R1,out,2026-01-01T16:45:00
EVT-00000404,plate_R1_404,R1,out,2026-01-01T16:45:00
EVT-00000405,plate_R2_405,R2,out,2026-01-01T16:45:00
EVT-00000406,plate_R2_406,R2,out,2026-01-01T16:45:00
EVT-00000407,plate_R3_407,R3,out,2026-01-01T16:45:00
EVT-00000408,plate_R3_408,R3,out,2026-01-01T16:45:00
EVT-00000409,plate_R1_409,R1,out,2026-01-01T17:00:00
EVT-00000410,plate_R1_410,R1,out,2026-01-01T17:00:00
EVT-00000411,plate_R2_411,R2,out,2026-01-01T17:00:00
EVT-00000412,plate_R2_412,R2,out,2026-01-01T17:00:00
EVT-00000413,plate_R3_413,R3,out,2026-01-01T17:00:00
EVT-00000414,plate_R3_414,R3,out,2026-01-01T17:00:00
EVT-00000415,plate_R1_415,R1,out,2026-01-01T17:15:00
EVT-00000416,plate_R1_416,R1,out,2026-01-01T17:15:00
EVT-00000417,plate_R2_417,R2,out,2026-01-01T17:15:00
EVT-00000418,plate_R2_418,R2,out,2026-01-01T17:15:00
EVT-00000419,plate_R3_419,R3,out,2026-01-01T17:15:00
EVT-00000420,plate_R3_420,R3,out,2026-01-01T17:15:00
EVT-00000421,plate_R1_421,R1,out,2026-01-01T17:30:00
EVT-00000422,plate_R1_422,R1,out,2026-01-01T17:30:00
EVT-00000423,plate_R2_423,R2,out,2026-01-01T17:30:00
EVT-00000424,plate_R2_424,R2,out,2026-01-01T17:30:00
EVT-00000425,plate_R3_425,R3,out,2026-01-01T17:30:00
EVT-00000426,plate_R3_426,R3,out,2026-01-01T17:30:00
EVT-00000427,plate_R1_427,R1,out,2026-01-01T17:45:00
EVT-00000428,plate_R1_428,R1,out,2026-01-01T17:45:00
EVT-00000429,plate_R2_429,R2,out,2026-01-01T17:45:00
EVT-00000430,plate_R2_430,R2,out,2026-01-01T17:45:00
EVT-00000431,plate_R3_431,R3,out,2026-01-01T17:45:00
EVT-00000432,plate_R3_432,R3,out,2026-01-01T17:45:00
EVT-00000433,plate_R1_433,R1,out,2026-01-01T18:00:00
EVT-00000434,plate_R1_434,R1,out,2026-01-01T18:00:00
EVT-00000435,plate_R2_435,R2,out,2026-01-01T18:00:00
EVT-00000436,plate_R2_436,R2,out,2026-01-01T18:00:00
EVT-00000437,plate_R3_437,R3,out,2026-01-01T18:00:00
EVT-00000438,plate_R3_438,R3,out,2026-01-01T18:00:00
EVT-00000439,plate_R1_439,R1,out,2026-01-01T18:15:00
EVT-00000440,plate_R1_440,R1,out,2026-01-01T18:15:00
EVT-00000441,plate_R2_441,R2,out,2026-01-01T18:15:00
EVT-00000442,plate_R2_442,R2,out,2026-01-01T18:15:00
EVT-00000443,plate_R3_443,R3,out,2026-01-01T18:15:00
EVT-00000444,plate_R3_444,R3,out,2026-01-01T18:15:00
EVT-00000445,plate_R1_445,R1,out,2026-01-01T18:30:00
EVT-00000446,plate_R1_446,R1,out,2026-01-01T18:30:00
EVT-00000447,plate_R2_447,R2,out,2026-01-01T18:30:00
EVT-00000448,plate_R2_448,R2,out,2026-01-01T18:30:00
EVT-00000449,plate_R3_449,R3,out,2026-01-01T18:30:00
EVT-00000450,plate_R3_450,R3,out,2026-01-01T18:30:00
EVT-00000451,plate_R1_451,R1,out,2026-01-01T18:45:00
EVT-00000452,plate_R1_452,R1,out,2026-01-01T18:45:00
EVT-00000453,plate_R2_453,R2,out,2026-01-01T18:45:00
EVT-00000454,plate_R2_454,R2,out,2026-01-01T18:45:00
EVT-00000455,plate_R3_455,R3,out,2026-01-01T18:45:00
EVT-00000456,plate_R3_456,R3,out,2026-01-01T18:45:00
EVT-00000457,plate_R1_457,R1,out,2026-01-01T19:00:00
EVT-00000458,plate_R1_458,R1,out,2026-01-01T19:00:00
EVT-00000459,plate_R2_459,R2,out,2026-01-01T19:00:00
EVT-00000460,plate_R2_460,R2,out,2026-01-01T19:00:00
EVT-00000461,plate_R3_461,R3,out,2026-01-01T19:00:00
EVT-00000462,plate_R3_462,R3,out,2026-01-01T19:00:00
EVT-00000463,plate_R1_463,R1,out,2026-01-01T19:15:00
EVT-00000464,plate_R1_464,R1,out,2026-01-01T19:15:00
EVT-00000465,plate_R2_465,R2,out,2026-01-01T19:15:00
EVT-00000466,plate_R2_466,R2,out,2026-01-01T19:15:00
EVT-00000467,plate_R3_467,R3,out,2026-01-01T19:15:00
EVT-00000468,plate_R3_468,R3,out,2026-01-01T19:15:00
EVT-00000469,plate_R1_469,R1,out,2026-01-01T19:30:00
EVT-00000470,plate_R1_470,R1,out,2026-01-01T19:30:00
EVT-00000471,plate_R2_471,R2,out,2026-01-01T19:30:00
EVT-00000472,plate_R2_472,R2,out,2026-01-01T19:30:00
EVT-00000473,plate_R3_473,R3,out,2026-01-01T19:30:00
EVT-00000474,plate_R3_474,R3,out,2026-01-01T19:30:00
EVT-00000475,plate_R1_475,R1,out,2026-01-01T19:45:00
EVT-00000476,plate_R1_476,R1,out,2026-01-01T19:45:00
EVT-00000477,plate_R2_477,R2,out,2026-01-01T19:45:00
EVT-00000478,plate_R2_478,R2,out,2026-01-01T19:45:00
EVT-00000479,plate_R3_479,R3,out,2026-01-01T19:45:00
EVT-00000480,plate_R3_480,R3,out,2026-01-01T19:45:00
EVT-00000481,plate_R1_481,R1,out,2026-01-01T20:00:00
EVT-00000482,plate_R1_482,R1,out,2026-01-01T20:00:00
EVT-00000483,plate_R2_483,R2,out,2026-01-01T20:00:00
EVT-00000484,plate_R2_484,R2,out,2026-01-01T20:00:00
EVT-00000485,plate_R3_485,R3,out,2026-01-01T20:00:00
EVT-00000486,plate_R3_486,R3,out,2026-01-01T20:00:00
EVT-00000487,plate_R1_487,R1,out,2026-01-01T20:15:00
EVT-00000488,plate_R1_488,R1,out,2026-01-01T20:15:00
EVT-00000489,plate_R2_489,R2,out,2026-01-01T20:15:00
EVT-00000490,plate_R2_490,R2,out,2026-01-01T20:15:00
EVT-00000491,plate_R3_491,R3,out,2026-01-01T20:15:00
EVT-00000492,plate_R3_492,R3,out,2026-01-01T20:15:00
EVT-00000493,plate_R1_493,R1,out,2026-01-01T20:30:00
EVT-00000494,plate_R1_494,R1,out,2026-01-01T20:30:00
EVT-00000495,plate_R2_495,R2,out,2026-01-01T20:30:00
EVT-00000496,plate_R2_496,R2,out,2026-01-01T20:30:00
EVT-00000497,plate_R3_497,R3,out,2026-01-01T20:30:00
EVT-00000498,plate_R3_498,R3,out,2026-01-01T20:30:00
EVT-00000499,plate_R1_499,R1,out,2026-01-01T20:45:00
EVT-00000500,plate_R1_500,R1,out,2026-01-01T20:45:00
EVT-00000501,plate_R2_501,R2,out,2026-01-01T20:45:00
EVT-00000502,plate_R2_502,R2,out,2026-01-01T20:45:00
EVT-00000503,plate_R3_503,R3,out,2026-01-01T20:45:00
EVT-00000504,plate_R3_504,R3,out,2026-01-01T20:45:00
EVT-00000505,plate_R1_505,R1,out,2026-01-01T21:00:00
EVT-00000506,plate_R1_506,R1,out,2026-01-01T21:00:00
EVT-00000507,plate_R2_507,R2,out,2026-01-01T21:00:00
EVT-00000508,plate_R2_508,R2,out,2026-01-01T21:00:00
EVT-00000509,plate_R3_509,R3,out,2026-01-01T21:00:00
EVT-00000510,plate_R3_510,R3,out,2026-01-01T21:00:00
EVT-00000511,plate_R1_511,R1,out,2026-01-01T21:15:00
EVT-00000512,plate_R1_512,R1,out,2026-01-01T21:15:00
EVT-00000513,plate_R2_513,R2,out,2026-01-01T21:15:00
EVT-00000514,plate_R2_514,R2,out,2026-01-01T21:15:00
EVT-00000515,plate_R3_515,R3,out,2026-01-01T21:15:00
EVT-00000516,plate_R3_516,R3,out,2026-01-01T21:15:00
EVT-00000517,plate_R1_517,R1,out,2026-01-01T21:30:00
EVT-00000518,plate_R1_518,R1,out,2026-01-01T21:30:00
EVT-00000519,plate_R2_519,R2,out,2026-01-01T21:30:00
EVT-00000520,plate_R2_520,R2,out,2026-01-01T21:30:00
EVT-00000521,plate_R3_521,R3,out,2026-01-01T21:30:00
EVT-00000522,plate_R3_522,R3,out,2026-01-01T21:30:00
EVT-00000523,plate_R1_523,R1,out,2026-01-01T21:45:00
EVT-00000524,plate_R1_524,R1,out,2026-01-01T21:45:00
EVT-00000525,plate_R2_525,R2,out,2026-01-01T21:45:00
EVT-00000526,plate_R2_526,R2,out,2026-01-01T21:45:00
EVT-00000527,plate_R3_527,R3,out,2026-01-01T21:45:00
EVT-00000528,plate_R3_528,R3,out,2026-01-01T21:45:00
EVT-00000529,plate_R1_529,R1,out,2026-01-01T22:00:00
EVT-00000530,plate_R1_530,R1,out,2026-01-01T22:00:00
EVT-00000531,plate_R2_531,R2,out,2026-01-01T22:00:00
EVT-00000532,plate_R2_532,R2,out,2026-01-01T22:00:00
EVT-00000533,plate_R3_533,R3,out,2026-01-01T22:00:00
EVT-00000534,plate_R3_534,R3,out,2026-01-01T22:00:00
EVT-00000535,plate_R1_535,R1,out,2026-01-01T22:15:00
EVT-00000536,plate_R1_536,R1,out,2026-01-01T22:15:00
EVT-00000537,plate_R2_537,R2,out,2026-01-01T22:15:00
EVT-00000538,plate_R2_538,R2,out,2026-01-01T22:15:00
EVT-00000539,plate_R3_539,R3,out,2026-01-01T22:15:00
EVT-00000540,plate_R3_540,R3,out,2026-01-01T22:15:00
EVT-00000541,plate_R1_541,R1,out,2026-01-01T22:30:00
EVT-00000542,plate_R1_542,R1,out,2026-01-01T22:30:00
EVT-00000543,plate_R2_543,R2,out,2026-01-01T22:30:00
EVT-00000544,plate_R2_544,R2,out,2026-01-01T22:30:00
EVT-00000545,plate_R3_545,R3,out,2026-01-01T22:30:00
EVT-00000546,plate_R3_546,R3,out,2026-01-01T22:30:00
EVT-00000547,plate_R1_547,R1,out,2026-01-01T22:45:00
EVT-00000548,plate_R1_548,R1,out,2026-01-01T22:45:00
EVT-00000549,plate_R2_549,R2,out,2026-01-01T22:45:00
EVT-00000550,plate_R2_550,R2,out,2026-01-01T22:45:00
EVT-00000551,plate_R3_551,R3,out,2026-01-01T22:45:00
EVT-00000552,plate_R3_552,R3,out,2026-01-01T22:45:00
EVT-00000553,plate_R1_553,R1,out,2026-01-01T23:00:00
EVT-00000554,plate_R1_554,R1,out,2026-01-01T23:00:00
EVT-00000555,plate_R2_555,R2,out,2026-01-01T23:00:00
EVT-00000556,plate_R2_556,R2,out,2026-01-01T23:00:00
EVT-00000557,plate_R3_557,R3,out,2026-01-01T23:00:00
EVT-00000558,plate_R3_558,R3,out,2026-01-01T23:00:00
EVT-00000559,plate_R1_559,R1,out,2026-01-01T23:15:00
EVT-00000560,plate_R1_560,R1,out,2026-01-01T23:15:00
EVT-00000561,plate_R2_561,R2,out,2026-01-01T23:15:00
EVT-00000562,plate_R2_562,R2,out,2026-01-01T23:15:00
EVT-00000563,plate_R3_563,R3,out,2026-01-01T23:15:00
EVT-00000564,plate_R3_564,R3,out,2026-01-01T23:15:00
EVT-00000565,plate_R1_565,R1,out,2026-01-01T23:30:00
EVT-00000566,plate_R1_566,R1,out,2026-01-01T23:30:00
EVT-00000567,plate_R2_567,R2,out,2026-01-01T23:30:00
EVT-00000568,plate_R2_568,R2,out,2026-01-01T23:30:00
EVT-00000569,plate_R3_569,R3,out,2026-01-01T23:30:00
EVT-00000570,plate_R3_570,R3,out,2026-01-01T23:30:00
EVT-00000571,plate_R1_571,R1,out,2026-01-01T23:45:00
EVT-00000572,plate_R1_572,R1,out,2026-01-01T23:45:00
EVT-00000573,plate_R2_573,R2,out,2026-01-01T23:45:00
EVT-00000574,plate_R2_574,R2,out,2026-01-01T23:45:00
EVT-00000575,plate_R3_575,R3,out,2026-01-01T23:45:00
EVT-00000576,plate_R3_576,R3,out,2026-01-01T23:45:00
EVT-00000577,plate_R1_577,R1,out,2026-01-02T00:00:00
EVT-00000578,plate_R1_578,R1,out,2026-01-02T00:00:00
EVT-00000579,plate_R2_579,R2,out,2026-01-02T00:00:00
EVT-00000580,plate_R2_580,R2,out,2026-01-02T00:00:00
EVT-00000581,plate_R3_581,R3,out,2026-01-02T00:00:00
EVT-00000582,plate_R3_582,R3,out,2026-01-02T00:00:00
EVT-00000583,plate_R1_583,R1,out,2026-01-02T00:15:00
EVT-00000584,plate_R1_584,R1,out,2026-01-02T00:15:00
EVT-00000585,plate_R2_585,R2,out,2026-01-02T00:15:00
EVT-00000586,plate_R2_586,R2,out,2026-01-02T00:15:00
EVT-00000587,plate_R3_587,R3,out,2026-01-02T00:15:00
EVT-00000588,plate_R3_588,R3,out,2026-01-02T00:15:00
EVT-00000589,plate_R1_589,R1,out,2026-01-02T00:30:00
EVT-00000590,plate_R1_590,R1,out,2026-01-02T00:30:00
EVT-00000591,plate_R2_591,R2,out,2026-01-02T00:30:00
EVT-00000592,plate_R2_592,R2,out,2026-01-02T00:30:00
EVT-00000593,plate_R3_593,R3,out,2026-01-02T00:30:00
EVT-00000594,plate_R3_594,R3,out,2026-01-02T00:30:00
EVT-00000595,plate_R1_595,R1,out,2026-01-02T00:45:00
EVT-00000596,plate_R1_596,R1,out,2026-01-02T00:45:00
EVT-00000597,plate_R2_597,R2,out,2026-01-02T00:45:00
EVT-00000598,plate_R2_598,R2,out,2026-01-02T00:45:00
EVT-00000599,plate_R3_599,R3,out,2026-01-02T00:45:00
EVT-00000600,plate_R3_600,R3,out,2026-01-02T00:45:00
EVT-00000601,plate_R1_601,R1,out,2026-01-02T01:00:00
EVT-00000602,plate_R1_602,R1,out,2026-01-02T01:00:00
EVT-00000603,plate_R2_603,R2,out,2026-01-02T01:00:00
EVT-00000604,plate_R2_604,R2,out,2026-01-02T01:00:00
EVT-00000605,plate_R3_605,R3,out,2026-01-02T01:00:00
EVT-00000606,plate_R3_606,R3,out,2026-01-02T01:00:00
EVT-00000607,plate_R1_607,R1,out,2026-01-02T01:15:00
EVT-00000608,plate_R1_608,R1,out,2026-01-02T01:15:00
EVT-00000609,plate_R2_609,R2,out,2026-01-02T01:15:00
EVT-00000610,plate_R2_610,R2,out,2026-01-02T01:15:00
EVT-00000611,plate_R3_611,R3,out,2026-01-02T01:15:00
EVT-00000612,plate_R3_612,R3,out,2026-01-02T01:15:00
EVT-00000613,plate_R1_613,R1,out,2026-01-02T01:30:00
EVT-00000614,plate_R1_614,R1,out,2026-01-02T01:30:00
EVT-00000615,plate_R2_615,R2,out,2026-01-02T01:30:00
EVT-00000616,plate_R2_616,R2,out,2026-01-02T01:30:00
EVT-00000617,plate_R3_617,R3,out,2026-01-02T01:30:00
EVT-00000618,plate_R3_618,R3,out,2026-01-02T01:30:00
EVT-00000619,plate_R1_619,R1,out,2026-01-02T01:45:00
EVT-00000620,plate_R1_620,R1,out,2026-01-02T01:45:00
EVT-00000621,plate_R2_621,R2,out,2026-01-02T01:45:00
EVT-00000622,plate_R2_622,R2,out,2026-01-02T01:45:00
EVT-00000623,plate_R3_623,R3,out,2026-01-02T01:45:00
EVT-00000624,plate_R3_624,R3,out,2026-01-02T01:45:00
EVT-00000625,plate_R1_625,R1,out,2026-01-02T02:00:00
EVT-00000626,plate_R1_626,R1,out,2026-01-02T02:00:00
EVT-00000627,plate_R2_627,R2,out,2026-01-02T02:00:00
EVT-00000628,plate_R2_628,R2,out,2026-01-02T02:00:00
EVT-00000629,plate_R3_629,R3,out,2026-01-02T02:00:00
EVT-00000630,plate_R3_630,R3,out,2026-01-02T02:00:00
EVT-00000631,plate_R1_631,R1,out,2026-01-02T02:15:00
EVT-00000632,plate_R1_632,R1,out,2026-01-02T02:15:00
EVT-00000633,plate_R2_633,R2,out,2026-01-02T02:15:00
EVT-00000634,plate_R2_634,R2,out,2026-01-02T02:15:00
EVT-00000635,plate_R3_635,R3,out,2026-01-02T02:15:00
EVT-00000636,plate_R3_636,R3,out,2026-01-02T02:15:00
EVT-00000637,plate_R1_637,R1,out,2026-01-02T02:30:00
EVT-00000638,plate_R1_638,R1,out,2026-01-02T02:30:00
EVT-00000639,plate_R2_639,R2,out,2026-01-02T02:30:00
EVT-00000640,plate_R2_640,R2,out,2026-01-02T02:30:00
EVT-00000641,plate_R3_641,R3,out,2026-01-02T02:30:00
EVT-00000642,plate_R3_642,R3,out,2026-01-02T02:30:00
EVT-00000643,plate_R1_643,R1,out,2026-01-02T02:45:00
EVT-00000644,plate_R1_644,R1,out,2026-01-02T02:45:00
EVT-00000645,plate_R2_645,R2,out,2026-01-02T02:45:00
EVT-00000646,plate_R2_646,R2,out,2026-01-02T02:45:00
EVT-00000647,plate_R3_647,R3,out,2026-01-02T02:45:00
EVT-00000648,plate_R3_648,R3,out,2026-01-02T02:45:00
EVT-00000649,plate_R1_649,R1,out,2026-01-02T03:00:00
EVT-00000650,plate_R1_650,R1,out,2026-01-02T03:00:00
EVT-00000651,plate_R2_651,R2,out,2026-01-02T03:00:00
EVT-00000652,plate_R2_652,R2,out,2026-01-02T03:00:00
EVT-00000653,plate_R3_653,R3,out,2026-01-02T03:00:00
EVT-00000654,plate_R3_654,R3,out,2026-01-02T03:00:00
EVT-00000655,plate_R1_655,R1,out,2026-01-02T03:15:00
EVT-00000656,plate_R1_656,R1,out,2026-01-02T03:15:00
EVT-00000657,plate_R2_657,R2,out,2026-01-02T03:15:00
EVT-00000658,plate_R2_658,R2,out,2026-01-02T03:15:00
EVT-00000659,plate_R3_659,R3,out,2026-01-02T03:15:00
EVT-00000660,plate_R3_660,R3,out,2026-01-02T03:15:00
EVT-00000661,plate_R1_661,R1,out,2026-01-02T03:30:00
EVT-00000662,plate_R1_662,R1,out,2026-01-02T03:30:00
EVT-00000663,plate_R2_663,R2,out,2026-01-02T03:30:00
EVT-00000664,plate_R2_664,R2,out,2026-01-02T03:30:00
EVT-00000665,plate_R3_665,R3,out,2026-01-02T03:30:00
EVT-00000666,plate_R3_666,R3,out,2026-01-02T03:30:00
EVT-00000667,plate_R1_667,R1,out,2026-01-02T03:45:00
EVT-00000668,plate_R1_668,R1,out,2026-01-02T03:45:00
EVT-00000669,plate_R2_669,R2,out,2026-01-02T03:45:00
EVT-00000670,plate_R2_670,R2,out,2026-01-02T03:45:00
EVT-00000671,plate_R3_671,R3,out,2026-01-02T03:45:00
EVT-00000672,plate_R3_672,R3,out,2026-01-02T03:45:00
EVT-00000673,plate_R1_673,R1,out,2026-01-02T04:00:00
EVT-00000674,plate_R1_674,R1,out,2026-01-02T04:00:00
EVT-00000675,plate_R2_675,R2,out,2026-01-02T04:00:00
EVT-00000676,plate_R2_676,R2,out,2026-01-02T04:00:00
EVT-00000677,plate_R3_677,R3,out,2026-01-02T04:00:00
EVT-00000678,plate_R3_678,R3,out,2026-01-02T04:00:00
EVT-00000679,plate_R1_679,R1,out,2026-01-02T04:15:00
EVT-00000680,plate_R1_680,R1,out,2026-01-02T04:15:00
EVT-00000681,plate_R2_681,R2,out,2026-01-02T04:15:00
EVT-00000682,plate_R2_682,R2,out,2026-01-02T04:15:00
EVT-00000683,plate_R3_683,R3,out,2026-01-02T04:15:00
EVT-00000684,plate_R3_684,R3,out,2026-01-02T04:15:00
EVT-00000685,plate_R1_685,R1,out,2026-01-02T04:30:00
EVT-00000686,plate_R1_686,R1,out,2026-01-02T04:30:00
EVT-00000687,plate_R2_687,R2,out,2026-01-02T04:30:00
EVT-00000688,plate_R2_688,R2,out,2026-01-02T04:30:00
EVT-00000689,plate_R3_689,R3,out,2026-01-02T04:30:00
EVT-00000690,plate_R3_690,R3,out,2026-01-02T04:30:00
EVT-00000691,plate_R1_691,R1,out,2026-01-02T04:45:00
EVT-00000692,plate_R1_692,R1,out,2026-01-02T04:45:00
EVT-00000693,plate_R2_693,R2,out,2026-01-02T04:45:00
EVT-00000694,plate_R2_694,R2,out,2026-01-02T04:45:00
EVT-00000695,plate_R3_695,R3,out,2026-01-02T04:45:00
EVT-00000696,plate_R3_696,R3,out,2026-01-02T04:45:00
EVT-00000697,plate_R1_697,R1,out,2026-01-02T05:00:00
EVT-00000698,plate_R1_698,R1,out,2026-01-02T05:00:00
EVT-00000699,plate_R2_699,R2,out,2026-01-02T05:00:00
EVT-00000700,plate_R2_700,R2,out,2026-01-02T05:00:00
EVT-00000701,plate_R3_701,R3,out,2026-01-02T05:00:00
EVT-00000702,plate_R3_702,R3,out,2026-01-02T05:00:00
EVT-00000703,plate_R1_703,R1,out,2026-01-02T05:15:00
EVT-00000704,plate_R1_704,R1,out,2026-01-02T05:15:00
EVT-00000705,plate_R2_705,R2,out,2026-01-02T05:15:00
EVT-00000706,plate_R2_706,R2,out,2026-01-02T05:15:00
EVT-00000707,plate_R3_707,R3,out,2026-01-02T05:15:00
EVT-00000708,plate_R3_708,R3,out,2026-01-02T05:15:00
EVT-00000709,plate_R1_709,R1,out,2026-01-02T05:30:00
EVT-00000710,plate_R1_710,R1,out,2026-01-02T05:30:00
EVT-00000711,plate_R2_711,R2,out,2026-01-02T05:30:00
EVT-00000712,plate_R2_712,R2,out,2026-01-02T05:30:00
EVT-00000713,plate_R3_713,R3,out,2026-01-02T05:30:00
EVT-00000714,plate_R3_714,R3,out,2026-01-02T05:30:00
EVT-00000715,plate_R1_715,R1,out,2026-01-02T05:45:00
EVT-00000716,plate_R1_716,R1,out,2026-01-02T05:45:00
EVT-00000717,plate_R2_717,R2,out,2026-01-02T05:45:00
EVT-00000718,plate_R2_718,R2,out,2026-01-02T05:45:00
EVT-00000719,plate_R3_719,R3,out,2026-01-02T05:45:00
EVT-00000720,plate_R3_720,R3,out,2026-01-02T05:45:00
EVT-00000721,plate_R1_721,R1,out,2026-01-02T06:00:00
EVT-00000722,plate_R1_722,R1,out,2026-01-02T06:00:00
EVT-00000723,plate_R2_723,R2,out,2026-01-02T06:00:00
EVT-00000724,plate_R2_724,R2,out,2026-01-02T06:00:00
EVT-00000725,plate_R3_725,R3,out,2026-01-02T06:00:00
EVT-00000726,plate_R3_726,R3,out,2026-01-02T06:00:00
EVT-00000727,plate_R1_727,R1,out,2026-01-02T06:15:00
EVT-00000728,plate_R1_728,R1,out,2026-01-02T06:15:00
EVT-00000729,plate_R2_729,R2,out,2026-01-02T06:15:00
EVT-00000730,plate_R2_730,R2,out,2026-01-02T06:15:00
EVT-00000731,plate_R3_731,R3,out,2026-01-02T06:15:00
EVT-00000732,plate_R3_732,R3,out,2026-01-02T06:15:00
EVT-00000733,plate_R1_733,R1,out,2026-01-02T06:30:00
EVT-00000734,plate_R1_734,R1,out,2026-01-02T06:30:00
EVT-00000735,plate_R2_735,R2,out,2026-01-02T06:30:00
EVT-00000736,plate_R2_736,R2,out,2026-01-02T06:30:00
EVT-00000737,plate_R3_737,R3,out,2026-01-02T06:30:00
EVT-00000738,plate_R3_738,R3,out,2026-01-02T06:30:00
EVT-00000739,plate_R1_739,R1,out,2026-01-02T06:45:00
EVT-00000740,plate_R1_740,R1,out,2026-01-02T06:45:00
EVT-00000741,plate_R2_741,R2,out,2026-01-02T06:45:00
EVT-00000742,plate_R2_742,R2,out,2026-01-02T06:45:00
EVT-00000743,plate_R3_743,R3,out,2026-01-02T06:45:00
EVT-00000744,plate_R3_744,R3,out,2026-01-02T06:45:00
EVT-00000745,plate_R1_745,R1,out,2026-01-02T07:00:00
EVT-00000746,plate_R1_746,R1,out,2026-01-02T07:00:00
EVT-00000747,plate_R2_747,R2,out,2026-01-02T07:00:00
EVT-00000748,plate_R2_748,R2,out,2026-01-02T07:00:00
EVT-00000749,plate_R3_749,R3,out,2026-01-02T07:00:00
EVT-00000750,plate_R3_750,R3,out,2026-01-02T07:00:00
EVT-00000751,plate_R1_751,R1,out,2026-01-02T07:15:00
EVT-00000752,plate_R1_752,R1,out,2026-01-02T07:15:00
EVT-00000753,plate_R2_753,R2,out,2026-01-02T07:15:00
EVT-00000754,plate_R2_754,R2,out,2026-01-02T07:15:00
EVT-00000755,plate_R3_755,R3,out,2026-01-02T07:15:00
EVT-00000756,plate_R3_756,R3,out,2026-01-02T07:15:00
EVT-00000757,plate_R1_757,R1,out,2026-01-02T07:30:00
EVT-00000758,plate_R1_758,R1,out,2026-01-02T07:30:00
EVT-00000759,plate_R2_759,R2,out,2026-01-02T07:30:00
EVT-00000760,plate_R2_760,R2,out,2026-01-02T07:30:00
EVT-00000761,plate_R3_761,R3,out,2026-01-02T07:30:00
EVT-00000762,plate_R3_762,R3,out,2026-01-02T07:30:00
EVT-00000763,plate_R1_763,R1,out,2026-01-02T07:45:00
EVT-00000764,plate_R1_764,R1,out,2026-01-02T07:45:00
EVT-00000765,plate_R2_765,R2,out,2026-01-02T07:45:00
EVT-00000766,plate_R2_766,R2,out,2026-01-02T07:45:00
EVT-00000767,plate_R3_767,R3,out,2026-01-02T07:45:00
EVT-00000768,plate_R3_768,R3,out,2026-01-02T07:45:00
EVT-00000769,plate_R1_769,R1,out,2026-01-02T08:00:00
EVT-00000770,plate_R1_770,R1,out,2026-01-02T08:00:00
EVT-00000771,plate_R2_771,R2,out,2026-01-02T08:00:00
EVT-00000772,plate_R2_772,R2,out,2026-01-02T08:00:00
EVT-00000773,plate_R3_773,R3,out,2026-01-02T08:00:00
EVT-00000774,plate_R3_774,R3,out,2026-01-02T08:00:00
EVT-00000775,plate_R1_775,R1,out,2026-01-02T08:15:00
EVT-00000776,plate_R1_776,R1,out,2026-01-02T08:15:00
EVT-00000777,plate_R2_777,R2,out,2026-01-02T08:15:00
EVT-00000778,plate_R2_778,R2,out,2026-01-02T08:15:00
EVT-00000779,plate_R3_779,R3,out,2026-01-02T08:15:00
EVT-00000780,plate_R3_780,R3,out,2026-01-02T08:15:00
EVT-00000781,plate_R1_781,R1,out,2026-01-02T08:30:00
EVT-00000782,plate_R1_782,R1,out,2026-01-02T08:30:00
EVT-00000783,plate_R2_783,R2,out,2026-01-02T08:30:00
EVT-00000784,plate_R2_784,R2,out,2026-01-02T08:30:00
EVT-00000785,plate_R3_785,R3,out,2026-01-02T08:30:00
EVT-00000786,plate_R3_786,R3,out,2026-01-02T08:30:00
EVT-00000787,plate_R1_787,R1,out,2026-01-02T08:45:00
EVT-00000788,plate_R1_788,R1,out,2026-01-02T08:45:00
EVT-00000789,plate_R2_789,R2,out,2026-01-02T08:45:00
EVT-00000790,plate_R2_790,R2,out,2026-01-02T08:45:00
EVT-00000791,plate_R3_791,R3,out,2026-01-02T08:45:00
EVT-00000792,plate_R3_792,R3,out,2026-01-02T08:45:00
EVT-00000793,plate_R1_793,R1,out,2026-01-02T09:00:00
EVT-00000794,plate_R1_794,R1,out,2026-01-02T09:00:00
EVT-00000795,plate_R2_795,R2,out,2026-01-02T09:00:00
EVT-00000796,plate_R2_796,R2,out,2026-01-02T09:00:00
EVT-00000797,plate_R3_797,R3,out,2026-01-02T09:00:00
EVT-00000798,plate_R3_798,R3,out,2026-01-02T09:00:00
EVT-00000799,plate_R1_799,R1,out,2026-01-02T09:15:00
EVT-00000800,plate_R1_800,R1,out,2026-01-02T09:15:00
EVT-00000801,plate_R2_801,R2,out,2026-01-02T09:15:00
EVT-00000802,plate_R2_802,R2,out,2026-01-02T09:15:00
EVT-00000803,plate_R3_803,R3,out,2026-01-02T09:15:00
EVT-00000804,plate_R3_804,R3,out,2026-01-02T09:15:00
EVT-00000805,plate_R1_805,R1,out,2026-01-02T09:30:00
EVT-00000806,plate_R1_806,R1,out,2026-01-02T09:30:00
EVT-00000807,plate_R2_807,R2,out,2026-01-02T09:30:00
EVT-00000808,plate_R2_808,R2,out,2026-01-02T09:30:00
EVT-00000809,plate_R3_809,R3,out,2026-01-02T09:30:00
EVT-00000810,plate_R3_810,R3,out,2026-01-02T09:30:00
EVT-00000811,plate_R1_811,R1,out,2026-01-02T09:45:00
EVT-00000812,plate_R1_812,R1,out,2026-01-02T09:45:00
EVT-00000813,plate_R2_813,R2,out,2026-01-02T09:45:00
EVT-00000814,plate_R2_814,R2,out,2026-01-02T09:45:00
EVT-00000815,plate_R3_815,R3,out,2026-01-02T09:45:00
EVT-00000816,plate_R3_816,R3,out,2026-01-02T09:45:00
EVT-00000817,plate_R1_817,R1,out,2026-01-02T10:00:00
EVT-00000818,plate_R1_818,R1,out,2026-01-02T10:00:00
EVT-00000819,plate_R2_819,R2,out,2026-01-02T10:00:00
EVT-00000820,plate_R2_820,R2,out,2026-01-02T10:00:00
EVT-00000821,plate_R3_821,R3,out,2026-01-02T10:00:00
EVT-00000822,plate_R3_822,R3,out,2026-01-02T10:00:00
EVT-00000823,plate_R1_823,R1,out,2026-01-02T10:15:00
EVT-00000824,plate_R1_824,R1,out,2026-01-02T10:15:00
EVT-00000825,plate_R2_825,R2,out,2026-01-02T10:15:00
EVT-00000826,plate_R2_826,R2,out,2026-01-02T10:15:00
EVT-00000827,plate_R3_827,R3,out,2026-01-02T10:15:00
EVT-00000828,plate_R3_828,R3,out,2026-01-02T10:15:00
EVT-00000829,plate_R1_829,R1,out,2026-01-02T10:30:00
EVT-00000830,plate_R1_830,R1,out,2026-01-02T10:30:00
EVT-00000831,plate_R2_831,R2,out,2026-01-02T10:30:00
EVT-00000832,plate_R2_832,R2,out,2026-01-02T10:30:00
EVT-00000833,plate_R3_833,R3,out,2026-01-02T10:30:00
EVT-00000834,plate_R3_834,R3,out,2026-01-02T10:30:00
EVT-00000835,plate_R1_835,R1,out,2026-01-02T10:45:00
EVT-00000836,plate_R1_836,R1,out,2026-01-02T10:45:00
EVT-00000837,plate_R2_837,R2,out,2026-01-02T10:45:00
EVT-00000838,plate_R2_838,R2,out,2026-01-02T10:45:00
EVT-00000839,plate_R3_839,R3,out,2026-01-02T10:45:00
EVT-00000840,plate_R3_840,R3,out,2026-01-02T10:45:00
EVT-00000841,plate_R1_841,R1,out,2026-01-02T11:00:00
EVT-00000842,plate_R1_842,R1,out,2026-01-02T11:00:00
EVT-00000843,plate_R2_843,R2,out,2026-01-02T11:00:00
EVT-00000844,plate_R2_844,R2,out,2026-01-02T11:00:00
EVT-00000845,plate_R3_845,R3,out,2026-01-02T11:00:00
EVT-00000846,plate_R3_846,R3,out,2026-01-02T11:00:00
EVT-00000847,plate_R1_847,R1,out,2026-01-02T11:15:00
EVT-00000848,plate_R1_848,R1,out,2026-01-02T11:15:00
EVT-00000849,plate_R2_849,R2,out,2026-01-02T11:15:00
EVT-00000850,plate_R2_850,R2,out,2026-01-02T11:15:00
EVT-00000851,plate_R3_851,R3,out,2026-01-02T11:15:00
EVT-00000852,plate_R3_852,R3,out,2026-01-02T11:15:00
EVT-00000853,plate_R1_853,R1,out,2026-01-02T11:30:00
EVT-00000854,plate_R1_854,R1,out,2026-01-02T11:30:00
EVT-00000855,plate_R2_855,R2,out,2026-01-02T11:30:00
EVT-00000856,plate_R2_856,R2,out,2026-01-02T11:30:00
EVT-00000857,plate_R3_857,R3,out,2026-01-02T11:30:00
EVT-00000858,plate_R3_858,R3,out,2026-01-02T11:30:00
EVT-00000859,plate_R1_859,R1,out,2026-01-02T11:45:00
EVT-00000860,plate_R1_860,R1,out,2026-01-02T11:45:00
EVT-00000861,plate_R2_861,R2,out,2026-01-02T11:45:00
EVT-00000862,plate_R2_862,R2,out,2026-01-02T11:45:00
EVT-00000863,plate_R3_863,R3,out,2026-01-02T11:45:00
EVT-00000864,plate_R3_864,R3,out,2026-01-02T11:45:00
EVT-00000865,plate_R1_865,R1,out,2026-01-02T12:00:00
EVT-00000866,plate_R1_866,R1,out,2026-01-02T12:00:00
EVT-00000867,plate_R2_867,R2,out,2026-01-02T12:00:00
EVT-00000868,plate_R2_868,R2,out,2026-01-02T12:00:00
EVT-00000869,plate_R3_869,R3,out,2026-01-02T12:00:00
EVT-00000870,plate_R3_870,R3,out,2026-01-02T12:00:00
EVT-00000871,plate_R1_871,R1,out,2026-01-02T12:15:00
EVT-00000872,plate_R1_872,R1,out,2026-01-02T12:15:00
EVT-00000873,plate_R2_873,R2,out,2026-01-02T12:15:00
EVT-00000874,plate_R2_874,R2,out,2026-01-02T12:15:00
EVT-00000875,plate_R3_875,R3,out,2026-01-02T12:15:00
EVT-00000876,plate_R3_876,R3,out,2026-01-02T12:15:00
EVT-00000877,plate_R1_877,R1,out,2026-01-02T12:30:00
EVT-00000878,plate_R1_878,R1,out,2026-01-02T12:30:00
EVT-00000879,plate_R2_879,R2,out,2026-01-02T12:30:00
EVT-00000880,plate_R2_880,R2,out,2026-01-02T12:30:00
EVT-00000881,plate_R3_881,R3,out,2026-01-02T12:30:00
EVT-00000882,plate_R3_882,R3,out,2026-01-02T12:30:00
EVT-00000883,plate_R1_883,R1,out,2026-01-02T12:45:00
EVT-00000884,plate_R1_884,R1,out,2026-01-02T12:45:00
EVT-00000885,plate_R2_885,R2,out,2026-01-02T12:45:00
EVT-00000886,plate_R2_886,R2,out,2026-01-02T12:45:00
EVT-00000887,plate_R3_887,R3,out,2026-01-02T12:45:00
EVT-00000888,plate_R3_888,R3,out,2026-01-02T12:45:00
EVT-00000889,plate_R1_889,R1,out,2026-01-02T13:00:00
EVT-00000890,plate_R1_890,R1,out,2026-01-02T13:00:00
EVT-00000891,plate_R2_891,R2,out,2026-01-02T13:00:00
EVT-00000892,plate_R2_892,R2,out,2026-01-02T13:00:00
EVT-00000893,plate_R3_893,R3,out,2026-01-02T13:00:00
EVT-00000894,plate_R3_894,R3,out,2026-01-02T13:00:00
EVT-00000895,plate_R1_895,R1,out,2026-01-02T13:15:00
EVT-00000896,plate_R1_896,R1,out,2026-01-02T13:15:00
EVT-00000897,plate_R2_897,R2,out,2026-01-02T13:15:00
EVT-00000898,plate_R2_898,R2,out,2026-01-02T13:15:00
EVT-00000899,plate_R3_899,R3,out,2026-01-02T13:15:00
EVT-00000900,plate_R3_900,R3,out,2026-01-02T13:15:00
EVT-00000901,plate_R1_901,R1,out,2026-01-02T13:30:00
EVT-00000902,plate_R1_902,R1,out,2026-01-02T13:30:00
EVT-00000903,plate_R2_903,R2,out,2026-01-02T13:30:00
EVT-00000904,plate_R2_904,R2,out,2026-01-02T13:30:00
EVT-00000905,plate_R3_905,R3,out,2026-01-02T13:30:00
EVT-00000906,plate_R3_906,R3,out,2026-01-02T13:30:00
EVT-00000907,plate_R1_907,R1,out,2026-01-02T13:45:00
EVT-00000908,plate_R1_908,R1,out,2026-01-02T13:45:00
EVT-00000909,plate_R2_909,R2,out,2026-01-02T13:45:00
EVT-00000910,plate_R2_910,R2,out,2026-01-02T13:45:00
EVT-00000911,plate_R3_911,R3,out,2026-01-02T13:45:00
EVT-00000912,plate_R3_912,R3,out,2026-01-02T13:45:00
EVT-00000913,plate_R1_913,R1,out,2026-01-02T14:00:00
EVT-00000914,plate_R1_914,R1,out,2026-01-02T14:00:00
EVT-00000915,plate_R2_915,R2,out,2026-01-02T14:00:00
EVT-00000916,plate_R2_916,R2,out,2026-01-02T14:00:00
EVT-00000917,plate_R3_917,R3,out,2026-01-02T14:00:00
EVT-00000918,plate_R3_918,R3,out,2026-01-02T14:00:00
EVT-00000919,plate_R1_919,R1,out,2026-01-02T14:15:00
EVT-00000920,plate_R1_920,R1,out,2026-01-02T14:15:00
EVT-00000921,plate_R2_921,R2,out,2026-01-02T14:15:00
EVT-00000922,plate_R2_922,R2,out,2026-01-02T14:15:00
EVT-00000923,plate_R3_923,R3,out,2026-01-02T14:15:00
EVT-00000924,plate_R3_924,R3,out,2026-01-02T14:15:00
EVT-00000925,plate_R1_925,R1,out,2026-01-02T14:30:00
EVT-00000926,plate_R1_926,R1,out,2026-01-02T14:30:00
EVT-00000927,plate_R2_927,R2,out,2026-01-02T14:30:00
EVT-00000928,plate_R2_928,R2,out,2026-01-02T14:30:00
EVT-00000929,plate_R3_929,R3,out,2026-01-02T14:30:00
EVT-00000930,plate_R3_930,R3,out,2026-01-02T14:30:00
EVT-00000931,plate_R1_931,R1,out,2026-01-02T14:45:00
EVT-00000932,plate_R1_932,R1,out,2026-01-02T14:45:00
EVT-00000933,plate_R2_933,R2,out,2026-01-02T14:45:00
EVT-00000934,plate_R2_934,R2,out,2026-01-02T14:45:00
EVT-00000935,plate_R3_935,R3,out,2026-01-02T14:45:00
EVT-00000936,plate_R3_936,R3,out,2026-01-02T14:45:00
EVT-00000937,plate_R1_937,R1,out,2026-01-02T15:00:00
EVT-00000938,plate_R1_938,R1,out,2026-01-02T15:00:00
EVT-00000939,plate_R2_939,R2,out,2026-01-02T15:00:00
EVT-00000940,plate_R2_940,R2,out,2026-01-02T15:00:00
EVT-00000941,plate_R3_941,R3,out,2026-01-02T15:00:00
EVT-00000942,plate_R3_942,R3,out,2026-01-02T15:00:00
EVT-00000943,plate_R1_943,R1,out,2026-01-02T15:15:00
EVT-00000944,plate_R1_944,R1,out,2026-01-02T15:15:00
EVT-00000945,plate_R2_945,R2,out,2026-01-02T15:15:00
EVT-00000946,plate_R2_946,R2,out,2026-01-02T15:15:00
EVT-00000947,plate_R3_947,R3,out,2026-01-02T15:15:00
EVT-00000948,plate_R3_948,R3,out,2026-01-02T15:15:00
EVT-00000949,plate_R1_949,R1,out,2026-01-02T15:30:00
EVT-00000950,plate_R1_950,R1,out,2026-01-02T15:30:00
EVT-00000951,plate_R2_951,R2,out,2026-01-02T15:30:00
EVT-00000952,plate_R2_952,R2,out,2026-01-02T15:30:00
EVT-00000953,plate_R3_953,R3,out,2026-01-02T15:30:00
EVT-00000954,plate_R3_954,R3,out,2026-01-02T15:30:00
EVT-00000955,plate_R1_955,R1,out,2026-01-02T15:45:00
EVT-00000956,plate_R1_956,R1,out,2026-01-02T15:45:00
EVT-00000957,plate_R2_957,R2,out,2026-01-02T15:45:00
EVT-00000958,plate_R2_958,R2,out,2026-01-02T15:45:00
EVT-00000959,plate_R3_959,R3,out,2026-01-02T15:45:00
EVT-00000960,plate_R3_960,R3,out,2026-01-02T15:45:00
EVT-00000961,plate_R1_961,R1,out,2026-01-02T16:00:00
EVT-00000962,plate_R1_962,R1,out,2026-01-02T16:00:00
EVT-00000963,plate_R2_963,R2,out,2026-01-02T16:00:00
EVT-00000964,plate_R2_964,R2,out,2026-01-02T16:00:00
EVT-00000965,plate_R3_965,R3,out,2026-01-02T16:00:00
EVT-00000966,plate_R3_966,R3,out,2026-01-02T16:00:00
EVT-00000967,plate_R1_967,R1,out,2026-01-02T16:15:00
EVT-00000968,plate_R1_968,R1,out,2026-01-02T16:15:00
EVT-00000969,plate_R2_969,R2,out,2026-01-02T16:15:00
EVT-00000970,plate_R2_970,R2,out,2026-01-02T16:15:00
EVT-00000971,plate_R3_971,R3,out,2026-01-02T16:15:00
EVT-00000972,plate_R3_972,R3,out,2026-01-02T16:15:00
EVT-00000973,plate_R1_973,R1,out,2026-01-02T16:30:00
EVT-00000974,plate_R1_974,R1,out,2026-01-02T16:30:00
EVT-00000975,plate_R2_975,R2,out,2026-01-02T16:30:00
EVT-00000976,plate_R2_976,R2,out,2026-01-02T16:30:00
EVT-00000977,plate_R3_977,R3,out,2026-01-02T16:30:00
EVT-00000978,plate_R3_978,R3,out,2026-01-02T16:30:00
EVT-00000979,plate_R1_979,R1,out,2026-01-02T16:45:00
EVT-00000980,plate_R1_980,R1,out,2026-01-02T16:45:00
EVT-00000981,plate_R2_981,R2,out,2026-01-02T16:45:00
EVT-00000982,plate_R2_982,R2,out,2026-01-02T16:45:00
EVT-00000983,plate_R3_983,R3,out,2026-01-02T16:45:00
EVT-00000984,plate_R3_984,R3,out,2026-01-02T16:45:00
EVT-00000985,plate_R1_985,R1,out,2026-01-02T17:00:00
EVT-00000986,plate_R1_986,R1,out,2026-01-02T17:00:00
EVT-00000987,plate_R2_987,R2,out,2026-01-02T17:00:00
EVT-00000988,plate_R2_988,R2,out,2026-01-02T17:00:00
EVT-00000989,plate_R3_989,R3,out,2026-01-02T17:00:00
EVT-00000990,plate_R3_990,R3,out,2026-01-02T17:00:00
EVT-00000991,plate_R1_991,R1,out,2026-01-02T17:15:00
EVT-00000992,plate_R1_992,R1,out,2026-01-02T17:15:00
EVT-00000993,plate_R2_993,R2,out,2026-01-02T17:15:00
EVT-00000994,plate_R2_994,R2,out,2026-01-02T17:15:00
EVT-00000995,plate_R3_995,R3,out,2026-01-02T17:15:00
EVT-00000996,plate_R3_996,R3,out,2026-01-02T17:15:00
EVT-00000997,plate_R1_000,R1,out,2026-01-02T17:30:00
EVT-00000998,plate_R1_001,R1,out,2026-01-02T17:30:00
EVT-00000999,plate_R2_002,R2,out,2026-01-02T17:30:00
EVT-00001000,plate_R2_003,R2,out,2026-01-02T17:30:00
EVT-00001001,plate_R3_004,R3,out,2026-01-02T17:30:00
EVT-00001002,plate_R3_005,R3,out,2026-01-02T17:30:00
EVT-00001003,plate_R1_006,R1,out,2026-01-02T17:45:00
EVT-00001004,plate_R1_007,R1,out,2026-01-02T17:45:00
EVT-00001005,plate_R2_008,R2,out,2026-01-02T17:45:00
EVT-00001006,plate_R2_009,R2,out,2026-01-02T17:45:00
EVT-00001007,plate_R3_010,R3,out,2026-01-02T17:45:00
EVT-00001008,plate_R3_011,R3,out,2026-01-02T17:45:00
EVT-00001009,plate_R1_012,R1,out,2026-01-02T18:00:00
EVT-00001010,plate_R1_013,R1,out,2026-01-02T18:00:00
EVT-00001011,plate_R2_014,R2,out,2026-01-02T18:00:00
EVT-00001012,plate_R2_015,R2,out,2026-01-02T18:00:00
EVT-00001013,plate_R3_016,R3,out,2026-01-02T18:00:00
EVT-00001014,plate_R3_017,R3,out,2026-01-02T18:00:00
EVT-00001015,plate_R1_018,R1,out,2026-01-02T18:15:00
EVT-00001016,plate_R1_019,R1,out,2026-01-02T18:15:00
EVT-00001017,plate_R2_020,R2,out,2026-01-02T18:15:00
EVT-00001018,plate_R2_021,R2,out,2026-01-02T18:15:00
EVT-00001019,plate_R3_022,R3,out,2026-01-02T18:15:00
EVT-00001020,plate_R3_023,R3,out,2026-01-02T18:15:00
EVT-00001021,plate_R1_024,R1,out,2026-01-02T18:30:00
EVT-00001022,plate_R1_025,R1,out,2026-01-02T18:30:00
EVT-00001023,plate_R2_026,R2,out,2026-01-02T18:30:00
EVT-00001024,plate_R2_027,R2,out,2026-01-02T18:30:00
EVT-00001025,plate_R3_028,R3,out,2026-01-02T18:30:00
EVT-00001026,plate_R3_029,R3,out,2026-01-02T18:30:00
EVT-00001027,plate_R1_030,R1,out,2026-01-02T18:45:00
EVT-00001028,plate_R1_031,R1,out,2026-01-02T18:45:00
EVT-00001029,plate_R2_032,R2,out,2026-01-02T18:45:00
EVT-00001030,plate_R2_033,R2,out,2026-01-02T18:45:00
EVT-00001031,plate_R3_034,R3,out,2026-01-02T18:45:00
EVT-00001032,plate_R3_035,R3,out,2026-01-02T18:45:00
EVT-00001033,plate_R1_036,R1,out,2026-01-02T19:00:00
EVT-00001034,plate_R1_037,R1,out,2026-01-02T19:00:00
EVT-00001035,plate_R2_038,R2,out,2026-01-02T19:00:00
EVT-00001036,plate_R2_039,R2,out,2026-01-02T19:00:00
EVT-00001037,plate_R3_040,R3,out,2026-01-02T19:00:00
EVT-00001038,plate_R3_041,R3,out,2026-01-02T19:00:00
EVT-00001039,plate_R1_042,R1,out,2026-01-02T19:15:00
EVT-00001040,plate_R1_043,R1,out,2026-01-02T19:15:00
EVT-00001041,plate_R2_044,R2,out,2026-01-02T19:15:00
EVT-00001042,plate_R2_045,R2,out,2026-01-02T19:15:00
EVT-00001043,plate_R3_046,R3,out,2026-01-02T19:15:00
EVT-00001044,plate_R3_047,R3,out,2026-01-02T19:15:00
EVT-00001045,plate_R1_048,R1,out,2026-01-02T19:30:00
EVT-00001046,plate_R1_049,R1,out,2026-01-02T19:30:00
EVT-00001047,plate_R2_050,R2,out,2026-01-02T19:30:00
EVT-00001048,plate_R2_051,R2,out,2026-01-02T19:30:00
EVT-00001049,plate_R3_052,R3,out,2026-01-02T19:30:00
EVT-00001050,plate_R3_053,R3,out,2026-01-02T19:30:00
EVT-00001051,plate_R1_054,R1,out,2026-01-02T19:45:00
EVT-00001052,plate_R1_055,R1,out,2026-01-02T19:45:00
EVT-00001053,plate_R2_056,R2,out,2026-01-02T19:45:00
EVT-00001054,plate_R2_057,R2,out,2026-01-02T19:45:00
EVT-00001055,plate_R3_058,R3,out,2026-01-02T19:45:00
EVT-00001056,plate_R3_059,R3,out,2026-01-02T19:45:00
EVT-00001057,plate_R1_060,R1,out,2026-01-02T20:00:00
EVT-00001058,plate_R1_061,R1,out,2026-01-02T20:00:00
EVT-00001059,plate_R2_062,R2,out,2026-01-02T20:00:00
EVT-00001060,plate_R2_063,R2,out,2026-01-02T20:00:00
EVT-00001061,plate_R3_064,R3,out,2026-01-02T20:00:00
EVT-00001062,plate_R3_065,R3,out,2026-01-02T20:00:00
EVT-00001063,plate_R1_066,R1,out,2026-01-02T20:15:00
EVT-00001064,plate_R1_067,R1,out,2026-01-02T20:15:00
EVT-00001065,plate_R2_068,R2,out,2026-01-02T20:15:00
EVT-00001066,plate_R2_069,R2,out,2026-01-02T20:15:00
EVT-00001067,plate_R3_070,R3,out,2026-01-02T20:15:00
EVT-00001068,plate_R3_071,R3,out,2026-01-02T20:15:00
EVT-00001069,plate_R1_072,R1,out,2026-01-02T20:30:00
EVT-00001070,plate_R1_073,R1,out,2026-01-02T20:30:00
EVT-00001071,plate_R2_074,R2,out,2026-01-02T20:30:00
EVT-00001072,plate_R2_075,R2,out,2026-01-02T20:30:00
EVT-00001073,plate_R3_076,R3,out,2026-01-02T20:30:00
EVT-00001074,plate_R3_077,R3,out,2026-01-02T20:30:00
EVT-00001075,plate_R1_078,R1,out,2026-01-02T20:45:00
EVT-00001076,plate_R1_079,R1,out,2026-01-02T20:45:00
EVT-00001077,plate_R2_080,R2,out,2026-01-02T20:45:00
EVT-00001078,plate_R2_081,R2,out,2026-01-02T20:45:00
EVT-00001079,plate_R3_082,R3,out,2026-01-02T20:45:00
EVT-00001080,plate_R3_083,R3,out,2026-01-02T20:45:00
EVT-00001081,plate_R1_084,R1,out,2026-01-02T21:00:00
EVT-00001082,plate_R1_085,R1,out,2026-01-02T21:00:00
EVT-00001083,plate_R2_086,R2,out,2026-01-02T21:00:00
EVT-00001084,plate_R2_087,R2,out,2026-01-02T21:00:00
EVT-00001085,plate_R3_088,R3,out,2026-01-02T21:00:00
EVT-00001086,plate_R3_089,R3,out,2026-01-02T21:00:00
EVT-00001087,plate_R1_090,R1,out,2026-01-02T21:15:00
EVT-00001088,plate_R1_091,R1,out,2026-01-02T21:15:00
EVT-00001089,plate_R2_092,R2,out,2026-01-02T21:15:00
EVT-00001090,plate_R2_093,R2,out,2026-01-02T21:15:00
EVT-00001091,plate_R3_094,R3,out,2026-01-02T21:15:00
EVT-00001092,plate_R3_095,R3,out,2026-01-02T21:15:00
EVT-00001093,plate_R1_096,R1,out,2026-01-02T21:30:00
EVT-00001094,plate_R1_097,R1,out,2026-01-02T21:30:00
EVT-00001095,plate_R2_098,R2,out,2026-01-02T21:30:00
EVT-00001096,plate_R2_099,R2,out,2026-01-02T21:30:00
EVT-00001097,plate_R3_100,R3,out,2026-01-02T21:30:00
EVT-00001098,plate_R3_101,R3,out,2026-01-02T21:30:00
EVT-00001099,plate_R1_102,R1,out,2026-01-02T21:45:00
EVT-00001100,plate_R1_103,R1,out,2026-01-02T21:45:00
EVT-00001101,plate_R2_104,R2,out,2026-01-02T21:45:00
EVT-00001102,plate_R2_105,R2,out,2026-01-02T21:45:00
EVT-00001103,plate_R3_106,R3,out,2026-01-02T21:45:00
EVT-00001104,plate_R3_107,R3,out,2026-01-02T21:45:00
EVT-00001105,plate_R1_108,R1,out,2026-01-02T22:00:00
EVT-00001106,plate_R1_109,R1,out,2026-01-02T22:00:00
EVT-00001107,plate_R2_110,R2,out,2026-01-02T22:00:00
EVT-00001108,plate_R2_111,R2,out,2026-01-02T22:00:00
EVT-00001109,plate_R3_112,R3,out,2026-01-02T22:00:00
EVT-00001110,plate_R3_113,R3,out,2026-01-02T22:00:00
EVT-00001111,plate_R1_114,R1,out,2026-01-02T22:15:00
EVT-00001112,plate_R1_115,R1,out,2026-01-02T22:15:00
EVT-00001113,plate_R2_116,R2,out,2026-01-02T22:15:00
EVT-00001114,plate_R2_117,R2,out,2026-01-02T22:15:00
EVT-00001115,plate_R3_118,R3,out,2026-01-02T22:15:00
EVT-00001116,plate_R3_119,R3,out,2026-01-02T22:15:00
EVT-00001117,plate_R1_120,R1,out,2026-01-02T22:30:00
EVT-00001118,plate_R1_121,R1,out,2026-01-02T22:30:00
EVT-00001119,plate_R2_122,R2,out,2026-01-02T22:30:00
EVT-00001120,plate_R2_123,R2,out,2026-01-02T22:30:00
EVT-00001121,plate_R3_124,R3,out,2026-01-02T22:30:00
EVT-00001122,plate_R3_125,R3,out,2026-01-02T22:30:00
EVT-00001123,plate_R1_126,R1,out,2026-01-02T22:45:00
EVT-00001124,plate_R1_127,R1,out,2026-01-02T22:45:00
EVT-00001125,plate_R2_128,R2,out,2026-01-02T22:45:00
EVT-00001126,plate_R2_129,R2,out,2026-01-02T22:45:00
EVT-00001127,plate_R3_130,R3,out,2026-01-02T22:45:00
EVT-00001128,plate_R3_131,R3,out,2026-01-02T22:45:00
EVT-00001129,plate_R1_132,R1,out,2026-01-02T23:00:00
EVT-00001130,plate_R1_133,R1,out,2026-01-02T23:00:00
EVT-00001131,plate_R2_134,R2,out,2026-01-02T23:00:00
EVT-00001132,plate_R2_135,R2,out,2026-01-02T23:00:00
EVT-00001133,plate_R3_136,R3,out,2026-01-02T23:00:00
EVT-00001134,plate_R3_137,R3,out,2026-01-02T23:00:00
EVT-00001135,plate_R1_138,R1,out,2026-01-02T23:15:00
EVT-00001136,plate_R1_139,R1,out,2026-01-02T23:15:00
EVT-00001137,plate_R2_140,R2,out,2026-01-02T23:15:00
EVT-00001138,plate_R2_141,R2,out,2026-01-02T23:15:00
EVT-00001139,plate_R3_142,R3,out,2026-01-02T23:15:00
EVT-00001140,plate_R3_143,R3,out,2026-01-02T23:15:00
EVT-00001141,plate_R1_144,R1,out,2026-01-02T23:30:00
EVT-00001142,plate_R1_145,R1,out,2026-01-02T23:30:00
EVT-00001143,plate_R2_146,R2,out,2026-01-02T23:30:00
EVT-00001144,plate_R2_147,R2,out,2026-01-02T23:30:00
EVT-00001145,plate_R3_148,R3,out,2026-01-02T23:30:00
EVT-00001146,plate_R3_149,R3,out,2026-01-02T23:30:00
EVT-00001147,plate_R1_150,R1,out,2026-01-02T23:45:00
EVT-00001148,plate_R1_151,R1,out,2026-01-02T23:45:00
EVT-00001149,plate_R2_152,R2,out,2026-01-02T23:45:00
EVT-00001150,plate_R2_153,R2,out,2026-01-02T23:45:00
EVT-00001151,plate_R3_154,R3,out,2026-01-02T23:45:00
EVT-00001152,plate_R3_155,R3,out,2026-01-02T23:45:00
EVT-00001153,plate_R1_156,R1,out,2026-01-03T00:00:00
EVT-00001154,plate_R1_157,R1,out,2026-01-03T00:00:00
EVT-00001155,plate_R2_158,R2,out,2026-01-03T00:00:00
EVT-00001156,plate_R2_159,R2,out,2026-01-03T00:00:00
EVT-00001157,plate_R3_160,R3,out,2026-01-03T00:00:00
EVT-00001158,plate_R3_161,R3,out,2026-01-03T00:00:00
EVT-00001159,plate_R1_162,R1,out,2026-01-03T00:15:00
EVT-00001160,plate_R1_163,R1,out,2026-01-03T00:15:00
EVT-00001161,plate_R2_164,R2,out,2026-01-03T00:15:00
EVT-00001162,plate_R2_165,R2,out,2026-01-03T00:15:00
EVT-00001163,plate_R3_166,R3,out,2026-01-03T00:15:00
EVT-00001164,plate_R3_167,R3,out,2026-01-03T00:15:00
EVT-00001165,plate_R1_168,R1,out,2026-01-03T00:30:00
EVT-00001166,plate_R1_169,R1,out,2026-01-03T00:30:00
EVT-00001167,plate_R2_170,R2,out,2026-01-03T00:30:00
EVT-00001168,plate_R2_171,R2,out,2026-01-03T00:30:00
EVT-00001169,plate_R3_172,R3,out,2026-01-03T00:30:00
EVT-00001170,plate_R3_173,R3,out,2026-01-03T00:30:00
EVT-00001171,plate_R1_174,R1,out,2026-01-03T00:45:00
EVT-00001172,plate_R1_175,R1,out,2026-01-03T00:45:00
EVT-00001173,plate_R2_176,R2,out,2026-01-03T00:45:00
EVT-00001174,plate_R2_177,R2,out,2026-01-03T00:45:00
EVT-00001175,plate_R3_178,R3,out,2026-01-03T00:45:00
EVT-00001176,plate_R3_179,R3,out,2026-01-03T00:45:00
EVT-00001177,plate_R1_180,R1,out,2026-01-03T01:00:00
EVT-00001178,plate_R1_181,R1,out,2026-01-03T01:00:00
EVT-00001179,plate_R2_182,R2,out,2026-01-03T01:00:00
EVT-00001180,plate_R2_183,R2,out,2026-01-03T01:00:00
EVT-00001181,plate_R3_184,R3,out,2026-01-03T01:00:00
EVT-00001182,plate_R3_185,R3,out,2026-01-03T01:00:00
EVT-00001183,plate_R1_186,R1,out,2026-01-03T01:15:00
EVT-00001184,plate_R1_187,R1,out,2026-01-03T01:15:00
EVT-00001185,plate_R2_188,R2,out,2026-01-03T01:15:00
EVT-00001186,plate_R2_189,R2,out,2026-01-03T01:15:00
EVT-00001187,plate_R3_190,R3,out,2026-01-03T01:15:00
EVT-00001188,plate_R3_191,R3,out,2026-01-03T01:15:00
EVT-00001189,plate_R1_192,R1,out,2026-01-03T01:30:00
EVT-00001190,plate_R1_193,R1,out,2026-01-03T01:30:00
EVT-00001191,plate_R2_194,R2,out,2026-01-03T01:30:00
EVT-00001192,plate_R2_195,R2,out,2026-01-03T01:30:00
EVT-00001193,plate_R3_196,R3,out,2026-01-03T01:30:00
EVT-00001194,plate_R3_197,R3,out,2026-01-03T01:30:00
EVT-00001195,plate_R1_198,R1,out,2026-01-03T01:45:00
EVT-00001196,plate_R1_199,R1,out,2026-01-03T01:45:00
EVT-00001197,plate_R2_200,R2,out,2026-01-03T01:45:00
EVT-00001198,plate_R2_201,R2,out,2026-01-03T01:45:00
EVT-00001199,plate_R3_202,R3,out,2026-01-03T01:45:00
EVT-00001200,plate_R3_203,R3,out,2026-01-03T01:45:00
EVT-00001201,plate_R1_204,R1,out,2026-01-03T02:00:00
EVT-00001202,plate_R1_205,R1,out,2026-01-03T02:00:00
EVT-00001203,plate_R2_206,R2,out,2026-01-03T02:00:00
EVT-00001204,plate_R2_207,R2,out,2026-01-03T02:00:00
EVT-00001205,plate_R3_208,R3,out,2026-01-03T02:00:00
EVT-00001206,plate_R3_209,R3,out,2026-01-03T02:00:00
EVT-00001207,plate_R1_210,R1,out,2026-01-03T02:15:00
EVT-00001208,plate_R1_211,R1,out,2026-01-03T02:15:00
EVT-00001209,plate_R2_212,R2,out,2026-01-03T02:15:00
EVT-00001210,plate_R2_213,R2,out,2026-01-03T02:15:00
EVT-00001211,plate_R3_214,R3,out,2026-01-03T02:15:00
EVT-00001212,plate_R3_215,R3,out,2026-01-03T02:15:00
EVT-00001213,plate_R1_216,R1,out,2026-01-03T02:30:00
EVT-00001214,plate_R1_217,R1,out,2026-01-03T02:30:00
EVT-00001215,plate_R2_218,R2,out,2026-01-03T02:30:00
EVT-00001216,plate_R2_219,R2,out,2026-01-03T02:30:00
EVT-00001217,plate_R3_220,R3,out,2026-01-03T02:30:00
EVT-00001218,plate_R3_221,R3,out,2026-01-03T02:30:00
EVT-00001219,plate_R1_222,R1,out,2026-01-03T02:45:00
EVT-00001220,plate_R1_223,R1,out,2026-01-03T02:45:00
EVT-00001221,plate_R2_224,R2,out,2026-01-03T02:45:00
EVT-00001222,plate_R2_225,R2,out,2026-01-03T02:45:00
EVT-00001223,plate_R3_226,R3,out,2026-01-03T02:45:00
EVT-00001224,plate_R3_227,R3,out,2026-01-03T02:45:00
EVT-00001225,plate_R1_228,R1,out,2026-01-03T03:00:00
EVT-00001226,plate_R1_229,R1,out,2026-01-03T03:00:00
EVT-00001227,plate_R2_230,R2,out,2026-01-03T03:00:00
EVT-00001228,plate_R2_231,R2,out,2026-01-03T03:00:00
EVT-00001229,plate_R3_232,R3,out,2026-01-03T03:00:00
EVT-00001230,plate_R3_233,R3,out,2026-01-03T03:00:00
EVT-00001231,plate_R1_234,R1,out,2026-01-03T03:15:00
EVT-00001232,plate_R1_235,R1,out,2026-01-03T03:15:00
EVT-00001233,plate_R2_236,R2,out,2026-01-03T03:15:00
EVT-00001234,plate_R2_237,R2,out,2026-01-03T03:15:00
EVT-00001235,plate_R3_238,R3,out,2026-01-03T03:15:00
EVT-00001236,plate_R3_239,R3,out,2026-01-03T03:15:00
EVT-00001237,plate_R1_240,R1,out,2026-01-03T03:30:00
EVT-00001238,plate_R1_241,R1,out,2026-01-03T03:30:00
EVT-00001239,plate_R2_242,R2,out,2026-01-03T03:30:00
EVT-00001240,plate_R2_243,R2,out,2026-01-03T03:30:00
EVT-00001241,plate_R3_244,R3,out,2026-01-03T03:30:00
EVT-00001242,plate_R3_245,R3,out,2026-01-03T03:30:00
EVT-00001243,plate_R1_246,R1,out,2026-01-03T03:45:00
EVT-00001244,plate_R1_247,R1,out,2026-01-03T03:45:00
EVT-00001245,plate_R2_248,R2,out,2026-01-03T03:45:00
EVT-00001246,plate_R2_249,R2,out,2026-01-03T03:45:00
EVT-00001247,plate_R3_250,R3,out,2026-01-03T03:45:00
EVT-00001248,plate_R3_251,R3,out,2026-01-03T03:45:00
EVT-00001249,plate_R1_252,R1,out,2026-01-03T04:00:00
EVT-00001250,plate_R1_253,R1,out,2026-01-03T04:00:00
EVT-00001251,plate_R2_254,R2,out,2026-01-03T04:00:00
EVT-00001252,plate_R2_255,R2,out,2026-01-03T04:00:00
EVT-00001253,plate_R3_256,R3,out,2026-01-03T04:00:00
EVT-00001254,plate_R3_257,R3,out,2026-01-03T04:00:00
EVT-00001255,plate_R1_258,R1,out,2026-01-03T04:15:00
EVT-00001256,plate_R1_259,R1,out,2026-01-03T04:15:00
EVT-00001257,plate_R2_260,R2,out,2026-01-03T04:15:00
EVT-00001258,plate_R2_261,R2,out,2026-01-03T04:15:00
EVT-00001259,plate_R3_262,R3,out,2026-01-03T04:15:00
EVT-00001260,plate_R3_263,R3,out,2026-01-03T04:15:00
EVT-00001261,plate_R1_264,R1,out,2026-01-03T04:30:00
EVT-00001262,plate_R1_265,R1,out,2026-01-03T04:30:00
EVT-00001263,plate_R2_266,R2,out,2026-01-03T04:30:00
EVT-00001264,plate_R2_267,R2,out,2026-01-03T04:30:00
EVT-00001265,plate_R3_268,R3,out,2026-01-03T04:30:00
EVT-00001266,plate_R3_269,R3,out,2026-01-03T04:30:00
EVT-00001267,plate_R1_270,R1,out,2026-01-03T04:45:00
EVT-00001268,plate_R1_271,R1,out,2026-01-03T04:45:00
EVT-00001269,plate_R2_272,R2,out,2026-01-03T04:45:00
EVT-00001270,plate_R2_273,R2,out,2026-01-03T04:45:00
EVT-00001271,plate_R3_274,R3,out,2026-01-03T04:45:00
EVT-00001272,plate_R3_275,R3,out,2026-01-03T04:45:00
EVT-00001273,plate_R1_276,R1,out,2026-01-03T05:00:00
EVT-00001274,plate_R1_277,R1,out,2026-01-03T05:00:00
EVT-00001275,plate_R2_278,R2,out,2026-01-03T05:00:00
EVT-00001276,plate_R2_279,R2,out,2026-01-03T05:00:00
EVT-00001277,plate_R3_280,R3,out,2026-01-03T05:00:00
EVT-00001278,plate_R3_281,R3,out,2026-01-03T05:00:00
EVT-00001279,plate_R1_282,R1,out,2026-01-03T05:15:00
EVT-00001280,plate_R1_283,R1,out,2026-01-03T05:15:00
EVT-00001281,plate_R2_284,R2,out,2026-01-03T05:15:00
EVT-00001282,plate_R2_285,R2,out,2026-01-03T05:15:00
EVT-00001283,plate_R3_286,R3,out,2026-01-03T05:15:00
EVT-00001284,plate_R3_287,R3,out,2026-01-03T05:15:00
EVT-00001285,plate_R1_288,R1,out,2026-01-03T05:30:00
EVT-00001286,plate_R1_289,R1,out,2026-01-03T05:30:00
EVT-00001287,plate_R2_290,R2,out,2026-01-03T05:30:00
EVT-00001288,plate_R2_291,R2,out,2026-01-03T05:30:00
EVT-00001289,plate_R3_292,R3,out,2026-01-03T05:30:00
EVT-00001290,plate_R3_293,R3,out,2026-01-03T05:30:00
EVT-00001291,plate_R1_294,R1,out,2026-01-03T05:45:00
EVT-00001292,plate_R1_295,R1,out,2026-01-03T05:45:00
EVT-00001293,plate_R2_296,R2,out,2026-01-03T05:45:00
EVT-00001294,plate_R2_297,R2,out,2026-01-03T05:45:00
EVT-00001295,plate_R3_298,R3,out,2026-01-03T05:45:00
EVT-00001296,plate_R3_299,R3,out,2026-01-03T05:45:00
EVT-00001297,plate_R1_300,R1,out,2026-01-03T06:00:00
EVT-00001298,plate_R1_301,R1,out,2026-01-03T06:00:00
EVT-00001299,plate_R2_302,R2,out,2026-01-03T06:00:00
EVT-00001300,plate_R2_303,R2,out,2026-01-03T06:00:00
EVT-00001301,plate_R3_304,R3,out,2026-01-03T06:00:00
EVT-00001302,plate_R3_305,R3,out,2026-01-03T06:00:00
EVT-00001303,plate_R1_306,R1,out,2026-01-03T06:15:00
EVT-00001304,plate_R1_307,R1,out,2026-01-03T06:15:00
EVT-00001305,plate_R2_308,R2,out,2026-01-03T06:15:00
EVT-00001306,plate_R2_309,R2,out,2026-01-03T06:15:00
EVT-00001307,plate_R3_310,R3,out,2026-01-03T06:15:00
EVT-00001308,plate_R3_311,R3,out,2026-01-03T06:15:00
EVT-00001309,plate_R1_312,R1,out,2026-01-03T06:30:00
EVT-00001310,plate_R1_313,R1,out,2026-01-03T06:30:00
EVT-00001311,plate_R2_314,R2,out,2026-01-03T06:30:00
EVT-00001312,plate_R2_315,R2,out,2026-01-03T06:30:00
EVT-00001313,plate_R3_316,R3,out,2026-01-03T06:30:00
EVT-00001314,plate_R3_317,R3,out,2026-01-03T06:30:00
EVT-00001315,plate_R1_318,R1,out,2026-01-03T06:45:00
EVT-00001316,plate_R1_319,R1,out,2026-01-03T06:45:00
EVT-00001317,plate_R2_320,R2,out,2026-01-03T06:45:00
EVT-00001318,plate_R2_321,R2,out,2026-01-03T06:45:00
EVT-00001319,plate_R3_322,R3,out,2026-01-03T06:45:00
EVT-00001320,plate_R3_323,R3,out,2026-01-03T06:45:00
EVT-00001321,plate_R1_324,R1,out,2026-01-03T07:00:00
EVT-00001322,plate_R1_325,R1,out,2026-01-03T07:00:00
EVT-00001323,plate_R2_326,R2,out,2026-01-03T07:00:00
EVT-00001324,plate_R2_327,R2,out,2026-01-03T07:00:00
EVT-00001325,plate_R3_328,R3,out,2026-01-03T07:00:00
EVT-00001326,plate_R3_329,R3,out,2026-01-03T07:00:00
EVT-00001327,plate_R1_330,R1,out,2026-01-03T07:15:00
EVT-00001328,plate_R1_331,R1,out,2026-01-03T07:15:00
EVT-00001329,plate_R2_332,R2,out,2026-01-03T07:15:00
EVT-00001330,plate_R2_333,R2,out,2026-01-03T07:15:00
EVT-00001331,plate_R3_334,R3,out,2026-01-03T07:15:00
EVT-00001332,plate_R3_335,R3,out,2026-01-03T07:15:00
EVT-00001333,plate_R1_336,R1,out,2026-01-03T07:30:00
EVT-00001334,plate_R1_337,R1,out,2026-01-03T07:30:00
EVT-00001335,plate_R2_338,R2,out,2026-01-03T07:30:00
EVT-00001336,plate_R2_339,R2,out,2026-01-03T07:30:00
EVT-00001337,plate_R3_340,R3,out,2026-01-03T07:30:00
EVT-00001338,plate_R3_341,R3,out,2026-01-03T07:30:00
EVT-00001339,plate_R1_342,R1,out,2026-01-03T07:45:00
EVT-00001340,plate_R1_343,R1,out,2026-01-03T07:45:00
EVT-00001341,plate_R2_344,R2,out,2026-01-03T07:45:00
EVT-00001342,plate_R2_345,R2,out,2026-01-03T07:45:00
EVT-00001343,plate_R3_346,R3,out,2026-01-03T07:45:00
EVT-00001344,plate_R3_347,R3,out,2026-01-03T07:45:00
EVT-00001345,plate_R1_348,R1,out,2026-01-03T08:00:00
EVT-00001346,plate_R1_349,R1,out,2026-01-03T08:00:00
EVT-00001347,plate_R2_350,R2,out,2026-01-03T08:00:00
EVT-00001348,plate_R2_351,R2,out,2026-01-03T08:00:00
EVT-00001349,plate_R3_352,R3,out,2026-01-03T08:00:00
EVT-00001350,plate_R3_353,R3,out,2026-01-03T08:00:00
EVT-00001351,plate_R1_354,R1,out,2026-01-03T08:15:00
EVT-00001352,plate_R1_355,R1,out,2026-01-03T08:15:00
EVT-00001353,plate_R2_356,R2,out,2026-01-03T08:15:00
EVT-00001354,plate_R2_357,R2,out,2026-01-03T08:15:00
EVT-00001355,plate_R3_358,R3,out,2026-01-03T08:15:00
EVT-00001356,plate_R3_359,R3,out,2026-01-03T08:15:00
EVT-00001357,plate_R1_360,R1,out,2026-01-03T08:30:00
EVT-00001358,plate_R1_361,R1,out,2026-01-03T08:30:00
EVT-00001359,plate_R2_362,R2,out,2026-01-03T08:30:00
EVT-00001360,plate_R2_363,R2,out,2026-01-03T08:30:00
EVT-00001361,plate_R3_364,R3,out,2026-01-03T08:30:00
EVT-00001362,plate_R3_365,R3,out,2026-01-03T08:30:00
EVT-00001363,plate_R1_366,R1,out,2026-01-03T08:45:00
EVT-00001364,plate_R1_367,R1,out,2026-01-03T08:45:00
EVT-00001365,plate_R2_368,R2,out,2026-01-03T08:45:00
EVT-00001366,plate_R2_369,R2,out,2026-01-03T08:45:00
EVT-00001367,plate_R3_370,R3,out,2026-01-03T08:45:00
EVT-00001368,plate_R3_371,R3,out,2026-01-03T08:45:00
EVT-00001369,plate_R1_372,R1,out,2026-01-03T09:00:00
EVT-00001370,plate_R1_373,R1,out,2026-01-03T09:00:00
EVT-00001371,plate_R2_374,R2,out,2026-01-03T09:00:00
EVT-00001372,plate_R2_375,R2,out,2026-01-03T09:00:00
EVT-00001373,plate_R3_376,R3,out,2026-01-03T09:00:00
EVT-00001374,plate_R3_377,R3,out,2026-01-03T09:00:00
EVT-00001375,plate_R1_378,R1,out,2026-01-03T09:15:00
EVT-00001376,plate_R1_379,R1,out,2026-01-03T09:15:00
EVT-00001377,plate_R2_380,R2,out,2026-01-03T09:15:00
EVT-00001378,plate_R2_381,R2,out,2026-01-03T09:15:00
EVT-00001379,plate_R3_382,R3,out,2026-01-03T09:15:00
EVT-00001380,plate_R3_383,R3,out,2026-01-03T09:15:00
EVT-00001381,plate_R1_384,R1,out,2026-01-03T09:30:00
EVT-00001382,plate_R1_385,R1,out,2026-01-03T09:30:00
EVT-00001383,plate_R2_386,R2,out,2026-01-03T09:30:00
EVT-00001384,plate_R2_387,R2,out,2026-01-03T09:30:00
EVT-00001385,plate_R3_388,R3,out,2026-01-03T09:30:00
EVT-00001386,plate_R3_389,R3,out,2026-01-03T09:30:00
EVT-00001387,plate_R1_390,R1,out,2026-01-03T09:45:00
EVT-00001388,plate_R1_391,R1,out,2026-01-03T09:45:00
EVT-00001389,plate_R2_392,R2,out,2026-01-03T09:45:00
EVT-00001390,plate_R2_393,R2,out,2026-01-03T09:45:00
EVT-00001391,plate_R3_394,R3,out,2026-01-03T09:45:00
EVT-00001392,plate_R3_395,R3,out,2026-01-03T09:45:00
EVT-00001393,plate_R1_396,R1,out,2026-01-03T10:00:00
EVT-00001394,plate_R1_397,R1,out,2026-01-03T10:00:00
EVT-00001395,plate_R2_398,R2,out,2026-01-03T10:00:00
EVT-00001396,plate_R2_399,R2,out,2026-01-03T10:00:00
EVT-00001397,plate_R3_400,R3,out,2026-01-03T10:00:00
EVT-00001398,plate_R3_401,R3,out,2026-01-03T10:00:00
EVT-00001399,plate_R1_402,R1,out,2026-01-03T10:15:00
EVT-00001400,plate_R1_403,R1,out,2026-01-03T10:15:00
EVT-00001401,plate_R2_404,R2,out,2026-01-03T10:15:00
EVT-00001402,plate_R2_405,R2,out,2026-01-03T10:15:00
EVT-00001403,plate_R3_406,R3,out,2026-01-03T10:15:00
EVT-00001404,plate_R3_407,R3,out,2026-01-03T10:15:00
EVT-00001405,plate_R1_408,R1,out,2026-01-03T10:30:00
EVT-00001406,plate_R1_409,R1,out,2026-01-03T10:30:00
EVT-00001407,plate_R2_410,R2,out,2026-01-03T10:30:00
EVT-00001408,plate_R2_411,R2,out,2026-01-03T10:30:00
EVT-00001409,plate_R3_412,R3,out,2026-01-03T10:30:00
EVT-00001410,plate_R3_413,R3,out,2026-01-03T10:30:00
EVT-00001411,plate_R1_414,R1,out,2026-01-03T10:45:00
EVT-00001412,plate_R1_415,R1,out,2026-01-03T10:45:00
EVT-00001413,plate_R2_416,R2,out,2026-01-03T10:45:00
EVT-00001414,plate_R2_417,R2,out,2026-01-03T10:45:00
EVT-00001415,plate_R3_418,R3,out,2026-01-03T10:45:00
EVT-00001416,plate_R3_419,R3,out,2026-01-03T10:45:00
EVT-00001417,plate_R1_420,R1,out,2026-01-03T11:00:00
EVT-00001418,plate_R1_421,R1,out,2026-01-03T11:00:00
EVT-00001419,plate_R2_422,R2,out,2026-01-03T11:00:00
EVT-00001420,plate_R2_423,R2,out,2026-01-03T11:00:00
EVT-00001421,plate_R3_424,R3,out,2026-01-03T11:00:00
EVT-00001422,plate_R3_425,R3,out,2026-01-03T11:00:00
EVT-00001423,plate_R1_426,R1,out,2026-01-03T11:15:00
EVT-00001424,plate_R1_427,R1,out,2026-01-03T11:15:00
EVT-00001425,plate_R2_428,R2,out,2026-01-03T11:15:00
EVT-00001426,plate_R2_429,R2,out,2026-01-03T11:15:00
EVT-00001427,plate_R3_430,R3,out,2026-01-03T11:15:00
EVT-00001428,plate_R3_431,R3,out,2026-01-03T11:15:00
EVT-00001429,plate_R1_432,R1,out,2026-01-03T11:30:00
EVT-00001430,plate_R1_433,R1,out,2026-01-03T11:30:00
EVT-00001431,plate_R2_434,R2,out,2026-01-03T11:30:00
EVT-00001432,plate_R2_435,R2,out,2026-01-03T11:30:00
EVT-00001433,plate_R3_436,R3,out,2026-01-03T11:30:00
EVT-00001434,plate_R3_437,R3,out,2026-01-03T11:30:00
EVT-00001435,plate_R1_438,R1,out,2026-01-03T11:45:00
EVT-00001436,plate_R1_439,R1,out,2026-01-03T11:45:00
EVT-00001437,plate_R2_440,R2,out,2026-01-03T11:45:00
EVT-00001438,plate_R2_441,R2,out,2026-01-03T11:45:00
EVT-00001439,plate_R3_442,R3,out,2026-01-03T11:45:00
EVT-00001440,plate_R3_443,R3,out,2026-01-03T11:45:00
EVT-00001441,plate_R1_444,R1,out,2026-01-03T12:00:00
EVT-00001442,plate_R1_445,R1,out,2026-01-03T12:00:00
EVT-00001443,plate_R2_446,R2,out,2026-01-03T12:00:00
EVT-00001444,plate_R2_447,R2,out,2026-01-03T12:00:00
EVT-00001445,plate_R3_448,R3,out,2026-01-03T12:00:00
EVT-00001446,plate_R3_449,R3,out,2026-01-03T12:00:00
EVT-00001447,plate_R1_450,R1,out,2026-01-03T12:15:00
EVT-00001448,plate_R1_451,R1,out,2026-01-03T12:15:00
EVT-00001449,plate_R2_452,R2,out,2026-01-03T12:15:00
EVT-00001450,plate_R2_453,R2,out,2026-01-03T12:15:00
EVT-00001451,plate_R3_454,R3,out,2026-01-03T12:15:00
EVT-00001452,plate_R3_455,R3,out,2026-01-03T12:15:00
EVT-00001453,plate_R1_456,R1,out,2026-01-03T12:30:00
EVT-00001454,plate_R1_457,R1,out,2026-01-03T12:30:00
EVT-00001455,plate_R2_458,R2,out,2026-01-03T12:30:00
EVT-00001456,plate_R2_459,R2,out,2026-01-03T12:30:00
EVT-00001457,plate_R3_460,R3,out,2026-01-03T12:30:00
EVT-00001458,plate_R3_461,R3,out,2026-01-03T12:30:00
EVT-00001459,plate_R1_462,R1,out,2026-01-03T12:45:00
EVT-00001460,plate_R1_463,R1,out,2026-01-03T12:45:00
EVT-00001461,plate_R2_464,R2,out,2026-01-03T12:45:00
EVT-00001462,plate_R2_465,R2,out,2026-01-03T12:45:00
EVT-00001463,plate_R3_466,R3,out,2026-01-03T12:45:00
EVT-00001464,plate_R3_467,R3,out,2026-01-03T12:45:00
EVT-00001465,plate_R1_468,R1,out,2026-01-03T13:00:00
EVT-00001466,plate_R1_469,R1,out,2026-01-03T13:00:00
EVT-00001467,plate_R2_470,R2,out,2026-01-03T13:00:00
EVT-00001468,plate_R2_471,R2,out,2026-01-03T13:00:00
EVT-00001469,plate_R3_472,R3,out,2026-01-03T13:00:00
EVT-00001470,plate_R3_473,R3,out,2026-01-03T13:00:00
EVT-00001471,plate_R1_474,R1,out,2026-01-03T13:15:00
EVT-00001472,plate_R1_475,R1,out,2026-01-03T13:15:00
EVT-00001473,plate_R2_476,R2,out,2026-01-03T13:15:00
EVT-00001474,plate_R2_477,R2,out,2026-01-03T13:15:00
EVT-00001475,plate_R3_478,R3,out,2026-01-03T13:15:00
EVT-00001476,plate_R3_479,R3,out,2026-01-03T13:15:00
EVT-00001477,plate_R1_480,R1,out,2026-01-03T13:30:00
EVT-00001478,plate_R1_481,R1,out,2026-01-03T13:30:00
EVT-00001479,plate_R2_482,R2,out,2026-01-03T13:30:00
EVT-00001480,plate_R2_483,R2,out,2026-01-03T13:30:00
EVT-00001481,plate_R3_484,R3,out,2026-01-03T13:30:00
EVT-00001482,plate_R3_485,R3,out,2026-01-03T13:30:00
EVT-00001483,plate_R1_486,R1,out,2026-01-03T13:45:00
EVT-00001484,plate_R1_487,R1,out,2026-01-03T13:45:00
EVT-00001485,plate_R2_488,R2,out,2026-01-03T13:45:00
EVT-00001486,plate_R2_489,R2,out,2026-01-03T13:45:00
EVT-00001487,plate_R3_490,R3,out,2026-01-03T13:45:00
EVT-00001488,plate_R3_491,R3,out,2026-01-03T13:45:00
EVT-00001489,plate_R1_492,R1,out,2026-01-03T14:00:00
EVT-00001490,plate_R1_493,R1,out,2026-01-03T14:00:00
EVT-00001491,plate_R2_494,R2,out,2026-01-03T14:00:00
EVT-00001492,plate_R2_495,R2,out,2026-01-03T14:00:00
EVT-00001493,plate_R3_496,R3,out,2026-01-03T14:00:00
EVT-00001494,plate_R3_497,R3,out,2026-01-03T14:00:00
EVT-00001495,plate_R1_498,R1,out,2026-01-03T14:15:00
EVT-00001496,plate_R1_499,R1,out,2026-01-03T14:15:00
EVT-00001497,plate_R2_500,R2,out,2026-01-03T14:15:00
EVT-00001498,plate_R2_501,R2,out,2026-01-03T14:15:00
EVT-00001499,plate_R3_502,R3,out,2026-01-03T14:15:00
EVT-00001500,plate_R3_503,R3,out,2026-01-03T14:15:00
EVT-00001501,plate_R1_504,R1,out,2026-01-03T14:30:00
EVT-00001502,plate_R1_505,R1,out,2026-01-03T14:30:00
EVT-00001503,plate_R2_506,R2,out,2026-01-03T14:30:00
EVT-00001504,plate_R2_507,R2,out,2026-01-03T14:30:00
EVT-00001505,plate_R3_508,R3,out,2026-01-03T14:30:00
EVT-00001506,plate_R3_509,R3,out,2026-01-03T14:30:00
EVT-00001507,plate_R1_510,R1,out,2026-01-03T14:45:00
EVT-00001508,plate_R1_511,R1,out,2026-01-03T14:45:00
EVT-00001509,plate_R2_512,R2,out,2026-01-03T14:45:00
EVT-00001510,plate_R2_513,R2,out,2026-01-03T14:45:00
EVT-00001511,plate_R3_514,R3,out,2026-01-03T14:45:00
EVT-00001512,plate_R3_515,R3,out,2026-01-03T14:45:00
EVT-00001513,plate_R1_516,R1,out,2026-01-03T15:00:00
EVT-00001514,plate_R1_517,R1,out,2026-01-03T15:00:00
EVT-00001515,plate_R2_518,R2,out,2026-01-03T15:00:00
EVT-00001516,plate_R2_519,R2,out,2026-01-03T15:00:00
EVT-00001517,plate_R3_520,R3,out,2026-01-03T15:00:00
EVT-00001518,plate_R3_521,R3,out,2026-01-03T15:00:00
EVT-00001519,plate_R1_522,R1,out,2026-01-03T15:15:00
EVT-00001520,plate_R1_523,R1,out,2026-01-03T15:15:00
EVT-00001521,plate_R2_524,R2,out,2026-01-03T15:15:00
EVT-00001522,plate_R2_525,R2,out,2026-01-03T15:15:00
EVT-00001523,plate_R3_526,R3,out,2026-01-03T15:15:00
EVT-00001524,plate_R3_527,R3,out,2026-01-03T15:15:00
EVT-00001525,plate_R1_528,R1,out,2026-01-03T15:30:00
EVT-00001526,plate_R1_529,R1,out,2026-01-03T15:30:00
EVT-00001527,plate_R2_530,R2,out,2026-01-03T15:30:00
EVT-00001528,plate_R2_531,R2,out,2026-01-03T15:30:00
EVT-00001529,plate_R3_532,R3,out,2026-01-03T15:30:00
EVT-00001530,plate_R3_533,R3,out,2026-01-03T15:30:00
EVT-00001531,plate_R1_534,R1,out,2026-01-03T15:45:00
EVT-00001532,plate_R1_535,R1,out,2026-01-03T15:45:00
EVT-00001533,plate_R2_536,R2,out,2026-01-03T15:45:00
EVT-00001534,plate_R2_537,R2,out,2026-01-03T15:45:00
EVT-00001535,plate_R3_538,R3,out,2026-01-03T15:45:00
EVT-00001536,plate_R3_539,R3,out,2026-01-03T15:45:00
EVT-00001537,plate_R1_540,R1,out,2026-01-03T16:00:00
EVT-00001538,plate_R1_541,R1,out,2026-01-03T16:00:00
EVT-00001539,plate_R2_542,R2,out,2026-01-03T16:00:00
EVT-00001540,plate_R2_543,R2,out,2026-01-03T16:00:00
EVT-00001541,plate_R3_544,R3,out,2026-01-03T16:00:00
EVT-00001542,plate_R3_545,R3,out,2026-01-03T16:00:00
EVT-00001543,plate_R1_546,R1,out,2026-01-03T16:15:00
EVT-00001544,plate_R1_547,R1,out,2026-01-03T16:15:00
EVT-00001545,plate_R2_548,R2,out,2026-01-03T16:15:00
EVT-00001546,plate_R2_549,R2,out,2026-01-03T16:15:00
EVT-00001547,plate_R3_550,R3,out,2026-01-03T16:15:00
EVT-00001548,plate_R3_551,R3,out,2026-01-03T16:15:00
EVT-00001549,plate_R1_552,R1,out,2026-01-03T16:30:00
EVT-00001550,plate_R1_553,R1,out,2026-01-03T16:30:00
EVT-00001551,plate_R2_554,R2,out,2026-01-03T16:30:00
EVT-00001552,plate_R2_555,R2,out,2026-01-03T16:30:00
EVT-00001553,plate_R3_556,R3,out,2026-01-03T16:30:00
EVT-00001554,plate_R3_557,R3,out,2026-01-03T16:30:00
EVT-00001555,plate_R1_558,R1,out,2026-01-03T16:45:00
EVT-00001556,plate_R1_559,R1,out,2026-01-03T16:45:00
EVT-00001557,plate_R2_560,R2,out,2026-01-03T16:45:00
EVT-00001558,plate_R2_561,R2,out,2026-01-03T16:45:00
EVT-00001559,plate_R3_562,R3,out,2026-01-03T16:45:00
EVT-00001560,plate_R3_563,R3,out,2026-01-03T16:45:00
EVT-00001561,plate_R1_564,R1,out,2026-01-03T17:00:00
EVT-00001562,plate_R1_565,R1,out,2026-01-03T17:00:00
EVT-00001563,plate_R2_566,R2,out,2026-01-03T17:00:00
EVT-00001564,plate_R2_567,R2,out,2026-01-03T17:00:00
EVT-00001565,plate_R3_568,R3,out,2026-01-03T17:00:00
EVT-00001566,plate_R3_569,R3,out,2026-01-03T17:00:00
EVT-00001567,plate_R1_570,R1,out,2026-01-03T17:15:00
EVT-00001568,plate_R1_571,R1,out,2026-01-03T17:15:00
EVT-00001569,plate_R2_572,R2,out,2026-01-03T17:15:00
EVT-00001570,plate_R2_573,R2,out,2026-01-03T17:15:00
EVT-00001571,plate_R3_574,R3,out,2026-01-03T17:15:00
EVT-00001572,plate_R3_575,R3,out,2026-01-03T17:15:00
EVT-00001573,plate_R1_576,R1,out,2026-01-03T17:30:00
EVT-00001574,plate_R1_577,R1,out,2026-01-03T17:30:00
EVT-00001575,plate_R2_578,R2,out,2026-01-03T17:30:00
EVT-00001576,plate_R2_579,R2,out,2026-01-03T17:30:00
EVT-00001577,plate_R3_580,R3,out,2026-01-03T17:30:00
EVT-00001578,plate_R3_581,R3,out,2026-01-03T17:30:00
EVT-00001579,plate_R1_582,R1,out,2026-01-03T17:45:00
EVT-00001580,plate_R1_583,R1,out,2026-01-03T17:45:00
EVT-00001581,plate_R2_584,R2,out,2026-01-03T17:45:00
EVT-00001582,plate_R2_585,R2,out,2026-01-03T17:45:00
EVT-00001583,plate_R3_586,R3,out,2026-01-03T17:45:00
EVT-00001584,plate_R3_587,R3,out,2026-01-03T17:45:00
EVT-00001585,plate_R1_588,R1,out,2026-01-03T18:00:00
EVT-00001586,plate_R1_589,R1,out,2026-01-03T18:00:00
EVT-00001587,plate_R2_590,R2,out,2026-01-03T18:00:00
EVT-00001588,plate_R2_591,R2,out,2026-01-03T18:00:00
EVT-00001589,plate_R3_592,R3,out,2026-01-03T18:00:00
EVT-00001590,plate_R3_593,R3,out,2026-01-03T18:00:00
EVT-00001591,plate_R1_594,R1,out,2026-01-03T18:15:00
EVT-00001592,plate_R1_595,R1,out,2026-01-03T18:15:00
EVT-00001593,plate_R2_596,R2,out,2026-01-03T18:15:00
EVT-00001594,plate_R2_597,R2,out,2026-01-03T18:15:00
EVT-00001595,plate_R3_598,R3,out,2026-01-03T18:15:00
EVT-00001596,plate_R3_599,R3,out,2026-01-03T18:15:00
EVT-00001597,plate_R1_600,R1,out,2026-01-03T18:30:00
EVT-00001598,plate_R1_601,R1,out,2026-01-03T18:30:00
EVT-00001599,plate_R2_602,R2,out,2026-01-03T18:30:00
EVT-00001600,plate_R2_603,R2,out,2026-01-03T18:30:00
EVT-00001601,plate_R3_604,R3,out,2026-01-03T18:30:00
EVT-00001602,plate_R3_605,R3,out,2026-01-03T18:30:00
EVT-00001603,plate_R1_606,R1,out,2026-01-03T18:45:00
EVT-00001604,plate_R1_607,R1,out,2026-01-03T18:45:00
EVT-00001605,plate_R2_608,R2,out,2026-01-03T18:45:00
EVT-00001606,plate_R2_609,R2,out,2026-01-03T18:45:00
EVT-00001607,plate_R3_610,R3,out,2026-01-03T18:45:00
EVT-00001608,plate_R3_611,R3,out,2026-01-03T18:45:00
EVT-00001609,plate_R1_612,R1,out,2026-01-03T19:00:00
EVT-00001610,plate_R1_613,R1,out,2026-01-03T19:00:00
EVT-00001611,plate_R2_614,R2,out,2026-01-03T19:00:00
EVT-00001612,plate_R2_615,R2,out,2026-01-03T19:00:00
EVT-00001613,plate_R3_616,R3,out,2026-01-03T19:00:00
EVT-00001614,plate_R3_617,R3,out,2026-01-03T19:00:00
EVT-00001615,plate_R1_618,R1,out,2026-01-03T19:15:00
EVT-00001616,plate_R1_619,R1,out,2026-01-03T19:15:00
EVT-00001617,plate_R2_620,R2,out,2026-01-03T19:15:00
EVT-00001618,plate_R2_621,R2,out,2026-01-03T19:15:00
EVT-00001619,plate_R3_622,R3,out,2026-01-03T19:15:00
EVT-00001620,plate_R3_623,R3,out,2026-01-03T19:15:00
EVT-00001621,plate_R1_624,R1,out,2026-01-03T19:30:00
EVT-00001622,plate_R1_625,R1,out,2026-01-03T19:30:00
EVT-00001623,plate_R2_626,R2,out,2026-01-03T19:30:00
EVT-00001624,plate_R2_627,R2,out,2026-01-03T19:30:00
EVT-00001625,plate_R3_628,R3,out,2026-01-03T19:30:00
EVT-00001626,plate_R3_629,R3,out,2026-01-03T19:30:00
EVT-00001627,plate_R1_630,R1,out,2026-01-03T19:45:00
EVT-00001628,plate_R1_631,R1,out,2026-01-03T19:45:00
EVT-00001629,plate_R2_632,R2,out,2026-01-03T19:45:00
EVT-00001630,plate_R2_633,R2,out,2026-01-03T19:45:00
EVT-00001631,plate_R3_634,R3,out,2026-01-03T19:45:00
EVT-00001632,plate_R3_635,R3,out,2026-01-03T19:45:00
EVT-00001633,plate_R1_636,R1,out,2026-01-03T20:00:00
EVT-00001634,plate_R1_637,R1,out,2026-01-03T20:00:00
EVT-00001635,plate_R2_638,R2,out,2026-01-03T20:00:00
EVT-00001636,plate_R2_639,R2,out,2026-01-03T20:00:00
EVT-00001637,plate_R3_640,R3,out,2026-01-03T20:00:00
EVT-00001638,plate_R3_641,R3,out,2026-01-03T20:00:00
EVT-00001639,plate_R1_642,R1,out,2026-01-03T20:15:00
EVT-00001640,plate_R1_643,R1,out,2026-01-03T20:15:00
EVT-00001641,plate_R2_644,R2,out,2026-01-03T20:15:00
EVT-00001642,plate_R2_645,R2,out,2026-01-03T20:15:00
EVT-00001643,plate_R3_646,R3,out,2026-01-03T20:15:00
EVT-00001644,plate_R3_647,R3,out,2026-01-03T20:15:00
EVT-00001645,plate_R1_648,R1,out,2026-01-03T20:30:00
EVT-00001646,plate_R1_649,R1,out,2026-01-03T20:30:00
EVT-00001647,plate_R2_650,R2,out,2026-01-03T20:30:00
EVT-00001648,plate_R2_651,R2,out,2026-01-03T20:30:00
EVT-00001649,plate_R3_652,R3,out,2026-01-03T20:30:00
EVT-00001650,plate_R3_653,R3,out,2026-01-03T20:30:00
EVT-00001651,plate_R1_654,R1,out,2026-01-03T20:45:00
EVT-00001652,plate_R1_655,R1,out,2026-01-03T20:45:00
EVT-00001653,plate_R2_656,R2,out,2026-01-03T20:45:00
EVT-00001654,plate_R2_657,R2,out,2026-01-03T20:45:00
EVT-00001655,plate_R3_658,R3,out,2026-01-03T20:45:00
EVT-00001656,plate_R3_659,R3,out,2026-01-03T20:45:00
EVT-00001657,plate_R1_660,R1,out,2026-01-03T21:00:00
EVT-00001658,plate_R1_661,R1,out,2026-01-03T21:00:00
EVT-00001659,plate_R2_662,R2,out,2026-01-03T21:00:00
EVT-00001660,plate_R2_663,R2,out,2026-01-03T21:00:00
EVT-00001661,plate_R3_664,R3,out,2026-01-03T21:00:00
EVT-00001662,plate_R3_665,R3,out,2026-01-03T21:00:00
EVT-00001663,plate_R1_666,R1,out,2026-01-03T21:15:00
EVT-00001664,plate_R1_667,R1,out,2026-01-03T21:15:00
EVT-00001665,plate_R2_668,R2,out,2026-01-03T21:15:00
EVT-00001666,plate_R2_669,R2,out,2026-01-03T21:15:00
EVT-00001667,plate_R3_670,R3,out,2026-01-03T21:15:00
EVT-00001668,plate_R3_671,R3,out,2026-01-03T21:15:00
EVT-00001669,plate_R1_672,R1,out,2026-01-03T21:30:00
EVT-00001670,plate_R1_673,R1,out,2026-01-03T21:30:00
EVT-00001671,plate_R2_674,R2,out,2026-01-03T21:30:00
EVT-00001672,plate_R2_675,R2,out,2026-01-03T21:30:00
EVT-00001673,plate_R3_676,R3,out,2026-01-03T21:30:00
EVT-00001674,plate_R3_677,R3,out,2026-01-03T21:30:00
EVT-00001675,plate_R1_678,R1,out,2026-01-03T21:45:00
EVT-00001676,plate_R1_679,R1,out,2026-01-03T21:45:00
EVT-00001677,plate_R2_680,R2,out,2026-01-03T21:45:00
EVT-00001678,plate_R2_681,R2,out,2026-01-03T21:45:00
EVT-00001679,plate_R3_682,R3,out,2026-01-03T21:45:00
EVT-00001680,plate_R3_683,R3,out,2026-01-03T21:45:00
EVT-00001681,plate_R1_684,R1,out,2026-01-03T22:00:00
EVT-00001682,plate_R1_685,R1,out,2026-01-03T22:00:00
EVT-00001683,plate_R2_686,R2,out,2026-01-03T22:00:00
EVT-00001684,plate_R2_687,R2,out,2026-01-03T22:00:00
EVT-00001685,plate_R3_688,R3,out,2026-01-03T22:00:00
EVT-00001686,plate_R3_689,R3,out,2026-01-03T22:00:00
EVT-00001687,plate_R1_690,R1,out,2026-01-03T22:15:00
EVT-00001688,plate_R1_691,R1,out,2026-01-03T22:15:00
EVT-00001689,plate_R2_692,R2,out,2026-01-03T22:15:00
EVT-00001690,plate_R2_693,R2,out,2026-01-03T22:15:00
EVT-00001691,plate_R3_694,R3,out,2026-01-03T22:15:00
EVT-00001692,plate_R3_695,R3,out,2026-01-03T22:15:00
EVT-00001693,plate_R1_696,R1,out,2026-01-03T22:30:00
EVT-00001694,plate_R1_697,R1,out,2026-01-03T22:30:00
EVT-00001695,plate_R2_698,R2,out,2026-01-03T22:30:00
EVT-00001696,plate_R2_699,R2,out,2026-01-03T22:30:00
EVT-00001697,plate_R3_700,R3,out,2026-01-03T22:30:00
EVT-00001698,plate_R3_701,R3,out,2026-01-03T22:30:00
EVT-00001699,plate_R1_702,R1,out,2026-01-03T22:45:00
EVT-00001700,plate_R1_703,R1,out,2026-01-03T22:45:00
EVT-00001701,plate_R2_704,R2,out,2026-01-03T22:45:00
EVT-00001702,plate_R2_705,R2,out,2026-01-03T22:45:00
EVT-00001703,plate_R3_706,R3,out,2026-01-03T22:45:00
EVT-00001704,plate_R3_707,R3,out,2026-01-03T22:45:00
EVT-00001705,plate_R1_708,R1,out,2026-01-03T23:00:00
EVT-00001706,plate_R1_709,R1,out,2026-01-03T23:00:00
EVT-00001707,plate_R2_710,R2,out,2026-01-03T23:00:00
EVT-00001708,plate_R2_711,R2,out,2026-01-03T23:00:00
EVT-00001709,plate_R3_712,R3,out,2026-01-03T23:00:00
EVT-00001710,plate_R3_713,R3,out,2026-01-03T23:00:00
EVT-00001711,plate_R1_714,R1,out,2026-01-03T23:15:00
EVT-00001712,plate_R1_715,R1,out,2026-01-03T23:15:00
EVT-00001713,plate_R2_716,R2,out,2026-01-03T23:15:00
EVT-00001714,plate_R2_717,R2,out,2026-01-03T23:15:00
EVT-00001715,plate_R3_718,R3,out,2026-01-03T23:15:00
EVT-00001716,plate_R3_719,R3,out,2026-01-03T23:15:00
EVT-00001717,plate_R1_720,R1,out,2026-01-03T23:30:00
EVT-00001718,plate_R1_721,R1,out,2026-01-03T23:30:00
EVT-00001719,plate_R2_722,R2,out,2026-01-03T23:30:00
EVT-00001720,plate_R2_723,R2,out,2026-01-03T23:30:00
EVT-00001721,plate_R3_724,R3,out,2026-01-03T23:30:00
EVT-00001722,plate_R3_725,R3,out,2026-01-03T23:30:00
EVT-00001723,plate_R1_726,R1,out,2026-01-03T23:45:00
EVT-00001724,plate_R1_727,R1,out,2026-01-03T23:45:00
EVT-00001725,plate_R2_728,R2,out,2026-01-03T23:45:00
EVT-00001726,plate_R2_729,R2,out,2026-01-03T23:45:00
EVT-00001727,plate_R3_730,R3,out,2026-01-03T23:45:00
EVT-00001728,plate_R3_731,R3,out,2026-01-03T23:45:00
